$ lake env lean -o .lake/build/lib/lean/IndependentGate.olean IndependentGate.lean
Full.Demand.accepts_certificates {p : Full.Program} {name : String} (h : Full.Demand.accepts p name = true) :
  Full.Demand.CertifiedTable p
'Full.Demand.accepts_certificates' depends on axioms: [propext, Quot.sound]
Full.Demand.affine_list_bound {name : String} {body : Full.Expr}
  (h : Full.Demand.affine name Trial.Kind.list body = Except.ok ()) :
  Full.Demand.occurrences body [(name, some 0)] 0 ≤ 1
'Full.Demand.affine_list_bound' depends on axioms: [propext, Quot.sound]
Full.Demand.spend_length (xs ys : List Nat) (h : Full.Demand.spend xs = Except.ok ys) : ys.length = xs.length
'Full.Demand.spend_length' depends on axioms: [propext, Quot.sound]
Full.Demand.fold_length.{u_1} {α : Type u_1} {a b : List Nat} (xs : List α)
  (f : List Nat → α → Except String (List Nat))
  (step : ∀ (x : α), x ∈ xs → ∀ (a b : List Nat), f a x = Except.ok b → b.length = a.length)
  (h : List.foldlM f a xs = Except.ok b) : b.length = a.length
'Full.Demand.fold_length' depends on axioms: [propext, Quot.sound]
Full.Demand.expression_length (e : Full.Expr) (fs : List Full.Function) (env : List (String × Full.Kind))
  (a b : List Nat) (h : Full.Demand.expression fs env a e = Except.ok b) : b.length = a.length
'Full.Demand.expression_length' depends on axioms: [propext, Quot.sound]
Full.Demand.Lower.refl (xs : List Nat) : Full.Demand.Lower xs xs
'Full.Demand.Lower.refl' does not depend on any axioms
Full.Demand.Lower.trans {a b c : List Nat} (ha : Full.Demand.Lower a b) (hb : Full.Demand.Lower b c) :
  Full.Demand.Lower a c
'Full.Demand.Lower.trans' does not depend on any axioms
Full.Demand.Lower.length {a b : List Nat} (h : Full.Demand.Lower a b) : a.length = b.length
'Full.Demand.Lower.length' depends on axioms: [propext]
Full.Demand.Lower.tail {a b : List Nat} (h : Full.Demand.Lower a b) : Full.Demand.Lower a.tail b.tail
'Full.Demand.Lower.tail' does not depend on any axioms
Full.Demand.join_lower (a b : List Nat) (hl : a.length = b.length) :
  Full.Demand.Lower (List.zipWith min a b) a ∧ Full.Demand.Lower (List.zipWith min a b) b
'Full.Demand.join_lower' depends on axioms: [propext, Classical.choice, Quot.sound]
Full.Demand.spend_lower {a b : List Nat} (h : Full.Demand.spend a = Except.ok b) : Full.Demand.Lower b a
'Full.Demand.spend_lower' depends on axioms: [propext, Quot.sound]
Full.Demand.spend_monotone {a b a' : List Nat} (hl : Full.Demand.Lower a b) (ha : Full.Demand.spend a = Except.ok a') :
  ∃ b', Full.Demand.spend b = Except.ok b' ∧ Full.Demand.Lower a' b'
'Full.Demand.spend_monotone' depends on axioms: [propext, Classical.choice, Quot.sound]
Full.Demand.Events.Extension.trace {es : List Full.Counted.Event} {ids : List Nat} {next : Nat}
  {es' : List Full.Counted.Event} {ids' : List Nat} {next' : Nat} (hs : Full.Demand.Events.Trace es ids next)
  (h : Full.Demand.Events.Extension es ids next es' ids' next') : Full.Demand.Events.Trace es' ids' next'
'Full.Demand.Events.Extension.trace' does not depend on any axioms
Full.Demand.Events.begin_invariant {p : Full.Program} {initial : Trial.Start} {s : Full.Counted.State}
  (hb : Full.Counted.begin p initial = Except.ok s) : Full.Demand.Events.Invariant s
'Full.Demand.Events.begin_invariant' depends on axioms: [propext, Quot.sound]
Full.Demand.Events.transition_extension {p : Full.Program} {s : Full.Counted.State} {c : Full.Counted.Change}
  (ht : Full.Counted.transition p s = Except.ok c) :
  Full.Demand.Events.Extension s.events (List.map Full.Counted.Frame.id s.frames) s.nextInvocation c.state.events
    (List.map Full.Counted.Frame.id c.state.frames) c.state.nextInvocation
'Full.Demand.Events.transition_extension' depends on axioms: [propext, Quot.sound]
Full.Demand.Events.transition_invariant {s : Full.Counted.State} {p : Full.Program} {c : Full.Counted.Change}
  (hs : Full.Demand.Events.Invariant s) (ht : Full.Counted.transition p s = Except.ok c) :
  Full.Demand.Events.Invariant c.state
'Full.Demand.Events.transition_invariant' depends on axioms: [propext, Quot.sound]
Full.Demand.Events.step_invariant {s : Full.Counted.State} {p : Full.Program} {t : Full.Counted.State}
  (hs : Full.Demand.Events.Invariant s) (ht : Full.Counted.step p s = Except.ok t) : Full.Demand.Events.Invariant t
'Full.Demand.Events.step_invariant' depends on axioms: [propext, Quot.sound]
Full.Demand.Events.advance_invariant {s : Full.Counted.State} {p : Full.Program} {n : Nat} {t : Full.Counted.State}
  (hs : Full.Demand.Events.Invariant s) (ht : Full.Counted.advance p n s = Except.ok t) : Full.Demand.Events.Invariant t
'Full.Demand.Events.advance_invariant' depends on axioms: [propext, Quot.sound]
Full.Demand.Events.reachable_invariant {p : Full.Program} {initial : Trial.Start} {s : Full.Counted.State}
  (hr : Full.Statements.Reachable p initial s) : Full.Demand.Events.Invariant s
'Full.Demand.Events.reachable_invariant' depends on axioms: [propext, Quot.sound]
Full.Demand.Events.frame_bound {es : List Full.Counted.Event} {ids : List Nat} {next : Nat}
  (h : Full.Demand.Events.Trace es ids next) (id : Nat) : id ∈ ids → id < next
'Full.Demand.Events.frame_bound' depends on axioms: [propext, Quot.sound]
Full.Demand.Events.next_positive {es : List Full.Counted.Event} {ids : List Nat} {next : Nat}
  (h : Full.Demand.Events.Trace es ids next) : 0 < next
'Full.Demand.Events.next_positive' depends on axioms: [propext, Quot.sound]
Full.Demand.Events.frames_ordered {es : List Full.Counted.Event} {ids : List Nat} {next : Nat}
  (h : Full.Demand.Events.Trace es ids next) : List.Pairwise (fun a b => b < a) ids
'Full.Demand.Events.frames_ordered' depends on axioms: [propext, Quot.sound]
Full.Demand.Events.head_ge {es : List Full.Counted.Event} {ids : List Nat} {next id top : Nat}
  (h : Full.Demand.Events.Trace es (top :: ids) next) (hm : id ∈ top :: ids) : id ≤ top
'Full.Demand.Events.head_ge' depends on axioms: [propext, Quot.sound]
Full.Demand.Events.frames_nodup {es : List Full.Counted.Event} {ids : List Nat} {next : Nat}
  (h : Full.Demand.Events.Trace es ids next) : ids.Nodup
'Full.Demand.Events.frames_nodup' depends on axioms: [propext, Quot.sound]
Full.Demand.Events.creates_eq (id : Nat) (es : List Full.Counted.Event) :
  Full.Statements.creates id es = (Full.Demand.Events.tally id es).snd
'Full.Demand.Events.creates_eq' depends on axioms: [propext]
Full.Demand.Events.tally_active {es : List Full.Counted.Event} {ids : List Nat} {next id : Nat}
  (h : Full.Demand.Events.Trace es ids next) : (Full.Demand.Events.tally id es).fst = ids.contains id
'Full.Demand.Events.tally_active' depends on axioms: [propext, Classical.choice, Quot.sound]
Full.Demand.Events.future_zero {es : List Full.Counted.Event} {ids : List Nat} {next id : Nat}
  (h : Full.Demand.Events.Trace es ids next) (hf : next ≤ id) : Full.Demand.Events.tally id es = (false, 0)
'Full.Demand.Events.future_zero' depends on axioms: [propext, Quot.sound]
Full.Demand.Events.Extension.closed {es : List Full.Counted.Event} {ids : List Nat} {next : Nat}
  {es' : List Full.Counted.Event} {ids' : List Nat} {next' id : Nat} (hs : Full.Demand.Events.Trace es ids next)
  (h : Full.Demand.Events.Extension es ids next es' ids' next') (hf : id < next) (hn : ¬id ∈ ids) :
  id < next' ∧ ¬id ∈ ids' ∧ Full.Demand.Events.tally id es' = Full.Demand.Events.tally id es
'Full.Demand.Events.Extension.closed' depends on axioms: [propext, Classical.choice, Quot.sound]
Full.Demand.Events.step_closed {s : Full.Counted.State} {p : Full.Program} {t : Full.Counted.State} {id : Nat}
  (hs : Full.Demand.Events.Invariant s) (hf : id < s.nextInvocation)
  (hn : ¬id ∈ List.map Full.Counted.Frame.id s.frames) (ht : Full.Counted.step p s = Except.ok t) :
  id < t.nextInvocation ∧
    ¬id ∈ List.map Full.Counted.Frame.id t.frames ∧
      Full.Demand.Events.tally id t.events = Full.Demand.Events.tally id s.events
'Full.Demand.Events.step_closed' depends on axioms: [propext, Classical.choice, Quot.sound]
Full.Demand.Events.advance_closed {s : Full.Counted.State} {p : Full.Program} {n : Nat} {t : Full.Counted.State}
  {id : Nat} (hs : Full.Demand.Events.Invariant s) (hf : id < s.nextInvocation)
  (hn : ¬id ∈ List.map Full.Counted.Frame.id s.frames) (ht : Full.Counted.advance p n s = Except.ok t) :
  id < t.nextInvocation ∧
    ¬id ∈ List.map Full.Counted.Frame.id t.frames ∧
      Full.Demand.Events.tally id t.events = Full.Demand.Events.tally id s.events
'Full.Demand.Events.advance_closed' depends on axioms: [propext, Classical.choice, Quot.sound]
Full.Demand.Events.transition_history {p : Full.Program} {s : Full.Counted.State} {c : Full.Counted.Change}
  (ht : Full.Counted.transition p s = Except.ok c) : c.state.history = s.history
'Full.Demand.Events.transition_history' depends on axioms: [propext, Quot.sound]
Full.Demand.Events.begin_history {p : Full.Program} {initial : Trial.Start} {s : Full.Counted.State}
  (hb : Full.Counted.begin p initial = Except.ok s) : s.history = []
'Full.Demand.Events.begin_history' depends on axioms: [propext, Quot.sound]
Full.Demand.Events.last_enter {p : Full.Program} {initial : Trial.Start} {s : Full.Counted.State}
  (hr : Full.Statements.Reachable p initial s)
  (hl : Option.map Full.Counted.Action.name s.history.getLast? = some "Enter") :
  ∃ before c,
    Full.Statements.Reachable p initial before ∧
      Full.Counted.transition p before = Except.ok c ∧ c.action.name = "Enter" ∧ s = Full.Counted.commit c
'Full.Demand.Events.last_enter' depends on axioms: [propext, Classical.choice, Quot.sound]
Full.Demand.Events.transition_enter_zero {s : Full.Counted.State} {p : Full.Program} {c : Full.Counted.Change}
  {f : Full.Counted.Frame} (hs : Full.Demand.Events.Invariant s) (ht : Full.Counted.transition p s = Except.ok c)
  (ha : c.action.name = "Enter") (hf : c.state.frames.head? = some f) :
  Full.Demand.Events.tally f.id c.state.events = (true, 0)
'Full.Demand.Events.transition_enter_zero' depends on axioms: [propext, Classical.choice, Quot.sound]
Full.Demand.Events.entry_zero {p : Full.Program} {initial : Trial.Start} {s : Full.Counted.State}
  {f : Full.Counted.Frame} (hr : Full.Statements.Reachable p initial s)
  (hl : Option.map Full.Counted.Action.name s.history.getLast? = some "Enter") (hf : s.frames.head? = some f) :
  Full.Demand.Events.tally f.id s.events = (true, 0)
'Full.Demand.Events.entry_zero' depends on axioms: [propext, Classical.choice, Quot.sound]
Full.Demand.Scopes.dead_prefix {ts : List Full.Counted.Task} {fs : List Nat} (bs : List Full.Counted.Binding)
  (env : Full.Counted.Env) (future : List Full.Counted.Task) (hs : Full.Demand.Scopes.Work ts fs) :
  Full.Demand.Scopes.Work (Full.Counted.dead bs env future ++ ts) fs
'Full.Demand.Scopes.dead_prefix' depends on axioms: [propext, Quot.sound]
Full.Demand.Scopes.reserved_prefix {ts : List Full.Counted.Task} {fs : List Nat} (rs : List Full.Counted.Reservation)
  (hs : Full.Demand.Scopes.Work ts fs) :
  Full.Demand.Scopes.Work (List.map (fun r => Full.Counted.Task.freeReserved r.addr) rs ++ ts) fs
'Full.Demand.Scopes.reserved_prefix' depends on axioms: [propext]
Full.Demand.Scopes.arguments {ts : List Full.Counted.Task} {fs : List Nat} (args : List (Full.Expr × Nat))
  (ctx : Full.Counted.Context) (hc : ctx.invocation = fs.headD 0) (hs : Full.Demand.Scopes.Work ts fs) :
  Full.Demand.Scopes.Work
    (List.flatMap
        (fun x =>
          match x with
          | (a, i) => [Full.Counted.Task.eval a (Full.Counted.child ctx i), Full.Counted.Task.capture])
        args ++
      ts)
    fs
'Full.Demand.Scopes.arguments' depends on axioms: [propext]
Full.Demand.Scopes.begin_work {p : Full.Program} {initial : Trial.Start} {first : Full.Counted.State}
  (hb : Full.Counted.begin p initial = Except.ok first) :
  Full.Demand.Scopes.Work first.tasks (List.map Full.Counted.Frame.id first.frames)
'Full.Demand.Scopes.begin_work' depends on axioms: [propext, Quot.sound]
Full.Demand.Scopes.transition_work {p : Full.Program} {s : Full.Counted.State} {c : Full.Counted.Change}
  (hs : Full.Demand.Scopes.Work s.tasks (List.map Full.Counted.Frame.id s.frames))
  (ht : Full.Counted.transition p s = Except.ok c) :
  Full.Demand.Scopes.Work c.state.tasks (List.map Full.Counted.Frame.id c.state.frames)
'Full.Demand.Scopes.transition_work' depends on axioms: [propext, Quot.sound]
Full.Demand.Scopes.advance_work {p : Full.Program} {n : Nat} {s t : Full.Counted.State}
  (hs : Full.Demand.Scopes.Work s.tasks (List.map Full.Counted.Frame.id s.frames))
  (ht : Full.Counted.advance p n s = Except.ok t) :
  Full.Demand.Scopes.Work t.tasks (List.map Full.Counted.Frame.id t.frames)
'Full.Demand.Scopes.advance_work' depends on axioms: [propext, Quot.sound]
Full.Demand.Scopes.reachable_work {p : Full.Program} {initial : Trial.Start} {s : Full.Counted.State}
  (hr : Full.Statements.Reachable p initial s) :
  Full.Demand.Scopes.Work s.tasks (List.map Full.Counted.Frame.id s.frames)
'Full.Demand.Scopes.reachable_work' depends on axioms: [propext, Quot.sound]
Full.Demand.Scopes.headD_bound {next : Nat} (ids : List Nat) (hn : 0 < next) (hb : ∀ (id : Nat), id ∈ ids → id < next) :
  ids.headD 0 < next
'Full.Demand.Scopes.headD_bound' depends on axioms: [propext]
Full.Demand.Scopes.task_bound {fs : List Nat} {t : Full.Counted.Task} {next : Nat} (h : Full.Demand.Scopes.task fs t)
  (hn : 0 < next) (hb : ∀ (id : Nat), id ∈ fs → id < next) (ctx : Full.Counted.Context) :
  ctx ∈ Full.Demand.Scopes.contexts t → ctx.invocation < next
'Full.Demand.Scopes.task_bound' depends on axioms: [propext, Quot.sound]
Full.Demand.Scopes.Work.contexts_bound {ts : List Full.Counted.Task} {fs : List Nat} {next : Nat}
  (hs : Full.Demand.Scopes.Work ts fs) (hn : 0 < next) (hb : ∀ (id : Nat), id ∈ fs → id < next)
  (t : Full.Counted.Task) :
  t ∈ ts → ∀ (ctx : Full.Counted.Context), ctx ∈ Full.Demand.Scopes.contexts t → ctx.invocation < next
'Full.Demand.Scopes.Work.contexts_bound' depends on axioms: [propext, Quot.sound]
Full.Demand.Scopes.reachable_contexts_bound {p : Full.Program} {initial : Trial.Start} {s : Full.Counted.State}
  {t : Full.Counted.Task} {ctx : Full.Counted.Context} (hr : Full.Statements.Reachable p initial s) (hm : t ∈ s.tasks)
  (hc : ctx ∈ Full.Demand.Scopes.contexts t) : ctx.invocation < s.nextInvocation
'Full.Demand.Scopes.reachable_contexts_bound' depends on axioms: [propext, Quot.sound]
Full.Demand.sum_map_zero.{u_1} {α : Type u_1} (xs : List α) (f : α → Nat) :
  (List.map f xs).sum = 0 ↔ ∀ (x : α), x ∈ xs → f x = 0
'Full.Demand.sum_map_zero' depends on axioms: [propext, Quot.sound]
Full.Demand.uses_zero (e : Full.Expr) (env : Trial.FEnv) (id : Nat) :
  Full.uses e env id = false ↔ Full.Demand.occurrences e env id = 0
'Full.Demand.uses_zero' depends on axioms: [propext, Classical.choice, Quot.sound]
Full.Demand.taskUses_zero (id : Nat) (task : Full.Counted.Task) :
  Full.Counted.taskUses id task = false ↔ Full.Demand.taskOccurrences id task = 0
'Full.Demand.taskUses_zero' depends on axioms: [propext, Classical.choice, Quot.sound]
Full.Demand.futureUses_zero (id : Nat) (tasks : List Full.Counted.Task) :
  tasks.any (Full.Counted.taskUses id) = false ↔ Full.Demand.futureOccurrences id tasks = 0
'Full.Demand.futureUses_zero' depends on axioms: [propext, Classical.choice, Quot.sound]
Full.Demand.last_use (env : Trial.Env) (id : Nat) (name : String) (ctx : Full.Counted.Context)
  (rest : List Full.Counted.Task) (he : ctx.env = env) (hx : Trial.lookupF (Trial.toFEnv env) name = some (some id))
  (hb : Full.Demand.futureOccurrences id (Full.Counted.Task.eval (Full.Expr.var name) ctx :: rest) ≤ 1) :
  rest.any (Full.Counted.taskUses id) = false
'Full.Demand.last_use' depends on axioms: [propext, Classical.choice, Quot.sound]
Full.Demand.hide_lookup (a b : Trial.FEnv) (i j : Nat) (name : String)
  (h : ∀ (x : String), (Trial.lookupF a x == some (some i)) = (Trial.lookupF b x == some (some j))) (x : String) :
  (Trial.lookupF ((name, none) :: a) x == some (some i)) = (Trial.lookupF ((name, none) :: b) x == some (some j))
'Full.Demand.hide_lookup' depends on axioms: [propext]
Full.Demand.occurrences_ext (e : Full.Expr) (a b : Trial.FEnv) (i j : Nat)
  (h : ∀ (x : String), (Trial.lookupF a x == some (some i)) = (Trial.lookupF b x == some (some j))) :
  Full.Demand.occurrences e a i = Full.Demand.occurrences e b j
'Full.Demand.occurrences_ext' depends on axioms: [propext, Quot.sound]
Full.Demand.occurrences_fresh_shadow (e : Full.Expr) (env : Trial.FEnv) (name : String) (fresh id : Nat)
  (hne : fresh ≠ id) :
  Full.Demand.occurrences e ((name, some fresh) :: env) id = Full.Demand.occurrences e ((name, none) :: env) id
'Full.Demand.occurrences_fresh_shadow' depends on axioms: [propext, Quot.sound]
Full.Demand.occurrences_fresh_pair (e : Full.Expr) (env : Trial.FEnv) (head tail : String) (hid tid id : Nat)
  (hh : hid ≠ id) (ht : tid ≠ id) :
  Full.Demand.occurrences e ((tail, some tid) :: (head, some hid) :: env) id =
    Full.Demand.occurrences e ((tail, none) :: (head, none) :: env) id
'Full.Demand.occurrences_fresh_pair' depends on axioms: [propext, Quot.sound]
Full.Demand.future_nil (id : Nat) : Full.Demand.futureOccurrences id [] = 0
'Full.Demand.future_nil' depends on axioms: [propext, Quot.sound]
Full.Demand.future_cons (id : Nat) (t : Full.Counted.Task) (ts : List Full.Counted.Task) :
  Full.Demand.futureOccurrences id (t :: ts) = Full.Demand.taskOccurrences id t + Full.Demand.futureOccurrences id ts
'Full.Demand.future_cons' depends on axioms: [propext, Quot.sound]
Full.Demand.future_append (id : Nat) (a b : List Full.Counted.Task) :
  Full.Demand.futureOccurrences id (a ++ b) = Full.Demand.futureOccurrences id a + Full.Demand.futureOccurrences id b
'Full.Demand.future_append' depends on axioms: [propext, Quot.sound]
Full.Demand.future_dead (id : Nat) (bs : List Full.Counted.Binding) (env : Full.Counted.Env)
  (ts : List Full.Counted.Task) : Full.Demand.futureOccurrences id (Full.Counted.dead bs env ts) = 0
'Full.Demand.future_dead' depends on axioms: [propext, Classical.choice, Quot.sound]
Full.Demand.parameter_occurrences {id : Nat} (pairs : List ((String × Full.Kind) × Full.Counted.Slot))
  (next invocation : Nat) (name : String) (e : Full.Expr) (hb : id < next) :
  Full.Demand.occurrences e
      (Trial.toFEnv
        (List.map (fun b => (b.record.name, b.record.id))
          (List.map
              (fun x =>
                match x with
                | (((x, snd), v), i) =>
                  Full.Counted.makeBinding (next + i) x v invocation
                    (toString name ++ toString "/parameter/" ++ toString x))
              pairs.zipIdx).reverse))
      id =
    0
'Full.Demand.parameter_occurrences' depends on axioms: [propext, Classical.choice, Quot.sound]
Full.Demand.arguments_occurrences (id : Nat) (args : List (Full.Expr × Nat)) (ctx : Full.Counted.Context) :
  Full.Demand.futureOccurrences id
      (List.flatMap
        (fun x =>
          match x with
          | (a, i) => [Full.Counted.Task.eval a (Full.Counted.child ctx i), Full.Counted.Task.capture])
        args) =
    (List.map (fun a => Full.Demand.occurrences a.fst (Trial.toFEnv ctx.env) id) args).sum
'Full.Demand.arguments_occurrences' depends on axioms: [propext, Quot.sound]
Full.Demand.call_occurrences (id : Nat) (args : List Full.Expr) (ctx : Full.Counted.Context) :
  Full.Demand.futureOccurrences id
      (List.flatMap
        (fun x =>
          match x with
          | (a, i) => [Full.Counted.Task.eval a (Full.Counted.child ctx i), Full.Counted.Task.capture])
        args.zipIdx) =
    (List.map (fun a => Full.Demand.occurrences a.val (Trial.toFEnv ctx.env) id) args.attach).sum
'Full.Demand.call_occurrences' depends on axioms: [propext, Quot.sound]
Full.Demand.freeReserved_occurrences (id : Nat) (rs : List Full.Counted.Reservation) :
  Full.Demand.futureOccurrences id (List.map (fun r => Full.Counted.Task.freeReserved r.addr) rs) = 0
'Full.Demand.freeReserved_occurrences' depends on axioms: [propext, Quot.sound]
Full.Demand.transition_old_occurrences {p : Full.Program} {s : Full.Counted.State} {c : Full.Counted.Change} {id : Nat}
  (hb : id < s.nextBinding) (ht : Full.Counted.transition p s = Except.ok c) :
  Full.Demand.futureOccurrences id c.state.tasks ≤ Full.Demand.futureOccurrences id s.tasks
'Full.Demand.transition_old_occurrences' depends on axioms: [propext, Classical.choice, Quot.sound]
PUBLIC_THEOREM Full.Demand.expression._unary._proof_2
PUBLIC_THEOREM Full.Demand.Events.advance_invariant
PUBLIC_THEOREM Full.Demand.Scopes.task.eq_10
PUBLIC_THEOREM Full.Demand.taskUses_zero._simp_1_16
PUBLIC_THEOREM Full.Demand.Scopes.task.eq_4
PUBLIC_THEOREM Full.Demand.spend_monotone._proof_1_7
PUBLIC_THEOREM Full.Demand.Scopes.after.eq_2
PUBLIC_THEOREM Full.Demand.Events.future_zero._proof_1_3
PUBLIC_THEOREM Full.Demand.occurrences.eq_5
PUBLIC_THEOREM Full.Demand.Events.Trace.brecOn
PUBLIC_THEOREM Full.Demand.expression._sparseCasesOn_1.else_eq
PUBLIC_THEOREM Full.Demand.freeReserved_occurrences
PUBLIC_THEOREM Full.Demand.Events.future_zero
PUBLIC_THEOREM Full.Demand.Events.step_invariant
PUBLIC_THEOREM Full.Demand.expression.eq_9
PUBLIC_THEOREM Full.Demand.spend_lower._simp_1_5
PUBLIC_THEOREM Full.Demand.Scopes.task.eq_5
PUBLIC_THEOREM Full.Demand.Events.tally_active
PUBLIC_THEOREM Full.Demand.expression.eq_5
PUBLIC_THEOREM Full.Demand.expression_length._unary
PUBLIC_THEOREM Full.Demand.hide_lookup
PUBLIC_THEOREM Full.Demand.Scopes.task.eq_1
PUBLIC_THEOREM Full.Demand.occurrences._unary._proof_7
PUBLIC_THEOREM Full.Demand.Scopes.reserved_prefix
PUBLIC_THEOREM Full.Demand.Events.transition_extension._simp_1_20
PUBLIC_THEOREM Full.Demand.Scopes.task.eq_13
PUBLIC_THEOREM Full.Demand.Events.head_ge
PUBLIC_THEOREM Full.Demand.expression.eq_8
PUBLIC_THEOREM Full.Demand.futureOccurrences.eq_1
PUBLIC_THEOREM Full.Demand.Events.transition_extension
PUBLIC_THEOREM Full.Demand.spend.eq_1
PUBLIC_THEOREM Full.Demand.transition_old_occurrences._proof_1_1
PUBLIC_THEOREM Full.Demand.taskOccurrences.eq_4
PUBLIC_THEOREM Full.Demand.occurrences.eq_1
PUBLIC_THEOREM Full.Demand.uses_zero._simp_1_23
PUBLIC_THEOREM Full.Demand.Events.transition_history
PUBLIC_THEOREM Full.Demand.fold_length
PUBLIC_THEOREM Full.Demand.Events.next_positive
PUBLIC_THEOREM Full.Demand.accepts.eq_1
PUBLIC_THEOREM Full.Demand.Scopes.Work.contexts_bound
PUBLIC_THEOREM Full.Demand.expression._unary._proof_1
PUBLIC_THEOREM Full.Demand.Events.frames_ordered._proof_1_1
PUBLIC_THEOREM Full.Demand.transition_old_occurrences._proof_1_34
PUBLIC_THEOREM Full.Demand.expression_length._simp_1_11
PUBLIC_THEOREM Full.Demand.transition_old_occurrences._proof_1_24
PUBLIC_THEOREM Full.Demand.Events.future_zero._proof_1_4
PUBLIC_THEOREM Full.Demand.Scopes.headD_bound
PUBLIC_THEOREM Full.Demand.occurrences_ext
PUBLIC_THEOREM Full.Demand.occurrences._unary._proof_10
PUBLIC_THEOREM Full.Demand.Scopes.contexts.eq_3
PUBLIC_THEOREM Full.Demand.Scopes.after.eq_1
PUBLIC_THEOREM Full.Demand.Scopes.contexts.eq_2
PUBLIC_THEOREM Full.Demand.arguments_occurrences
PUBLIC_THEOREM Full.Demand.occurrences._unary._proof_11
PUBLIC_THEOREM Full.Demand.occurrences._unary._proof_8
PUBLIC_THEOREM Full.Demand.transition_old_occurrences._proof_1_29
PUBLIC_THEOREM Full.Demand.spend_lower
PUBLIC_THEOREM Full.Demand.Scopes.contexts.eq_8
PUBLIC_THEOREM Full.Demand.occurrences._unary._proof_1
PUBLIC_THEOREM Full.Demand.expression._unary.eq_def
PUBLIC_THEOREM Full.Demand.Scopes.task._sparseCasesOn_1.else_eq
PUBLIC_THEOREM Full.Demand.uses_zero._simp_1_21
PUBLIC_THEOREM Full.Demand.future_nil
PUBLIC_THEOREM Full.Demand.futureUses_zero._simp_1_4
PUBLIC_THEOREM Full.Demand.occurrences.eq_3
PUBLIC_THEOREM Full.Demand.uses_zero._simp_1_24
PUBLIC_THEOREM Full.Demand.occurrences_ext._unary
PUBLIC_THEOREM Full.Demand.Scopes.task.eq_6
PUBLIC_THEOREM Full.Demand.Scopes.contexts.eq_6
PUBLIC_THEOREM Full.Demand.occurrences._unary._proof_4
PUBLIC_THEOREM Full.Demand.expression._unary._proof_3
PUBLIC_THEOREM Full.Demand.parameter_occurrences
PUBLIC_THEOREM Full.Demand.transition_old_occurrences._proof_1_26
PUBLIC_THEOREM Full.Demand.Scopes.contexts.eq_5
PUBLIC_THEOREM Full.Demand.Scopes.advance_work
PUBLIC_THEOREM Full.Demand.occurrences.eq_9
PUBLIC_THEOREM Full.Demand.expression.eq_2
PUBLIC_THEOREM Full.Demand.expression._unary._proof_7
PUBLIC_THEOREM Full.Demand.spend_lower._proof_1_6
PUBLIC_THEOREM Full.Demand.Lower.length
PUBLIC_THEOREM Full.Demand.spend.eq_3
PUBLIC_THEOREM Full.Demand.Events.creates_eq
PUBLIC_THEOREM Full.Demand.transition_old_occurrences._proof_1_31
PUBLIC_THEOREM Full.Demand.occurrences.eq_4
PUBLIC_THEOREM Full.Demand.occurrences.eq_def
PUBLIC_THEOREM Full.Demand.Events.tally_active._simp_1_4
PUBLIC_THEOREM Full.Demand.Lower.refl
PUBLIC_THEOREM Full.Demand.expression._unary._proof_8
PUBLIC_THEOREM Full.Demand.futureUses_zero._simp_1_3
PUBLIC_THEOREM Full.Demand.accepts_certificates._simp_1_5
PUBLIC_THEOREM Full.Demand.uses_zero._simp_1_22
PUBLIC_THEOREM Full.Demand.occurrences.eq_7
PUBLIC_THEOREM Full.Demand.occurrences._unary._proof_6
PUBLIC_THEOREM Full.Demand.Events.tally.eq_1
PUBLIC_THEOREM Full.Demand.Scopes.after._sparseCasesOn_1.else_eq
PUBLIC_THEOREM Full.Demand.last_use
PUBLIC_THEOREM Full.Demand.spend_monotone._simp_1_5
PUBLIC_THEOREM Full.Demand.Events.begin_history
PUBLIC_THEOREM Full.Demand.Events.tally_active._simp_1_5
PUBLIC_THEOREM Full.Demand.Scopes.task_bound
PUBLIC_THEOREM Full.Demand.Scopes.task.eq_2
PUBLIC_THEOREM Full.Demand.future_dead
PUBLIC_THEOREM Full.Demand.occurrences_fresh_shadow
PUBLIC_THEOREM Full.Demand.last_use._proof_1_19
PUBLIC_THEOREM Full.Demand.Lower.brecOn
PUBLIC_THEOREM Full.Demand.Scopes.reachable_work
PUBLIC_THEOREM Full.Demand.Scopes.Work.brecOn
PUBLIC_THEOREM Full.Demand.Scopes.task.eq_3
PUBLIC_THEOREM Full.Demand.Scopes.contexts._sparseCasesOn_1.else_eq
PUBLIC_THEOREM Full.Demand.expression._unary._proof_11
PUBLIC_THEOREM Full.Demand.Events.frames_ordered
PUBLIC_THEOREM Full.Demand.uses_zero
PUBLIC_THEOREM Full.Demand.Events.Extension.closed
PUBLIC_THEOREM Full.Demand.Scopes.task.eq_9
PUBLIC_THEOREM Full.Demand.Events.frame_bound._proof_1_2
PUBLIC_THEOREM Full.Demand.futureUses_zero._simp_1_2
PUBLIC_THEOREM Full.Demand.Events.begin_invariant
PUBLIC_THEOREM Full.Demand.occurrences._unary.eq_def
PUBLIC_THEOREM Full.Demand.transition_old_occurrences._proof_1_28
PUBLIC_THEOREM Full.Demand.accepts_certificates
PUBLIC_THEOREM Full.Demand.taskOccurrences.eq_6
PUBLIC_THEOREM Full.Demand.spend_length._simp_1_5
PUBLIC_THEOREM Full.Demand.Scopes.contexts.eq_9
PUBLIC_THEOREM Full.Demand.expression.eq_7
PUBLIC_THEOREM Full.Demand.Scopes.task.eq_12
PUBLIC_THEOREM Full.Demand.sum_map_zero
PUBLIC_THEOREM Full.Demand.Events.Extension.closed._proof_1_3
PUBLIC_THEOREM Full.Demand.future_cons
PUBLIC_THEOREM Full.Demand.occurrences.eq_8
PUBLIC_THEOREM Full.Demand.Scopes.arguments
PUBLIC_THEOREM Full.Demand.taskOccurrences.eq_2
PUBLIC_THEOREM Full.Demand.occurrences.eq_6
PUBLIC_THEOREM Full.Demand.expression.eq_6
PUBLIC_THEOREM Full.Demand.Scopes.contexts.eq_13
PUBLIC_THEOREM Full.Demand.Events.reachable_invariant
PUBLIC_THEOREM Full.Demand.Events.advance_closed
PUBLIC_THEOREM Full.Demand.spend.eq_def
PUBLIC_THEOREM Full.Demand.Scopes.contexts.eq_1
PUBLIC_THEOREM Full.Demand.Scopes.contexts.eq_11
PUBLIC_THEOREM Full.Demand.expression._unary._proof_9
PUBLIC_THEOREM Full.Demand.Scopes.contexts.eq_4
PUBLIC_THEOREM Full.Demand.occurrences_fresh_pair
PUBLIC_THEOREM Full.Demand.expression.eq_def
PUBLIC_THEOREM Full.Demand.join_lower
PUBLIC_THEOREM Full.Demand.transition_old_occurrences._proof_1_22
PUBLIC_THEOREM Full.Demand.Scopes.contexts.eq_12
PUBLIC_THEOREM Full.Demand.Scopes.contexts.eq_10
PUBLIC_THEOREM Full.Demand.transition_old_occurrences
PUBLIC_THEOREM Full.Demand.occurrences._unary._proof_5
PUBLIC_THEOREM Full.Demand.Events.frames_nodup
PUBLIC_THEOREM Full.Demand.expression._unary._proof_10
PUBLIC_THEOREM Full.Demand.Lower.trans
PUBLIC_THEOREM Full.Demand.uses_zero._unary
PUBLIC_THEOREM Full.Demand.expression._unary._proof_6
PUBLIC_THEOREM Full.Demand.transition_old_occurrences._proof_1_30
PUBLIC_THEOREM Full.Demand.Scopes.task.eq_8
PUBLIC_THEOREM Full.Demand.spend_length
PUBLIC_THEOREM Full.Demand.transition_old_occurrences._proof_1_27
PUBLIC_THEOREM Full.Demand.Events.frame_bound
PUBLIC_THEOREM Full.Demand.taskOccurrences.eq_5
PUBLIC_THEOREM Full.Demand.taskUses_zero
PUBLIC_THEOREM Full.Demand.expression._unary._proof_4
PUBLIC_THEOREM Full.Demand.occurrences._unary._proof_2
PUBLIC_THEOREM Full.Demand.Scopes.task.eq_11
PUBLIC_THEOREM Full.Demand.spend_monotone._proof_1_6
PUBLIC_THEOREM Full.Demand.Events.next_positive._proof_1_1
PUBLIC_THEOREM Full.Demand.affine.eq_1
PUBLIC_THEOREM Full.Demand.Events.frame_bound._proof_1_1
PUBLIC_THEOREM Full.Demand.Events.Extension.trace
PUBLIC_THEOREM Full.Demand.Events.tally_active._simp_1_3
PUBLIC_THEOREM Full.Demand.Events.transition_invariant
PUBLIC_THEOREM Full.Demand.taskOccurrences._sparseCasesOn_1.else_eq
PUBLIC_THEOREM Full.Demand.Events.tally_active._proof_1_6
PUBLIC_THEOREM Full.Demand.occurrences.eq_2
PUBLIC_THEOREM Full.Demand.spend_monotone
PUBLIC_THEOREM Full.Demand.Events.next_positive._proof_1_2
PUBLIC_THEOREM Full.Demand.taskOccurrences.eq_3
PUBLIC_THEOREM Full.Demand.affine_list_bound
PUBLIC_THEOREM Full.Demand.expression.eq_4
PUBLIC_THEOREM Full.Demand.futureUses_zero
PUBLIC_THEOREM Full.Demand.transition_old_occurrences._proof_1_2
PUBLIC_THEOREM Full.Demand.transition_old_occurrences._proof_1_33
PUBLIC_THEOREM Full.Demand.expression.eq_1
PUBLIC_THEOREM Full.Demand.Scopes.task.eq_7
PUBLIC_THEOREM Full.Demand.call_occurrences
PUBLIC_THEOREM Full.Demand.expression_length
PUBLIC_THEOREM Full.Demand.Events.frames_nodup._proof_1_1
PUBLIC_THEOREM Full.Demand.Scopes.dead_prefix
PUBLIC_THEOREM Full.Demand.Scopes.contexts.eq_7
PUBLIC_THEOREM Full.Demand.Lower.tail
PUBLIC_THEOREM Full.Demand.occurrences._unary._proof_3
PUBLIC_THEOREM Full.Demand.future_append
PUBLIC_THEOREM Full.Demand.transition_old_occurrences._proof_1_32
PUBLIC_THEOREM Full.Demand.spend.eq_2
PUBLIC_THEOREM Full.Demand.Events.Extension.closed._proof_1_4
PUBLIC_THEOREM Full.Demand.transition_old_occurrences._proof_1_25
PUBLIC_THEOREM Full.Demand.Events.last_enter
PUBLIC_THEOREM Full.Demand.occurrences._unary._proof_9
PUBLIC_THEOREM Full.Demand.fold_length._simp_1_1
PUBLIC_THEOREM Full.Demand.transition_old_occurrences._proof_1_21
PUBLIC_THEOREM Full.Demand.expression._unary._proof_5
PUBLIC_THEOREM Full.Demand.Events.tally._sparseCasesOn_3.else_eq
PUBLIC_THEOREM Full.Demand.taskUses_zero._simp_1_15
PUBLIC_THEOREM Full.Demand.taskOccurrences.eq_1
PUBLIC_THEOREM Full.Demand.Scopes.begin_work
PUBLIC_THEOREM Full.Demand.Scopes.reachable_contexts_bound
PUBLIC_THEOREM Full.Demand.Events.transition_enter_zero
PUBLIC_THEOREM Full.Demand.Scopes.transition_work
PUBLIC_THEOREM Full.Demand.Events.step_closed
PUBLIC_THEOREM Full.Demand.expression.eq_3
PUBLIC_THEOREM Full.Demand.Events.entry_zero
PUBLIC_THEOREM Full.Demand.transition_old_occurrences._proof_1_23
$ lake env lean -o .lake/build/lib/lean/IndependentGate.olean IndependentGate.lean
Full.Demand.Events.Extension.closed {es : List Full.Counted.Event} {ids : List Nat} {next : Nat}
  {es' : List Full.Counted.Event} {ids' : List Nat} {next' id : Nat} (hs : Full.Demand.Events.Trace es ids next)
  (h : Full.Demand.Events.Extension es ids next es' ids' next') (hf : id < next) (hn : ¬id ∈ ids) :
  id < next' ∧ ¬id ∈ ids' ∧ Full.Demand.Events.tally id es' = Full.Demand.Events.tally id es
'Full.Demand.Events.Extension.closed' depends on axioms: [propext, Classical.choice, Quot.sound]
Full.Demand.Events.Extension.closed._proof_1_3 {next id : Nat} (hf : id < next) {f : Full.Counted.Frame}
  (fresh : f.id = next) : f.id = id → False
'Full.Demand.Events.Extension.closed._proof_1_3' depends on axioms: [propext, Quot.sound]
Full.Demand.Events.Extension.closed._proof_1_4 {next id : Nat} (hf : id < next) {f : Full.Counted.Frame}
  (fresh : f.id = next) : ¬id < next + 1 → False
'Full.Demand.Events.Extension.closed._proof_1_4' depends on axioms: [propext, Quot.sound]
Full.Demand.Events.Extension.trace {es : List Full.Counted.Event} {ids : List Nat} {next : Nat}
  {es' : List Full.Counted.Event} {ids' : List Nat} {next' : Nat} (hs : Full.Demand.Events.Trace es ids next)
  (h : Full.Demand.Events.Extension es ids next es' ids' next') : Full.Demand.Events.Trace es' ids' next'
'Full.Demand.Events.Extension.trace' does not depend on any axioms
Full.Demand.Events.Trace.brecOn
  {motive : (a : List Full.Counted.Event) → (a_1 : List Nat) → (a_2 : Nat) → Full.Demand.Events.Trace a a_1 a_2 → Prop}
  {a✝ : List Full.Counted.Event} {a✝¹ : List Nat} {a✝² : Nat} (t : Full.Demand.Events.Trace a✝ a✝¹ a✝²)
  (F_1 :
    ∀ (a : List Full.Counted.Event) (a_1 : List Nat) (a_2 : Nat) (t : Full.Demand.Events.Trace a a_1 a_2),
      Full.Demand.Events.Trace.below t → motive a a_1 a_2 t) :
  motive a✝ a✝¹ a✝² t
'Full.Demand.Events.Trace.brecOn' does not depend on any axioms
Full.Demand.Events.advance_closed {s : Full.Counted.State} {p : Full.Program} {n : Nat} {t : Full.Counted.State}
  {id : Nat} (hs : Full.Demand.Events.Invariant s) (hf : id < s.nextInvocation)
  (hn : ¬id ∈ List.map Full.Counted.Frame.id s.frames) (ht : Full.Counted.advance p n s = Except.ok t) :
  id < t.nextInvocation ∧
    ¬id ∈ List.map Full.Counted.Frame.id t.frames ∧
      Full.Demand.Events.tally id t.events = Full.Demand.Events.tally id s.events
'Full.Demand.Events.advance_closed' depends on axioms: [propext, Classical.choice, Quot.sound]
Full.Demand.Events.advance_invariant {s : Full.Counted.State} {p : Full.Program} {n : Nat} {t : Full.Counted.State}
  (hs : Full.Demand.Events.Invariant s) (ht : Full.Counted.advance p n s = Except.ok t) : Full.Demand.Events.Invariant t
'Full.Demand.Events.advance_invariant' depends on axioms: [propext, Quot.sound]
Full.Demand.Events.begin_history {p : Full.Program} {initial : Trial.Start} {s : Full.Counted.State}
  (hb : Full.Counted.begin p initial = Except.ok s) : s.history = []
'Full.Demand.Events.begin_history' depends on axioms: [propext, Quot.sound]
Full.Demand.Events.begin_invariant {p : Full.Program} {initial : Trial.Start} {s : Full.Counted.State}
  (hb : Full.Counted.begin p initial = Except.ok s) : Full.Demand.Events.Invariant s
'Full.Demand.Events.begin_invariant' depends on axioms: [propext, Quot.sound]
Full.Demand.Events.creates_eq (id : Nat) (es : List Full.Counted.Event) :
  Full.Statements.creates id es = (Full.Demand.Events.tally id es).snd
'Full.Demand.Events.creates_eq' depends on axioms: [propext]
Full.Demand.Events.entry_zero {p : Full.Program} {initial : Trial.Start} {s : Full.Counted.State}
  {f : Full.Counted.Frame} (hr : Full.Statements.Reachable p initial s)
  (hl : Option.map Full.Counted.Action.name s.history.getLast? = some "Enter") (hf : s.frames.head? = some f) :
  Full.Demand.Events.tally f.id s.events = (true, 0)
'Full.Demand.Events.entry_zero' depends on axioms: [propext, Classical.choice, Quot.sound]
Full.Demand.Events.frame_bound {es : List Full.Counted.Event} {ids : List Nat} {next : Nat}
  (h : Full.Demand.Events.Trace es ids next) (id : Nat) : id ∈ ids → id < next
'Full.Demand.Events.frame_bound' depends on axioms: [propext, Quot.sound]
Full.Demand.Events.frame_bound._proof_1_1 {next✝ : Nat} {f✝ : Full.Counted.Frame} (hf : f✝.id = next✝) :
  ¬f✝.id < next✝ + 1 → False
'Full.Demand.Events.frame_bound._proof_1_1' depends on axioms: [propext, Quot.sound]
Full.Demand.Events.frame_bound._proof_1_2 {next✝ : Nat} :
  ∀ {f : Full.Counted.Frame} (id : Nat) (this : id < next✝), ¬id < next✝ + 1 → False
'Full.Demand.Events.frame_bound._proof_1_2' depends on axioms: [propext, Quot.sound]
Full.Demand.Events.frames_nodup {es : List Full.Counted.Event} {ids : List Nat} {next : Nat}
  (h : Full.Demand.Events.Trace es ids next) : ids.Nodup
'Full.Demand.Events.frames_nodup' depends on axioms: [propext, Quot.sound]
Full.Demand.Events.frames_nodup._proof_1_1 {next✝ : Nat} {f✝ : Full.Counted.Frame} (hf : f✝.id = next✝)
  (this : f✝.id < next✝) : False
'Full.Demand.Events.frames_nodup._proof_1_1' depends on axioms: [propext, Quot.sound]
Full.Demand.Events.frames_ordered {es : List Full.Counted.Event} {ids : List Nat} {next : Nat}
  (h : Full.Demand.Events.Trace es ids next) : List.Pairwise (fun a b => b < a) ids
'Full.Demand.Events.frames_ordered' depends on axioms: [propext, Quot.sound]
Full.Demand.Events.frames_ordered._proof_1_1 {next✝ : Nat} {f✝ : Full.Counted.Frame} (hf : f✝.id = next✝) (id : Nat)
  (this : id < next✝) : ¬id < f✝.id → False
'Full.Demand.Events.frames_ordered._proof_1_1' depends on axioms: [propext, Quot.sound]
Full.Demand.Events.future_zero {es : List Full.Counted.Event} {ids : List Nat} {next id : Nat}
  (h : Full.Demand.Events.Trace es ids next) (hf : next ≤ id) : Full.Demand.Events.tally id es = (false, 0)
'Full.Demand.Events.future_zero' depends on axioms: [propext, Quot.sound]
Full.Demand.Events.future_zero._proof_1_3 {id next : Nat} {f : Full.Counted.Frame} (hf : next + 1 ≤ id) :
  ¬next ≤ id → False
'Full.Demand.Events.future_zero._proof_1_3' depends on axioms: [propext, Quot.sound]
Full.Demand.Events.future_zero._proof_1_4 {id next : Nat} {f : Full.Counted.Frame} (fresh : f.id = next)
  (hf : next + 1 ≤ id) : f.id = id → False
'Full.Demand.Events.future_zero._proof_1_4' depends on axioms: [propext, Quot.sound]
Full.Demand.Events.head_ge {es : List Full.Counted.Event} {ids : List Nat} {next id top : Nat}
  (h : Full.Demand.Events.Trace es (top :: ids) next) (hm : id ∈ top :: ids) : id ≤ top
'Full.Demand.Events.head_ge' depends on axioms: [propext, Quot.sound]
Full.Demand.Events.last_enter {p : Full.Program} {initial : Trial.Start} {s : Full.Counted.State}
  (hr : Full.Statements.Reachable p initial s)
  (hl : Option.map Full.Counted.Action.name s.history.getLast? = some "Enter") :
  ∃ before c,
    Full.Statements.Reachable p initial before ∧
      Full.Counted.transition p before = Except.ok c ∧ c.action.name = "Enter" ∧ s = Full.Counted.commit c
'Full.Demand.Events.last_enter' depends on axioms: [propext, Classical.choice, Quot.sound]
Full.Demand.Events.next_positive {es : List Full.Counted.Event} {ids : List Nat} {next : Nat}
  (h : Full.Demand.Events.Trace es ids next) : 0 < next
'Full.Demand.Events.next_positive' depends on axioms: [propext, Quot.sound]
Full.Demand.Events.next_positive._proof_1_1 : ¬0 < 1 → False
'Full.Demand.Events.next_positive._proof_1_1' depends on axioms: [propext, Quot.sound]
Full.Demand.Events.next_positive._proof_1_2 {next✝ : Nat} :
  ∀ {f : Full.Counted.Frame}, 0 < next✝ → ¬0 < next✝ + 1 → False
'Full.Demand.Events.next_positive._proof_1_2' depends on axioms: [propext, Quot.sound]
Full.Demand.Events.reachable_invariant {p : Full.Program} {initial : Trial.Start} {s : Full.Counted.State}
  (hr : Full.Statements.Reachable p initial s) : Full.Demand.Events.Invariant s
'Full.Demand.Events.reachable_invariant' depends on axioms: [propext, Quot.sound]
Full.Demand.Events.step_closed {s : Full.Counted.State} {p : Full.Program} {t : Full.Counted.State} {id : Nat}
  (hs : Full.Demand.Events.Invariant s) (hf : id < s.nextInvocation)
  (hn : ¬id ∈ List.map Full.Counted.Frame.id s.frames) (ht : Full.Counted.step p s = Except.ok t) :
  id < t.nextInvocation ∧
    ¬id ∈ List.map Full.Counted.Frame.id t.frames ∧
      Full.Demand.Events.tally id t.events = Full.Demand.Events.tally id s.events
'Full.Demand.Events.step_closed' depends on axioms: [propext, Classical.choice, Quot.sound]
Full.Demand.Events.step_invariant {s : Full.Counted.State} {p : Full.Program} {t : Full.Counted.State}
  (hs : Full.Demand.Events.Invariant s) (ht : Full.Counted.step p s = Except.ok t) : Full.Demand.Events.Invariant t
'Full.Demand.Events.step_invariant' depends on axioms: [propext, Quot.sound]
Full.Demand.Events.tally._sparseCasesOn_3.else_eq.{u} {motive : Full.Counted.Event → Sort u} (t : Full.Counted.Event)
  (enter : (frame : Full.Counted.Frame) → motive (Full.Counted.Event.enter frame))
  (returning : (id : Nat) → (result : Full.Counted.Slot) → motive (Full.Counted.Event.returning id result))
  (create : (addr : Nat) → (item : Int) → (link : Option Nat) → motive (Full.Counted.Event.create addr item link))
  (else✝ : Nat.hasNotBit 25 t.ctorIdx → motive t) (h : Nat.hasNotBit 25 t.ctorIdx) :
  Full.Demand.Events.tally._sparseCasesOn_3 t enter returning create else✝ = else✝ h
'Full.Demand.Events.tally._sparseCasesOn_3.else_eq' depends on axioms: [propext]
Full.Demand.Events.tally.eq_1 (id : Nat) (es : List Full.Counted.Event) :
  Full.Demand.Events.tally id es =
    List.foldl
      (fun x event =>
        match x with
        | (active, n) =>
          match event with
          | Full.Counted.Event.enter f => (active || f.id == id, n)
          | Full.Counted.Event.returning i result => (active && i != id, n)
          | Full.Counted.Event.create addr item link => (active, n + if active = true then 1 else 0)
          | x => (active, n))
      (false, 0) es
'Full.Demand.Events.tally.eq_1' depends on axioms: [propext]
Full.Demand.Events.tally_active {es : List Full.Counted.Event} {ids : List Nat} {next id : Nat}
  (h : Full.Demand.Events.Trace es ids next) : (Full.Demand.Events.tally id es).fst = ids.contains id
'Full.Demand.Events.tally_active' depends on axioms: [propext, Classical.choice, Quot.sound]
Full.Demand.Events.tally_active._proof_1_6 {id : Nat} {ids✝ : List Nat} {f✝ : Full.Counted.Frame} :
  id ∈ ids✝ ∨ f✝.id = id ↔ id = f✝.id ∨ id ∈ ids✝
'Full.Demand.Events.tally_active._proof_1_6' depends on axioms: [propext, Classical.choice, Quot.sound]
Full.Demand.Events.tally_active._simp_1_3.{u_1} {α : Type u_1} [BEq α] [LawfulBEq α] {a b : α} :
  ((a == b) = true) = (a = b)
'Full.Demand.Events.tally_active._simp_1_3' depends on axioms: [propext]
Full.Demand.Events.tally_active._simp_1_4.{u_1} {α : Type u_1} [BEq α] [LawfulBEq α] {a : α} {as : List α} :
  (as.contains a = true) = (a ∈ as)
'Full.Demand.Events.tally_active._simp_1_4' depends on axioms: [propext]
Full.Demand.Events.tally_active._simp_1_5.{u_1} {α✝ : Type u_1} {b : α✝} {l : List α✝} {a : α✝} :
  (a ∈ b :: l) = (a = b ∨ a ∈ l)
'Full.Demand.Events.tally_active._simp_1_5' depends on axioms: [propext]
Full.Demand.Events.transition_enter_zero {s : Full.Counted.State} {p : Full.Program} {c : Full.Counted.Change}
  {f : Full.Counted.Frame} (hs : Full.Demand.Events.Invariant s) (ht : Full.Counted.transition p s = Except.ok c)
  (ha : c.action.name = "Enter") (hf : c.state.frames.head? = some f) :
  Full.Demand.Events.tally f.id c.state.events = (true, 0)
'Full.Demand.Events.transition_enter_zero' depends on axioms: [propext, Classical.choice, Quot.sound]
Full.Demand.Events.transition_extension {p : Full.Program} {s : Full.Counted.State} {c : Full.Counted.Change}
  (ht : Full.Counted.transition p s = Except.ok c) :
  Full.Demand.Events.Extension s.events (List.map Full.Counted.Frame.id s.frames) s.nextInvocation c.state.events
    (List.map Full.Counted.Frame.id c.state.frames) c.state.nextInvocation
'Full.Demand.Events.transition_extension' depends on axioms: [propext, Quot.sound]
Full.Demand.Events.transition_extension._simp_1_20.{u_1} {α : Type u_1} [BEq α] [LawfulBEq α] {a b : α} :
  ((a != b) = true) = (a ≠ b)
'Full.Demand.Events.transition_extension._simp_1_20' depends on axioms: [propext]
Full.Demand.Events.transition_history {p : Full.Program} {s : Full.Counted.State} {c : Full.Counted.Change}
  (ht : Full.Counted.transition p s = Except.ok c) : c.state.history = s.history
'Full.Demand.Events.transition_history' depends on axioms: [propext, Quot.sound]
Full.Demand.Events.transition_invariant {s : Full.Counted.State} {p : Full.Program} {c : Full.Counted.Change}
  (hs : Full.Demand.Events.Invariant s) (ht : Full.Counted.transition p s = Except.ok c) :
  Full.Demand.Events.Invariant c.state
'Full.Demand.Events.transition_invariant' depends on axioms: [propext, Quot.sound]
Full.Demand.Lower.brecOn {motive : (a a_1 : List Nat) → Full.Demand.Lower a a_1 → Prop} {a✝ a✝¹ : List Nat}
  (t : Full.Demand.Lower a✝ a✝¹)
  (F_1 : ∀ (a a_1 : List Nat) (t : Full.Demand.Lower a a_1), Full.Demand.Lower.below t → motive a a_1 t) :
  motive a✝ a✝¹ t
'Full.Demand.Lower.brecOn' does not depend on any axioms
Full.Demand.Lower.length {a b : List Nat} (h : Full.Demand.Lower a b) : a.length = b.length
'Full.Demand.Lower.length' depends on axioms: [propext]
Full.Demand.Lower.refl (xs : List Nat) : Full.Demand.Lower xs xs
'Full.Demand.Lower.refl' does not depend on any axioms
Full.Demand.Lower.tail {a b : List Nat} (h : Full.Demand.Lower a b) : Full.Demand.Lower a.tail b.tail
'Full.Demand.Lower.tail' does not depend on any axioms
Full.Demand.Lower.trans {a b c : List Nat} (ha : Full.Demand.Lower a b) (hb : Full.Demand.Lower b c) :
  Full.Demand.Lower a c
'Full.Demand.Lower.trans' does not depend on any axioms
Full.Demand.Scopes.Work.brecOn
  {motive : (a : List Full.Counted.Task) → (a_1 : List Nat) → Full.Demand.Scopes.Work a a_1 → Prop}
  {a✝ : List Full.Counted.Task} {a✝¹ : List Nat} (t : Full.Demand.Scopes.Work a✝ a✝¹)
  (F_1 :
    ∀ (a : List Full.Counted.Task) (a_1 : List Nat) (t : Full.Demand.Scopes.Work a a_1),
      Full.Demand.Scopes.Work.below t → motive a a_1 t) :
  motive a✝ a✝¹ t
'Full.Demand.Scopes.Work.brecOn' depends on axioms: [propext]
Full.Demand.Scopes.Work.contexts_bound {ts : List Full.Counted.Task} {fs : List Nat} {next : Nat}
  (hs : Full.Demand.Scopes.Work ts fs) (hn : 0 < next) (hb : ∀ (id : Nat), id ∈ fs → id < next)
  (t : Full.Counted.Task) :
  t ∈ ts → ∀ (ctx : Full.Counted.Context), ctx ∈ Full.Demand.Scopes.contexts t → ctx.invocation < next
'Full.Demand.Scopes.Work.contexts_bound' depends on axioms: [propext, Quot.sound]
Full.Demand.Scopes.advance_work {p : Full.Program} {n : Nat} {s t : Full.Counted.State}
  (hs : Full.Demand.Scopes.Work s.tasks (List.map Full.Counted.Frame.id s.frames))
  (ht : Full.Counted.advance p n s = Except.ok t) :
  Full.Demand.Scopes.Work t.tasks (List.map Full.Counted.Frame.id t.frames)
'Full.Demand.Scopes.advance_work' depends on axioms: [propext, Quot.sound]
Full.Demand.Scopes.after._sparseCasesOn_1.else_eq.{u} {motive : Full.Counted.Task → Sort u} (t : Full.Counted.Task)
  (returning :
    (frame : Full.Counted.Frame) → (ctx : Full.Counted.Context) → motive (Full.Counted.Task.returning frame ctx))
  (else✝ : Nat.hasNotBit 16384 t.ctorIdx → motive t) (h : Nat.hasNotBit 16384 t.ctorIdx) :
  Full.Demand.Scopes.after._sparseCasesOn_1 t returning else✝ = else✝ h
'Full.Demand.Scopes.after._sparseCasesOn_1.else_eq' depends on axioms: [propext]
Full.Demand.Scopes.after.eq_1 (frames : List Nat) (frame : Full.Counted.Frame) (ctx : Full.Counted.Context) :
  Full.Demand.Scopes.after (Full.Counted.Task.returning frame ctx) frames = frames.tail
'Full.Demand.Scopes.after.eq_1' depends on axioms: [propext]
Full.Demand.Scopes.after.eq_2 (t : Full.Counted.Task) (frames : List Nat)
  (x_1 :
    ∀ (frame : Full.Counted.Frame) (ctx : Full.Counted.Context), t = Full.Counted.Task.returning frame ctx → False) :
  Full.Demand.Scopes.after t frames = frames
'Full.Demand.Scopes.after.eq_2' depends on axioms: [propext]
Full.Demand.Scopes.arguments {ts : List Full.Counted.Task} {fs : List Nat} (args : List (Full.Expr × Nat))
  (ctx : Full.Counted.Context) (hc : ctx.invocation = fs.headD 0) (hs : Full.Demand.Scopes.Work ts fs) :
  Full.Demand.Scopes.Work
    (List.flatMap
        (fun x =>
          match x with
          | (a, i) => [Full.Counted.Task.eval a (Full.Counted.child ctx i), Full.Counted.Task.capture])
        args ++
      ts)
    fs
'Full.Demand.Scopes.arguments' depends on axioms: [propext]
Full.Demand.Scopes.begin_work {p : Full.Program} {initial : Trial.Start} {first : Full.Counted.State}
  (hb : Full.Counted.begin p initial = Except.ok first) :
  Full.Demand.Scopes.Work first.tasks (List.map Full.Counted.Frame.id first.frames)
'Full.Demand.Scopes.begin_work' depends on axioms: [propext, Quot.sound]
Full.Demand.Scopes.contexts._sparseCasesOn_1.else_eq.{u} {motive : Full.Counted.Task → Sort u} (t : Full.Counted.Task)
  (eval : (e : Full.Expr) → (ctx : Full.Counted.Context) → motive (Full.Counted.Task.eval e ctx))
  (primitive : (op : Full.Op) → (ctx : Full.Counted.Context) → motive (Full.Counted.Task.primitive op ctx))
  (bind :
    (name : String) → (body : Full.Expr) → (ctx : Full.Counted.Context) → motive (Full.Counted.Task.bind name body ctx))
  (chooseIf : (yes no : Full.Expr) → (ctx : Full.Counted.Context) → motive (Full.Counted.Task.chooseIf yes no ctx))
  (chooseMatch :
    (empty : Full.Expr) →
      (head tail : String) →
        (cell : Full.Expr) →
          (ctx : Full.Counted.Context) → motive (Full.Counted.Task.chooseMatch empty head tail cell ctx))
  (decompose :
    (head tail : String) →
      (body : Full.Expr) →
        (bid : Nat) → (ctx : Full.Counted.Context) → motive (Full.Counted.Task.decompose head tail body bid ctx))
  (matchComplete : (ctx : Full.Counted.Context) → motive (Full.Counted.Task.matchComplete ctx))
  (branchStart : (ctx : Full.Counted.Context) → motive (Full.Counted.Task.branchStart ctx))
  (handoffMatch : (outer : Full.Counted.Context) → motive (Full.Counted.Task.handoffMatch outer))
  (enter :
    (name : String) → (arity : Nat) → (ctx : Full.Counted.Context) → motive (Full.Counted.Task.enter name arity ctx))
  (returning :
    (frame : Full.Counted.Frame) → (ctx : Full.Counted.Context) → motive (Full.Counted.Task.returning frame ctx))
  (branchResult :
    (bid : Nat) → (inner outer : Full.Counted.Context) → motive (Full.Counted.Task.branchResult bid inner outer))
  (else✝ : Nat.hasNotBit 28666 t.ctorIdx → motive t) (h : Nat.hasNotBit 28666 t.ctorIdx) :
  Full.Demand.Scopes.contexts._sparseCasesOn_1 t eval primitive bind chooseIf chooseMatch decompose matchComplete
      branchStart handoffMatch enter returning branchResult else✝ =
    else✝ h
'Full.Demand.Scopes.contexts._sparseCasesOn_1.else_eq' depends on axioms: [propext]
Full.Demand.Scopes.contexts.eq_1 (e : Full.Expr) (ctx : Full.Counted.Context) :
  Full.Demand.Scopes.contexts (Full.Counted.Task.eval e ctx) = [ctx]
'Full.Demand.Scopes.contexts.eq_1' depends on axioms: [propext]
Full.Demand.Scopes.contexts.eq_10 (name : String) (arity : Nat) (ctx : Full.Counted.Context) :
  Full.Demand.Scopes.contexts (Full.Counted.Task.enter name arity ctx) = [ctx]
'Full.Demand.Scopes.contexts.eq_10' depends on axioms: [propext]
Full.Demand.Scopes.contexts.eq_11 (frame : Full.Counted.Frame) (ctx : Full.Counted.Context) :
  Full.Demand.Scopes.contexts (Full.Counted.Task.returning frame ctx) = [ctx]
'Full.Demand.Scopes.contexts.eq_11' depends on axioms: [propext]
Full.Demand.Scopes.contexts.eq_12 (bid : Nat) (inner outer : Full.Counted.Context) :
  Full.Demand.Scopes.contexts (Full.Counted.Task.branchResult bid inner outer) = [inner, outer]
'Full.Demand.Scopes.contexts.eq_12' depends on axioms: [propext]
Full.Demand.Scopes.contexts.eq_13 (x✝ : Full.Counted.Task)
  (x_2 : ∀ (e : Full.Expr) (ctx : Full.Counted.Context), x✝ = Full.Counted.Task.eval e ctx → False)
  (x_3 : ∀ (op : Full.Op) (ctx : Full.Counted.Context), x✝ = Full.Counted.Task.primitive op ctx → False)
  (x_4 :
    ∀ (name : String) (body : Full.Expr) (ctx : Full.Counted.Context),
      x✝ = Full.Counted.Task.bind name body ctx → False)
  (x_5 : ∀ (yes no : Full.Expr) (ctx : Full.Counted.Context), x✝ = Full.Counted.Task.chooseIf yes no ctx → False)
  (x_6 :
    ∀ (empty : Full.Expr) (head tail : String) (cell : Full.Expr) (ctx : Full.Counted.Context),
      x✝ = Full.Counted.Task.chooseMatch empty head tail cell ctx → False)
  (x_7 :
    ∀ (head tail : String) (body : Full.Expr) (bid : Nat) (ctx : Full.Counted.Context),
      x✝ = Full.Counted.Task.decompose head tail body bid ctx → False)
  (x_8 : ∀ (ctx : Full.Counted.Context), x✝ = Full.Counted.Task.matchComplete ctx → False)
  (x_9 : ∀ (ctx : Full.Counted.Context), x✝ = Full.Counted.Task.branchStart ctx → False)
  (x_10 : ∀ (ctx : Full.Counted.Context), x✝ = Full.Counted.Task.handoffMatch ctx → False)
  (x_11 :
    ∀ (name : String) (arity : Nat) (ctx : Full.Counted.Context), x✝ = Full.Counted.Task.enter name arity ctx → False)
  (x_12 :
    ∀ (frame : Full.Counted.Frame) (ctx : Full.Counted.Context), x✝ = Full.Counted.Task.returning frame ctx → False)
  (x_13 :
    ∀ (bid : Nat) (inner outer : Full.Counted.Context), x✝ = Full.Counted.Task.branchResult bid inner outer → False) :
  Full.Demand.Scopes.contexts x✝ = []
'Full.Demand.Scopes.contexts.eq_13' depends on axioms: [propext]
Full.Demand.Scopes.contexts.eq_2 (op : Full.Op) (ctx : Full.Counted.Context) :
  Full.Demand.Scopes.contexts (Full.Counted.Task.primitive op ctx) = [ctx]
'Full.Demand.Scopes.contexts.eq_2' depends on axioms: [propext]
Full.Demand.Scopes.contexts.eq_3 (name : String) (body : Full.Expr) (ctx : Full.Counted.Context) :
  Full.Demand.Scopes.contexts (Full.Counted.Task.bind name body ctx) = [ctx]
'Full.Demand.Scopes.contexts.eq_3' depends on axioms: [propext]
Full.Demand.Scopes.contexts.eq_4 (yes no : Full.Expr) (ctx : Full.Counted.Context) :
  Full.Demand.Scopes.contexts (Full.Counted.Task.chooseIf yes no ctx) = [ctx]
'Full.Demand.Scopes.contexts.eq_4' depends on axioms: [propext]
Full.Demand.Scopes.contexts.eq_5 (empty : Full.Expr) (head tail : String) (cell : Full.Expr)
  (ctx : Full.Counted.Context) :
  Full.Demand.Scopes.contexts (Full.Counted.Task.chooseMatch empty head tail cell ctx) = [ctx]
'Full.Demand.Scopes.contexts.eq_5' depends on axioms: [propext]
Full.Demand.Scopes.contexts.eq_6 (head tail : String) (body : Full.Expr) (bid : Nat) (ctx : Full.Counted.Context) :
  Full.Demand.Scopes.contexts (Full.Counted.Task.decompose head tail body bid ctx) = [ctx]
'Full.Demand.Scopes.contexts.eq_6' depends on axioms: [propext]
Full.Demand.Scopes.contexts.eq_7 (ctx : Full.Counted.Context) :
  Full.Demand.Scopes.contexts (Full.Counted.Task.matchComplete ctx) = [ctx]
'Full.Demand.Scopes.contexts.eq_7' depends on axioms: [propext]
Full.Demand.Scopes.contexts.eq_8 (ctx : Full.Counted.Context) :
  Full.Demand.Scopes.contexts (Full.Counted.Task.branchStart ctx) = [ctx]
'Full.Demand.Scopes.contexts.eq_8' depends on axioms: [propext]
Full.Demand.Scopes.contexts.eq_9 (ctx : Full.Counted.Context) :
  Full.Demand.Scopes.contexts (Full.Counted.Task.handoffMatch ctx) = [ctx]
'Full.Demand.Scopes.contexts.eq_9' depends on axioms: [propext]
Full.Demand.Scopes.dead_prefix {ts : List Full.Counted.Task} {fs : List Nat} (bs : List Full.Counted.Binding)
  (env : Full.Counted.Env) (future : List Full.Counted.Task) (hs : Full.Demand.Scopes.Work ts fs) :
  Full.Demand.Scopes.Work (Full.Counted.dead bs env future ++ ts) fs
'Full.Demand.Scopes.dead_prefix' depends on axioms: [propext, Quot.sound]
Full.Demand.Scopes.headD_bound {next : Nat} (ids : List Nat) (hn : 0 < next) (hb : ∀ (id : Nat), id ∈ ids → id < next) :
  ids.headD 0 < next
'Full.Demand.Scopes.headD_bound' depends on axioms: [propext]
Full.Demand.Scopes.reachable_contexts_bound {p : Full.Program} {initial : Trial.Start} {s : Full.Counted.State}
  {t : Full.Counted.Task} {ctx : Full.Counted.Context} (hr : Full.Statements.Reachable p initial s) (hm : t ∈ s.tasks)
  (hc : ctx ∈ Full.Demand.Scopes.contexts t) : ctx.invocation < s.nextInvocation
'Full.Demand.Scopes.reachable_contexts_bound' depends on axioms: [propext, Quot.sound]
Full.Demand.Scopes.reachable_work {p : Full.Program} {initial : Trial.Start} {s : Full.Counted.State}
  (hr : Full.Statements.Reachable p initial s) :
  Full.Demand.Scopes.Work s.tasks (List.map Full.Counted.Frame.id s.frames)
'Full.Demand.Scopes.reachable_work' depends on axioms: [propext, Quot.sound]
Full.Demand.Scopes.reserved_prefix {ts : List Full.Counted.Task} {fs : List Nat} (rs : List Full.Counted.Reservation)
  (hs : Full.Demand.Scopes.Work ts fs) :
  Full.Demand.Scopes.Work (List.map (fun r => Full.Counted.Task.freeReserved r.addr) rs ++ ts) fs
'Full.Demand.Scopes.reserved_prefix' depends on axioms: [propext]
Full.Demand.Scopes.task._sparseCasesOn_1.else_eq.{u} {motive : Full.Counted.Task → Sort u} (t : Full.Counted.Task)
  (eval : (e : Full.Expr) → (ctx : Full.Counted.Context) → motive (Full.Counted.Task.eval e ctx))
  (primitive : (op : Full.Op) → (ctx : Full.Counted.Context) → motive (Full.Counted.Task.primitive op ctx))
  (bind :
    (name : String) → (body : Full.Expr) → (ctx : Full.Counted.Context) → motive (Full.Counted.Task.bind name body ctx))
  (chooseIf : (yes no : Full.Expr) → (ctx : Full.Counted.Context) → motive (Full.Counted.Task.chooseIf yes no ctx))
  (chooseMatch :
    (empty : Full.Expr) →
      (head tail : String) →
        (cell : Full.Expr) →
          (ctx : Full.Counted.Context) → motive (Full.Counted.Task.chooseMatch empty head tail cell ctx))
  (decompose :
    (head tail : String) →
      (body : Full.Expr) →
        (bid : Nat) → (ctx : Full.Counted.Context) → motive (Full.Counted.Task.decompose head tail body bid ctx))
  (matchComplete : (ctx : Full.Counted.Context) → motive (Full.Counted.Task.matchComplete ctx))
  (branchStart : (ctx : Full.Counted.Context) → motive (Full.Counted.Task.branchStart ctx))
  (handoffMatch : (outer : Full.Counted.Context) → motive (Full.Counted.Task.handoffMatch outer))
  (enter :
    (name : String) → (arity : Nat) → (ctx : Full.Counted.Context) → motive (Full.Counted.Task.enter name arity ctx))
  (branchResult :
    (bid : Nat) → (inner outer : Full.Counted.Context) → motive (Full.Counted.Task.branchResult bid inner outer))
  (returning :
    (frame : Full.Counted.Frame) → (ctx : Full.Counted.Context) → motive (Full.Counted.Task.returning frame ctx))
  (else✝ : Nat.hasNotBit 28666 t.ctorIdx → motive t) (h : Nat.hasNotBit 28666 t.ctorIdx) :
  Full.Demand.Scopes.task._sparseCasesOn_1 t eval primitive bind chooseIf chooseMatch decompose matchComplete
      branchStart handoffMatch enter branchResult returning else✝ =
    else✝ h
'Full.Demand.Scopes.task._sparseCasesOn_1.else_eq' depends on axioms: [propext]
Full.Demand.Scopes.task.eq_1 (frames : List Nat) (e : Full.Expr) (ctx : Full.Counted.Context) :
  Full.Demand.Scopes.task frames (Full.Counted.Task.eval e ctx) = (ctx.invocation = frames.headD 0)
'Full.Demand.Scopes.task.eq_1' depends on axioms: [propext]
Full.Demand.Scopes.task.eq_10 (frames : List Nat) (name : String) (arity : Nat) (ctx : Full.Counted.Context) :
  Full.Demand.Scopes.task frames (Full.Counted.Task.enter name arity ctx) = (ctx.invocation = frames.headD 0)
'Full.Demand.Scopes.task.eq_10' depends on axioms: [propext]
Full.Demand.Scopes.task.eq_11 (frames : List Nat) (bid : Nat) (inner outer : Full.Counted.Context) :
  Full.Demand.Scopes.task frames (Full.Counted.Task.branchResult bid inner outer) =
    (inner.invocation = frames.headD 0 ∧ outer.invocation = frames.headD 0)
'Full.Demand.Scopes.task.eq_11' depends on axioms: [propext]
Full.Demand.Scopes.task.eq_12 (frames : List Nat) (f : Full.Counted.Frame) (ctx : Full.Counted.Context) :
  Full.Demand.Scopes.task frames (Full.Counted.Task.returning f ctx) =
    (frames.head? = some f.id ∧ ctx.invocation = frames.tail.headD 0)
'Full.Demand.Scopes.task.eq_12' depends on axioms: [propext]
Full.Demand.Scopes.task.eq_13 (frames : List Nat) (x✝ : Full.Counted.Task)
  (x_2 : ∀ (e : Full.Expr) (ctx : Full.Counted.Context), x✝ = Full.Counted.Task.eval e ctx → False)
  (x_3 : ∀ (op : Full.Op) (ctx : Full.Counted.Context), x✝ = Full.Counted.Task.primitive op ctx → False)
  (x_4 :
    ∀ (name : String) (body : Full.Expr) (ctx : Full.Counted.Context),
      x✝ = Full.Counted.Task.bind name body ctx → False)
  (x_5 : ∀ (yes no : Full.Expr) (ctx : Full.Counted.Context), x✝ = Full.Counted.Task.chooseIf yes no ctx → False)
  (x_6 :
    ∀ (empty : Full.Expr) (head tail : String) (cell : Full.Expr) (ctx : Full.Counted.Context),
      x✝ = Full.Counted.Task.chooseMatch empty head tail cell ctx → False)
  (x_7 :
    ∀ (head tail : String) (body : Full.Expr) (bid : Nat) (ctx : Full.Counted.Context),
      x✝ = Full.Counted.Task.decompose head tail body bid ctx → False)
  (x_8 : ∀ (ctx : Full.Counted.Context), x✝ = Full.Counted.Task.matchComplete ctx → False)
  (x_9 : ∀ (ctx : Full.Counted.Context), x✝ = Full.Counted.Task.branchStart ctx → False)
  (x_10 : ∀ (ctx : Full.Counted.Context), x✝ = Full.Counted.Task.handoffMatch ctx → False)
  (x_11 :
    ∀ (name : String) (arity : Nat) (ctx : Full.Counted.Context), x✝ = Full.Counted.Task.enter name arity ctx → False)
  (x_12 :
    ∀ (bid : Nat) (inner outer : Full.Counted.Context), x✝ = Full.Counted.Task.branchResult bid inner outer → False)
  (x_13 : ∀ (f : Full.Counted.Frame) (ctx : Full.Counted.Context), x✝ = Full.Counted.Task.returning f ctx → False) :
  Full.Demand.Scopes.task frames x✝ = True
'Full.Demand.Scopes.task.eq_13' depends on axioms: [propext]
Full.Demand.Scopes.task.eq_2 (frames : List Nat) (op : Full.Op) (ctx : Full.Counted.Context) :
  Full.Demand.Scopes.task frames (Full.Counted.Task.primitive op ctx) = (ctx.invocation = frames.headD 0)
'Full.Demand.Scopes.task.eq_2' depends on axioms: [propext]
Full.Demand.Scopes.task.eq_3 (frames : List Nat) (name : String) (body : Full.Expr) (ctx : Full.Counted.Context) :
  Full.Demand.Scopes.task frames (Full.Counted.Task.bind name body ctx) = (ctx.invocation = frames.headD 0)
'Full.Demand.Scopes.task.eq_3' depends on axioms: [propext]
Full.Demand.Scopes.task.eq_4 (frames : List Nat) (yes no : Full.Expr) (ctx : Full.Counted.Context) :
  Full.Demand.Scopes.task frames (Full.Counted.Task.chooseIf yes no ctx) = (ctx.invocation = frames.headD 0)
'Full.Demand.Scopes.task.eq_4' depends on axioms: [propext]
Full.Demand.Scopes.task.eq_5 (frames : List Nat) (empty : Full.Expr) (head tail : String) (cell : Full.Expr)
  (ctx : Full.Counted.Context) :
  Full.Demand.Scopes.task frames (Full.Counted.Task.chooseMatch empty head tail cell ctx) =
    (ctx.invocation = frames.headD 0)
'Full.Demand.Scopes.task.eq_5' depends on axioms: [propext]
Full.Demand.Scopes.task.eq_6 (frames : List Nat) (head tail : String) (body : Full.Expr) (bid : Nat)
  (ctx : Full.Counted.Context) :
  Full.Demand.Scopes.task frames (Full.Counted.Task.decompose head tail body bid ctx) =
    (ctx.invocation = frames.headD 0)
'Full.Demand.Scopes.task.eq_6' depends on axioms: [propext]
Full.Demand.Scopes.task.eq_7 (frames : List Nat) (ctx : Full.Counted.Context) :
  Full.Demand.Scopes.task frames (Full.Counted.Task.matchComplete ctx) = (ctx.invocation = frames.headD 0)
'Full.Demand.Scopes.task.eq_7' depends on axioms: [propext]
Full.Demand.Scopes.task.eq_8 (frames : List Nat) (ctx : Full.Counted.Context) :
  Full.Demand.Scopes.task frames (Full.Counted.Task.branchStart ctx) = (ctx.invocation = frames.headD 0)
'Full.Demand.Scopes.task.eq_8' depends on axioms: [propext]
Full.Demand.Scopes.task.eq_9 (frames : List Nat) (ctx : Full.Counted.Context) :
  Full.Demand.Scopes.task frames (Full.Counted.Task.handoffMatch ctx) = (ctx.invocation = frames.headD 0)
'Full.Demand.Scopes.task.eq_9' depends on axioms: [propext]
Full.Demand.Scopes.task_bound {fs : List Nat} {t : Full.Counted.Task} {next : Nat} (h : Full.Demand.Scopes.task fs t)
  (hn : 0 < next) (hb : ∀ (id : Nat), id ∈ fs → id < next) (ctx : Full.Counted.Context) :
  ctx ∈ Full.Demand.Scopes.contexts t → ctx.invocation < next
'Full.Demand.Scopes.task_bound' depends on axioms: [propext, Quot.sound]
Full.Demand.Scopes.transition_work {p : Full.Program} {s : Full.Counted.State} {c : Full.Counted.Change}
  (hs : Full.Demand.Scopes.Work s.tasks (List.map Full.Counted.Frame.id s.frames))
  (ht : Full.Counted.transition p s = Except.ok c) :
  Full.Demand.Scopes.Work c.state.tasks (List.map Full.Counted.Frame.id c.state.frames)
'Full.Demand.Scopes.transition_work' depends on axioms: [propext, Quot.sound]
Full.Demand.accepts.eq_1 (p : Full.Program) (name : String) :
  Full.Demand.accepts p name = (Full.Demand.check p name).isOk
'Full.Demand.accepts.eq_1' depends on axioms: [propext, Quot.sound]
Full.Demand.accepts_certificates {p : Full.Program} {name : String} (h : Full.Demand.accepts p name = true) :
  Full.Demand.CertifiedTable p
'Full.Demand.accepts_certificates' depends on axioms: [propext, Quot.sound]
Full.Demand.accepts_certificates._simp_1_5.{u_1} {α β : Type u_1} (x : Except String α) (f : α → Except String β)
  (b : β) : (x >>= f = Except.ok b) = ∃ a, x = Except.ok a ∧ f a = Except.ok b
'Full.Demand.accepts_certificates._simp_1_5' depends on axioms: [propext, Quot.sound]
Full.Demand.affine.eq_1 (name : String) (kind : Full.Kind) (body : Full.Expr) :
  Full.Demand.affine name kind body =
    if (kind == Trial.Kind.list && decide (Full.Demand.occurrences body [(name, some 0)] 0 > 1)) = true then
      Except.error (toString "list used more than once: " ++ toString name)
    else Except.ok ()
'Full.Demand.affine.eq_1' depends on axioms: [propext, Quot.sound]
Full.Demand.affine_list_bound {name : String} {body : Full.Expr}
  (h : Full.Demand.affine name Trial.Kind.list body = Except.ok ()) :
  Full.Demand.occurrences body [(name, some 0)] 0 ≤ 1
'Full.Demand.affine_list_bound' depends on axioms: [propext, Quot.sound]
Full.Demand.arguments_occurrences (id : Nat) (args : List (Full.Expr × Nat)) (ctx : Full.Counted.Context) :
  Full.Demand.futureOccurrences id
      (List.flatMap
        (fun x =>
          match x with
          | (a, i) => [Full.Counted.Task.eval a (Full.Counted.child ctx i), Full.Counted.Task.capture])
        args) =
    (List.map (fun a => Full.Demand.occurrences a.fst (Trial.toFEnv ctx.env) id) args).sum
'Full.Demand.arguments_occurrences' depends on axioms: [propext, Quot.sound]
Full.Demand.call_occurrences (id : Nat) (args : List Full.Expr) (ctx : Full.Counted.Context) :
  Full.Demand.futureOccurrences id
      (List.flatMap
        (fun x =>
          match x with
          | (a, i) => [Full.Counted.Task.eval a (Full.Counted.child ctx i), Full.Counted.Task.capture])
        args.zipIdx) =
    (List.map (fun a => Full.Demand.occurrences a.val (Trial.toFEnv ctx.env) id) args.attach).sum
'Full.Demand.call_occurrences' depends on axioms: [propext, Quot.sound]
Full.Demand.expression._sparseCasesOn_1.else_eq.{u_1, u} {α : Type u} {motive : Option α → Sort u_1} (t : Option α)
  (some : (val : α) → motive (some val)) (else✝ : Nat.hasNotBit 2 t.ctorIdx → motive t)
  (h : Nat.hasNotBit 2 t.ctorIdx) : Full.Demand.expression._sparseCasesOn_1 t some else✝ = else✝ h
'Full.Demand.expression._sparseCasesOn_1.else_eq' depends on axioms: [propext]
Full.Demand.expression._unary._proof_1 (env : List (String × Full.Kind)) (credits : List Nat) (op : Full.Op)
  (left right : Full.Expr) :
  InvImage (fun x1 x2 => x1 < x2)
    (fun x => PSigma.casesOn x fun env credits => PSigma.casesOn credits fun credits a => sizeOf a)
    ⟨env, ⟨credits, left⟩⟩ ⟨env, ⟨credits, Full.Expr.bin op left right⟩⟩
'Full.Demand.expression._unary._proof_1' depends on axioms: [propext, Quot.sound]
Full.Demand.expression._unary._proof_10 (env : List (String × Full.Kind)) (credits : List Nat) (scrut empty : Full.Expr)
  (head tail : String) (cell : Full.Expr) (credits✝ : List Nat) :
  InvImage (fun x1 x2 => x1 < x2)
    (fun x => PSigma.casesOn x fun env credits => PSigma.casesOn credits fun credits a => sizeOf a)
    ⟨(tail, Trial.Kind.list) :: (head, Trial.Kind.number) :: env, ⟨1 :: credits✝, cell⟩⟩
    ⟨env, ⟨credits, scrut.matchE empty head tail cell⟩⟩
'Full.Demand.expression._unary._proof_10' depends on axioms: [propext, Quot.sound]
Full.Demand.expression._unary._proof_11 (env : List (String × Full.Kind)) (credits : List Nat) (name : String)
  (args : List Full.Expr) (credits✝ : List Nat) (arg : { x // x ∈ args }) :
  InvImage (fun x1 x2 => x1 < x2)
    (fun x => PSigma.casesOn x fun env credits => PSigma.casesOn credits fun credits a => sizeOf a)
    ⟨env, ⟨credits✝, arg.val⟩⟩ ⟨env, ⟨credits, Full.Expr.call name args⟩⟩
'Full.Demand.expression._unary._proof_11' depends on axioms: [propext, Quot.sound]
Full.Demand.expression._unary._proof_2 (env : List (String × Full.Kind)) (credits : List Nat) (op : Full.Op)
  (left right : Full.Expr) (credits✝ : List Nat) :
  InvImage (fun x1 x2 => x1 < x2)
    (fun x => PSigma.casesOn x fun env credits => PSigma.casesOn credits fun credits a => sizeOf a)
    ⟨env, ⟨credits✝, right⟩⟩ ⟨env, ⟨credits, Full.Expr.bin op left right⟩⟩
'Full.Demand.expression._unary._proof_2' depends on axioms: [propext, Quot.sound]
Full.Demand.expression._unary._proof_3 (env : List (String × Full.Kind)) (credits : List Nat) (name : String)
  (bound body : Full.Expr) :
  InvImage (fun x1 x2 => x1 < x2)
    (fun x => PSigma.casesOn x fun env credits => PSigma.casesOn credits fun credits a => sizeOf a)
    ⟨env, ⟨credits, bound⟩⟩ ⟨env, ⟨credits, Full.Expr.letE name bound body⟩⟩
'Full.Demand.expression._unary._proof_3' depends on axioms: [propext, Quot.sound]
Full.Demand.expression._unary._proof_4 (env : List (String × Full.Kind)) (credits : List Nat) (name : String)
  (bound body : Full.Expr) (kind : Full.Kind) (credits✝ : List Nat) :
  InvImage (fun x1 x2 => x1 < x2)
    (fun x => PSigma.casesOn x fun env credits => PSigma.casesOn credits fun credits a => sizeOf a)
    ⟨(name, kind) :: env, ⟨credits✝, body⟩⟩ ⟨env, ⟨credits, Full.Expr.letE name bound body⟩⟩
'Full.Demand.expression._unary._proof_4' depends on axioms: [propext, Quot.sound]
Full.Demand.expression._unary._proof_5 (env : List (String × Full.Kind)) (credits : List Nat)
  (cond yes no : Full.Expr) :
  InvImage (fun x1 x2 => x1 < x2)
    (fun x => PSigma.casesOn x fun env credits => PSigma.casesOn credits fun credits a => sizeOf a)
    ⟨env, ⟨credits, cond⟩⟩ ⟨env, ⟨credits, cond.ifE yes no⟩⟩
'Full.Demand.expression._unary._proof_5' depends on axioms: [propext, Quot.sound]
Full.Demand.expression._unary._proof_6 (env : List (String × Full.Kind)) (credits : List Nat) (cond yes no : Full.Expr)
  (credits✝ : List Nat) :
  InvImage (fun x1 x2 => x1 < x2)
    (fun x => PSigma.casesOn x fun env credits => PSigma.casesOn credits fun credits a => sizeOf a)
    ⟨env, ⟨credits✝, yes⟩⟩ ⟨env, ⟨credits, cond.ifE yes no⟩⟩
'Full.Demand.expression._unary._proof_6' depends on axioms: [propext, Quot.sound]
Full.Demand.expression._unary._proof_7 (env : List (String × Full.Kind)) (credits : List Nat) (cond yes no : Full.Expr)
  (credits✝ : List Nat) :
  InvImage (fun x1 x2 => x1 < x2)
    (fun x => PSigma.casesOn x fun env credits => PSigma.casesOn credits fun credits a => sizeOf a)
    ⟨env, ⟨credits✝, no⟩⟩ ⟨env, ⟨credits, cond.ifE yes no⟩⟩
'Full.Demand.expression._unary._proof_7' depends on axioms: [propext, Quot.sound]
Full.Demand.expression._unary._proof_8 (env : List (String × Full.Kind)) (credits : List Nat) (scrut empty : Full.Expr)
  (head tail : String) (cell : Full.Expr) :
  InvImage (fun x1 x2 => x1 < x2)
    (fun x => PSigma.casesOn x fun env credits => PSigma.casesOn credits fun credits a => sizeOf a)
    ⟨env, ⟨credits, scrut⟩⟩ ⟨env, ⟨credits, scrut.matchE empty head tail cell⟩⟩
'Full.Demand.expression._unary._proof_8' depends on axioms: [propext, Quot.sound]
Full.Demand.expression._unary._proof_9 (env : List (String × Full.Kind)) (credits : List Nat) (scrut empty : Full.Expr)
  (head tail : String) (cell : Full.Expr) (credits✝ : List Nat) :
  InvImage (fun x1 x2 => x1 < x2)
    (fun x => PSigma.casesOn x fun env credits => PSigma.casesOn credits fun credits a => sizeOf a)
    ⟨env, ⟨0 :: credits✝, empty⟩⟩ ⟨env, ⟨credits, scrut.matchE empty head tail cell⟩⟩
'Full.Demand.expression._unary._proof_9' depends on axioms: [propext, Quot.sound]
Full.Demand.expression._unary.eq_def (fs : List Full.Function)
  (_x : (_ : List (String × Full.Kind)) ×' (_ : List Nat) ×' Full.Expr) :
  Full.Demand.expression._unary fs _x =
    PSigma.casesOn _x fun env credits =>
      PSigma.casesOn credits fun credits a =>
        match a with
        | Full.Expr.num n => pure credits
        | Full.Expr.bool b => pure credits
        | Full.Expr.nil => pure credits
        | Full.Expr.var name => pure credits
        | Full.Expr.bin op left right => do
          let credits ← Full.Demand.expression._unary fs ⟨env, ⟨credits, left⟩⟩
          let credits ← Full.Demand.expression._unary fs ⟨env, ⟨credits, right⟩⟩
          if (op == Full.Op.cons) = true then Full.Demand.spend credits else pure credits
        | Full.Expr.letE name bound body => do
          let kind ← Full.check fs env bound
          Full.Demand.affine name kind body
          let credits ← Full.Demand.expression._unary fs ⟨env, ⟨credits, bound⟩⟩
          Full.Demand.expression._unary fs ⟨(name, kind) :: env, ⟨credits, body⟩⟩
        | cond.ifE yes no => do
          let credits ← Full.Demand.expression._unary fs ⟨env, ⟨credits, cond⟩⟩
          let yes ← Full.Demand.expression._unary fs ⟨env, ⟨credits, yes⟩⟩
          let no ← Full.Demand.expression._unary fs ⟨env, ⟨credits, no⟩⟩
          pure (List.zipWith min yes no)
        | scrut.matchE empty head tail cell => do
          Full.Demand.affine tail Trial.Kind.list cell
          let credits ← Full.Demand.expression._unary fs ⟨env, ⟨credits, scrut⟩⟩
          let empty ← Full.Demand.expression._unary fs ⟨env, ⟨0 :: credits, empty⟩⟩
          let cell ←
            Full.Demand.expression._unary fs
                ⟨(tail, Trial.Kind.list) :: (head, Trial.Kind.number) :: env, ⟨1 :: credits, cell⟩⟩
          pure (List.zipWith min empty.tail cell.tail)
        | Full.Expr.call name args =>
          match Full.signature fs name with
          | some f =>
            have __do_jp := fun __r =>
              List.foldlM (fun credits arg => Full.Demand.expression._unary fs ⟨env, ⟨credits, arg.val⟩⟩) credits
                args.attach;
            if (!f.demanded) = true then do
              let __r ← throw (toString "ordinary callee has no demand certificate: " ++ toString name)
              __do_jp __r
            else __do_jp ()
          | x => throw (toString "unknown function " ++ toString name)
'Full.Demand.expression._unary.eq_def' depends on axioms: [propext, Quot.sound]
Full.Demand.expression.eq_1 (fs : List Full.Function) (env : List (String × Full.Kind)) (credits : List Nat) (n : Int) :
  Full.Demand.expression fs env credits (Full.Expr.num n) = pure credits
'Full.Demand.expression.eq_1' depends on axioms: [propext, Quot.sound]
Full.Demand.expression.eq_2 (fs : List Full.Function) (env : List (String × Full.Kind)) (credits : List Nat)
  (b : Bool) : Full.Demand.expression fs env credits (Full.Expr.bool b) = pure credits
'Full.Demand.expression.eq_2' depends on axioms: [propext, Quot.sound]
Full.Demand.expression.eq_3 (fs : List Full.Function) (env : List (String × Full.Kind)) (credits : List Nat) :
  Full.Demand.expression fs env credits Full.Expr.nil = pure credits
'Full.Demand.expression.eq_3' depends on axioms: [propext, Quot.sound]
Full.Demand.expression.eq_4 (fs : List Full.Function) (env : List (String × Full.Kind)) (credits : List Nat)
  (x : String) : Full.Demand.expression fs env credits (Full.Expr.var x) = pure credits
'Full.Demand.expression.eq_4' depends on axioms: [propext, Quot.sound]
Full.Demand.expression.eq_5 (fs : List Full.Function) (env : List (String × Full.Kind)) (credits : List Nat)
  (op : Full.Op) (a b : Full.Expr) :
  Full.Demand.expression fs env credits (Full.Expr.bin op a b) = do
    let credits ← Full.Demand.expression fs env credits a
    let credits ← Full.Demand.expression fs env credits b
    if (op == Full.Op.cons) = true then Full.Demand.spend credits else pure credits
'Full.Demand.expression.eq_5' depends on axioms: [propext, Quot.sound]
Full.Demand.expression.eq_6 (fs : List Full.Function) (env : List (String × Full.Kind)) (credits : List Nat)
  (x : String) (a b : Full.Expr) :
  Full.Demand.expression fs env credits (Full.Expr.letE x a b) = do
    let kind ← Full.check fs env a
    Full.Demand.affine x kind b
    let credits ← Full.Demand.expression fs env credits a
    Full.Demand.expression fs ((x, kind) :: env) credits b
'Full.Demand.expression.eq_6' depends on axioms: [propext, Quot.sound]
Full.Demand.expression.eq_7 (fs : List Full.Function) (env : List (String × Full.Kind)) (credits : List Nat)
  (c t e_1 : Full.Expr) :
  Full.Demand.expression fs env credits (c.ifE t e_1) = do
    let credits ← Full.Demand.expression fs env credits c
    let yes ← Full.Demand.expression fs env credits t
    let no ← Full.Demand.expression fs env credits e_1
    pure (List.zipWith min yes no)
'Full.Demand.expression.eq_7' depends on axioms: [propext, Quot.sound]
Full.Demand.expression.eq_8 (fs : List Full.Function) (env : List (String × Full.Kind)) (credits : List Nat)
  (s n : Full.Expr) (h t : String) (c : Full.Expr) :
  Full.Demand.expression fs env credits (s.matchE n h t c) = do
    Full.Demand.affine t Trial.Kind.list c
    let credits ← Full.Demand.expression fs env credits s
    let empty ← Full.Demand.expression fs env (0 :: credits) n
    let cell ← Full.Demand.expression fs ((t, Trial.Kind.list) :: (h, Trial.Kind.number) :: env) (1 :: credits) c
    pure (List.zipWith min empty.tail cell.tail)
'Full.Demand.expression.eq_8' depends on axioms: [propext, Quot.sound]
Full.Demand.expression.eq_9 (fs : List Full.Function) (env : List (String × Full.Kind)) (credits : List Nat)
  (name : String) (args : List Full.Expr) :
  Full.Demand.expression fs env credits (Full.Expr.call name args) =
    match Full.signature fs name with
    | some f =>
      have __do_jp := fun __r =>
        List.foldlM (fun credits arg => Full.Demand.expression fs env credits arg.val) credits args.attach;
      if (!f.demanded) = true then do
        let __r ← throw (toString "ordinary callee has no demand certificate: " ++ toString name)
        __do_jp __r
      else __do_jp ()
    | x => throw (toString "unknown function " ++ toString name)
'Full.Demand.expression.eq_9' depends on axioms: [propext, Quot.sound]
Full.Demand.expression.eq_def (fs : List Full.Function) (env : List (String × Full.Kind)) (credits : List Nat)
  (x✝ : Full.Expr) :
  Full.Demand.expression fs env credits x✝ =
    match x✝ with
    | Full.Expr.num n => pure credits
    | Full.Expr.bool b => pure credits
    | Full.Expr.nil => pure credits
    | Full.Expr.var name => pure credits
    | Full.Expr.bin op left right => do
      let credits ← Full.Demand.expression fs env credits left
      let credits ← Full.Demand.expression fs env credits right
      if (op == Full.Op.cons) = true then Full.Demand.spend credits else pure credits
    | Full.Expr.letE name bound body => do
      let kind ← Full.check fs env bound
      Full.Demand.affine name kind body
      let credits ← Full.Demand.expression fs env credits bound
      Full.Demand.expression fs ((name, kind) :: env) credits body
    | cond.ifE yes no => do
      let credits ← Full.Demand.expression fs env credits cond
      let yes ← Full.Demand.expression fs env credits yes
      let no ← Full.Demand.expression fs env credits no
      pure (List.zipWith min yes no)
    | scrut.matchE empty head tail cell => do
      Full.Demand.affine tail Trial.Kind.list cell
      let credits ← Full.Demand.expression fs env credits scrut
      let empty ← Full.Demand.expression fs env (0 :: credits) empty
      let cell ←
        Full.Demand.expression fs ((tail, Trial.Kind.list) :: (head, Trial.Kind.number) :: env) (1 :: credits) cell
      pure (List.zipWith min empty.tail cell.tail)
    | Full.Expr.call name args =>
      match Full.signature fs name with
      | some f =>
        have __do_jp := fun __r =>
          List.foldlM (fun credits arg => Full.Demand.expression fs env credits arg.val) credits args.attach;
        if (!f.demanded) = true then do
          let __r ← throw (toString "ordinary callee has no demand certificate: " ++ toString name)
          __do_jp __r
        else __do_jp ()
      | x => throw (toString "unknown function " ++ toString name)
'Full.Demand.expression.eq_def' depends on axioms: [propext, Quot.sound]
Full.Demand.expression_length (e : Full.Expr) (fs : List Full.Function) (env : List (String × Full.Kind))
  (a b : List Nat) (h : Full.Demand.expression fs env a e = Except.ok b) : b.length = a.length
'Full.Demand.expression_length' depends on axioms: [propext, Quot.sound]
Full.Demand.expression_length._simp_1_11.{u_1} {α β : Type u_1} (x : Except String α) (f : α → Except String β)
  (b : β) : (x >>= f = Except.ok b) = ∃ a, x = Except.ok a ∧ f a = Except.ok b
'Full.Demand.expression_length._simp_1_11' depends on axioms: [propext, Quot.sound]
Full.Demand.expression_length._unary (fs : List Full.Function)
  (_x :
    (e : Full.Expr) ×'
      (env : List (String × Full.Kind)) ×'
        (a : List Nat) ×' (b : List Nat) ×' Full.Demand.expression fs env a e = Except.ok b) :
  _x.2.2.2.1.length = _x.2.2.1.length
'Full.Demand.expression_length._unary' depends on axioms: [propext, Quot.sound]
Full.Demand.fold_length.{u_1} {α : Type u_1} {a b : List Nat} (xs : List α)
  (f : List Nat → α → Except String (List Nat))
  (step : ∀ (x : α), x ∈ xs → ∀ (a b : List Nat), f a x = Except.ok b → b.length = a.length)
  (h : List.foldlM f a xs = Except.ok b) : b.length = a.length
'Full.Demand.fold_length' depends on axioms: [propext, Quot.sound]
Full.Demand.fold_length._simp_1_1.{u_1} {α β : Type u_1} (x : Except String α) (f : α → Except String β) (b : β) :
  (x >>= f = Except.ok b) = ∃ a, x = Except.ok a ∧ f a = Except.ok b
'Full.Demand.fold_length._simp_1_1' depends on axioms: [propext, Quot.sound]
Full.Demand.freeReserved_occurrences (id : Nat) (rs : List Full.Counted.Reservation) :
  Full.Demand.futureOccurrences id (List.map (fun r => Full.Counted.Task.freeReserved r.addr) rs) = 0
'Full.Demand.freeReserved_occurrences' depends on axioms: [propext, Quot.sound]
Full.Demand.futureOccurrences.eq_1 (id : Nat) (tasks : List Full.Counted.Task) :
  Full.Demand.futureOccurrences id tasks = (List.map (Full.Demand.taskOccurrences id) tasks).sum
'Full.Demand.futureOccurrences.eq_1' depends on axioms: [propext, Quot.sound]
Full.Demand.futureUses_zero (id : Nat) (tasks : List Full.Counted.Task) :
  tasks.any (Full.Counted.taskUses id) = false ↔ Full.Demand.futureOccurrences id tasks = 0
'Full.Demand.futureUses_zero' depends on axioms: [propext, Classical.choice, Quot.sound]
Full.Demand.futureUses_zero._simp_1_2.{u_1} {α : Type u_1} {p : α → Bool} {l : List α} :
  (l.any p = false) = ∀ (x : α), x ∈ l → ¬p x = true
'Full.Demand.futureUses_zero._simp_1_2' depends on axioms: [propext, Quot.sound]
Full.Demand.futureUses_zero._simp_1_3.{u_1} {α : Type u_1} (xs : List α) (f : α → Nat) :
  ((List.map f xs).sum = 0) = ∀ (x : α), x ∈ xs → f x = 0
'Full.Demand.futureUses_zero._simp_1_3' depends on axioms: [propext, Quot.sound]
Full.Demand.futureUses_zero._simp_1_4 (id : Nat) (task : Full.Counted.Task) :
  (Full.Counted.taskUses id task = false) = (Full.Demand.taskOccurrences id task = 0)
'Full.Demand.futureUses_zero._simp_1_4' depends on axioms: [propext, Classical.choice, Quot.sound]
Full.Demand.future_append (id : Nat) (a b : List Full.Counted.Task) :
  Full.Demand.futureOccurrences id (a ++ b) = Full.Demand.futureOccurrences id a + Full.Demand.futureOccurrences id b
'Full.Demand.future_append' depends on axioms: [propext, Quot.sound]
Full.Demand.future_cons (id : Nat) (t : Full.Counted.Task) (ts : List Full.Counted.Task) :
  Full.Demand.futureOccurrences id (t :: ts) = Full.Demand.taskOccurrences id t + Full.Demand.futureOccurrences id ts
'Full.Demand.future_cons' depends on axioms: [propext, Quot.sound]
Full.Demand.future_dead (id : Nat) (bs : List Full.Counted.Binding) (env : Full.Counted.Env)
  (ts : List Full.Counted.Task) : Full.Demand.futureOccurrences id (Full.Counted.dead bs env ts) = 0
'Full.Demand.future_dead' depends on axioms: [propext, Classical.choice, Quot.sound]
Full.Demand.future_nil (id : Nat) : Full.Demand.futureOccurrences id [] = 0
'Full.Demand.future_nil' depends on axioms: [propext, Quot.sound]
Full.Demand.hide_lookup (a b : Trial.FEnv) (i j : Nat) (name : String)
  (h : ∀ (x : String), (Trial.lookupF a x == some (some i)) = (Trial.lookupF b x == some (some j))) (x : String) :
  (Trial.lookupF ((name, none) :: a) x == some (some i)) = (Trial.lookupF ((name, none) :: b) x == some (some j))
'Full.Demand.hide_lookup' depends on axioms: [propext]
Full.Demand.join_lower (a b : List Nat) (hl : a.length = b.length) :
  Full.Demand.Lower (List.zipWith min a b) a ∧ Full.Demand.Lower (List.zipWith min a b) b
'Full.Demand.join_lower' depends on axioms: [propext, Classical.choice, Quot.sound]
Full.Demand.last_use (env : Trial.Env) (id : Nat) (name : String) (ctx : Full.Counted.Context)
  (rest : List Full.Counted.Task) (he : ctx.env = env) (hx : Trial.lookupF (Trial.toFEnv env) name = some (some id))
  (hb : Full.Demand.futureOccurrences id (Full.Counted.Task.eval (Full.Expr.var name) ctx :: rest) ≤ 1) :
  rest.any (Full.Counted.taskUses id) = false
'Full.Demand.last_use' depends on axioms: [propext, Classical.choice, Quot.sound]
Full.Demand.last_use._proof_1_19 (id : Nat) (rest : List Full.Counted.Task)
  (hb : 1 + (List.map (Full.Demand.taskOccurrences id) rest).sum ≤ 1) :
  ¬(List.map (Full.Demand.taskOccurrences id) rest).sum = 0 → False
'Full.Demand.last_use._proof_1_19' depends on axioms: [propext, Quot.sound]
Full.Demand.occurrences._unary._proof_1 (env : Trial.FEnv) (op✝ : Full.Op) (a b : Full.Expr) :
  InvImage (fun x1 x2 => x1 < x2) (fun x => PSigma.casesOn x fun e env => sizeOf e) ⟨a, env⟩
    ⟨Full.Expr.bin op✝ a b, env⟩
'Full.Demand.occurrences._unary._proof_1' depends on axioms: [propext, Quot.sound]
Full.Demand.occurrences._unary._proof_10 (env : Trial.FEnv) (s n : Full.Expr) (h t : String) (c : Full.Expr) :
  InvImage (fun x1 x2 => x1 < x2) (fun x => PSigma.casesOn x fun e env => sizeOf e) ⟨c, (t, none) :: (h, none) :: env⟩
    ⟨s.matchE n h t c, env⟩
'Full.Demand.occurrences._unary._proof_10' depends on axioms: [propext, Quot.sound]
Full.Demand.occurrences._unary._proof_11 (env : Trial.FEnv) (name✝ : String) (args : List Full.Expr)
  (a : { x // x ∈ args }) :
  InvImage (fun x1 x2 => x1 < x2) (fun x => PSigma.casesOn x fun e env => sizeOf e) ⟨a.val, env⟩
    ⟨Full.Expr.call name✝ args, env⟩
'Full.Demand.occurrences._unary._proof_11' depends on axioms: [propext, Quot.sound]
Full.Demand.occurrences._unary._proof_2 (env : Trial.FEnv) (op✝ : Full.Op) (a b : Full.Expr) :
  InvImage (fun x1 x2 => x1 < x2) (fun x => PSigma.casesOn x fun e env => sizeOf e) ⟨b, env⟩
    ⟨Full.Expr.bin op✝ a b, env⟩
'Full.Demand.occurrences._unary._proof_2' depends on axioms: [propext, Quot.sound]
Full.Demand.occurrences._unary._proof_3 (env : Trial.FEnv) (x : String) (a b : Full.Expr) :
  InvImage (fun x1 x2 => x1 < x2) (fun x => PSigma.casesOn x fun e env => sizeOf e) ⟨a, env⟩ ⟨Full.Expr.letE x a b, env⟩
'Full.Demand.occurrences._unary._proof_3' depends on axioms: [propext, Quot.sound]
Full.Demand.occurrences._unary._proof_4 (env : Trial.FEnv) (x : String) (a b : Full.Expr) :
  InvImage (fun x1 x2 => x1 < x2) (fun x => PSigma.casesOn x fun e env => sizeOf e) ⟨b, (x, none) :: env⟩
    ⟨Full.Expr.letE x a b, env⟩
'Full.Demand.occurrences._unary._proof_4' depends on axioms: [propext, Quot.sound]
Full.Demand.occurrences._unary._proof_5 (env : Trial.FEnv) (c t e : Full.Expr) :
  InvImage (fun x1 x2 => x1 < x2) (fun x => PSigma.casesOn x fun e env => sizeOf e) ⟨c, env⟩ ⟨c.ifE t e, env⟩
'Full.Demand.occurrences._unary._proof_5' depends on axioms: [propext, Quot.sound]
Full.Demand.occurrences._unary._proof_6 (env : Trial.FEnv) (c t e : Full.Expr) :
  InvImage (fun x1 x2 => x1 < x2) (fun x => PSigma.casesOn x fun e env => sizeOf e) ⟨t, env⟩ ⟨c.ifE t e, env⟩
'Full.Demand.occurrences._unary._proof_6' depends on axioms: [propext, Quot.sound]
Full.Demand.occurrences._unary._proof_7 (env : Trial.FEnv) (c t e : Full.Expr) :
  InvImage (fun x1 x2 => x1 < x2) (fun x => PSigma.casesOn x fun e env => sizeOf e) ⟨e, env⟩ ⟨c.ifE t e, env⟩
'Full.Demand.occurrences._unary._proof_7' depends on axioms: [propext, Quot.sound]
Full.Demand.occurrences._unary._proof_8 (env : Trial.FEnv) (s n : Full.Expr) (h t : String) (c : Full.Expr) :
  InvImage (fun x1 x2 => x1 < x2) (fun x => PSigma.casesOn x fun e env => sizeOf e) ⟨s, env⟩ ⟨s.matchE n h t c, env⟩
'Full.Demand.occurrences._unary._proof_8' depends on axioms: [propext, Quot.sound]
Full.Demand.occurrences._unary._proof_9 (env : Trial.FEnv) (s n : Full.Expr) (h t : String) (c : Full.Expr) :
  InvImage (fun x1 x2 => x1 < x2) (fun x => PSigma.casesOn x fun e env => sizeOf e) ⟨n, env⟩ ⟨s.matchE n h t c, env⟩
'Full.Demand.occurrences._unary._proof_9' depends on axioms: [propext, Quot.sound]
Full.Demand.occurrences._unary.eq_def (id : Nat) (_x : (_ : Full.Expr) ×' Trial.FEnv) :
  Full.Demand.occurrences._unary id _x =
    PSigma.casesOn _x fun e env =>
      match e with
      | Full.Expr.num n => 0
      | Full.Expr.bool b => 0
      | Full.Expr.nil => 0
      | Full.Expr.var x => if (Trial.lookupF env x == some (some id)) = true then 1 else 0
      | Full.Expr.bin op a b => Full.Demand.occurrences._unary id ⟨a, env⟩ + Full.Demand.occurrences._unary id ⟨b, env⟩
      | Full.Expr.letE x a b =>
        Full.Demand.occurrences._unary id ⟨a, env⟩ + Full.Demand.occurrences._unary id ⟨b, (x, none) :: env⟩
      | c.ifE t e =>
        Full.Demand.occurrences._unary id ⟨c, env⟩ +
          max (Full.Demand.occurrences._unary id ⟨t, env⟩) (Full.Demand.occurrences._unary id ⟨e, env⟩)
      | s.matchE n h t c =>
        Full.Demand.occurrences._unary id ⟨s, env⟩ +
          max (Full.Demand.occurrences._unary id ⟨n, env⟩)
            (Full.Demand.occurrences._unary id ⟨c, (t, none) :: (h, none) :: env⟩)
      | Full.Expr.call name args => (List.map (fun a => Full.Demand.occurrences._unary id ⟨a.val, env⟩) args.attach).sum
'Full.Demand.occurrences._unary.eq_def' depends on axioms: [propext, Quot.sound]
Full.Demand.occurrences.eq_1 (env : Trial.FEnv) (id : Nat) (n : Int) :
  Full.Demand.occurrences (Full.Expr.num n) env id = 0
'Full.Demand.occurrences.eq_1' depends on axioms: [propext, Quot.sound]
Full.Demand.occurrences.eq_2 (env : Trial.FEnv) (id : Nat) (b : Bool) :
  Full.Demand.occurrences (Full.Expr.bool b) env id = 0
'Full.Demand.occurrences.eq_2' depends on axioms: [propext, Quot.sound]
Full.Demand.occurrences.eq_3 (env : Trial.FEnv) (id : Nat) : Full.Demand.occurrences Full.Expr.nil env id = 0
'Full.Demand.occurrences.eq_3' depends on axioms: [propext, Quot.sound]
Full.Demand.occurrences.eq_4 (env : Trial.FEnv) (id : Nat) (x : String) :
  Full.Demand.occurrences (Full.Expr.var x) env id = if (Trial.lookupF env x == some (some id)) = true then 1 else 0
'Full.Demand.occurrences.eq_4' depends on axioms: [propext, Quot.sound]
Full.Demand.occurrences.eq_5 (env : Trial.FEnv) (id : Nat) (op : Full.Op) (a b : Full.Expr) :
  Full.Demand.occurrences (Full.Expr.bin op a b) env id =
    Full.Demand.occurrences a env id + Full.Demand.occurrences b env id
'Full.Demand.occurrences.eq_5' depends on axioms: [propext, Quot.sound]
Full.Demand.occurrences.eq_6 (env : Trial.FEnv) (id : Nat) (x : String) (a b : Full.Expr) :
  Full.Demand.occurrences (Full.Expr.letE x a b) env id =
    Full.Demand.occurrences a env id + Full.Demand.occurrences b ((x, none) :: env) id
'Full.Demand.occurrences.eq_6' depends on axioms: [propext, Quot.sound]
Full.Demand.occurrences.eq_7 (env : Trial.FEnv) (id : Nat) (c t e_2 : Full.Expr) :
  Full.Demand.occurrences (c.ifE t e_2) env id =
    Full.Demand.occurrences c env id + max (Full.Demand.occurrences t env id) (Full.Demand.occurrences e_2 env id)
'Full.Demand.occurrences.eq_7' depends on axioms: [propext, Quot.sound]
Full.Demand.occurrences.eq_8 (env : Trial.FEnv) (id : Nat) (s n : Full.Expr) (h t : String) (c : Full.Expr) :
  Full.Demand.occurrences (s.matchE n h t c) env id =
    Full.Demand.occurrences s env id +
      max (Full.Demand.occurrences n env id) (Full.Demand.occurrences c ((t, none) :: (h, none) :: env) id)
'Full.Demand.occurrences.eq_8' depends on axioms: [propext, Quot.sound]
Full.Demand.occurrences.eq_9 (env : Trial.FEnv) (id : Nat) (name : String) (args : List Full.Expr) :
  Full.Demand.occurrences (Full.Expr.call name args) env id =
    (List.map (fun a => Full.Demand.occurrences a.val env id) args.attach).sum
'Full.Demand.occurrences.eq_9' depends on axioms: [propext, Quot.sound]
Full.Demand.occurrences.eq_def (e : Full.Expr) (env : Trial.FEnv) (id : Nat) :
  Full.Demand.occurrences e env id =
    match e with
    | Full.Expr.num n => 0
    | Full.Expr.bool b => 0
    | Full.Expr.nil => 0
    | Full.Expr.var x => if (Trial.lookupF env x == some (some id)) = true then 1 else 0
    | Full.Expr.bin op a b => Full.Demand.occurrences a env id + Full.Demand.occurrences b env id
    | Full.Expr.letE x a b => Full.Demand.occurrences a env id + Full.Demand.occurrences b ((x, none) :: env) id
    | c.ifE t e =>
      Full.Demand.occurrences c env id + max (Full.Demand.occurrences t env id) (Full.Demand.occurrences e env id)
    | s.matchE n h t c =>
      Full.Demand.occurrences s env id +
        max (Full.Demand.occurrences n env id) (Full.Demand.occurrences c ((t, none) :: (h, none) :: env) id)
    | Full.Expr.call name args => (List.map (fun a => Full.Demand.occurrences a.val env id) args.attach).sum
'Full.Demand.occurrences.eq_def' depends on axioms: [propext, Quot.sound]
Full.Demand.occurrences_ext (e : Full.Expr) (a b : Trial.FEnv) (i j : Nat)
  (h : ∀ (x : String), (Trial.lookupF a x == some (some i)) = (Trial.lookupF b x == some (some j))) :
  Full.Demand.occurrences e a i = Full.Demand.occurrences e b j
'Full.Demand.occurrences_ext' depends on axioms: [propext, Quot.sound]
Full.Demand.occurrences_ext._unary (i j : Nat)
  (_x :
    (_ : Full.Expr) ×'
      (a : Trial.FEnv) ×'
        (b : Trial.FEnv) ×'
          ∀ (x : String), (Trial.lookupF a x == some (some i)) = (Trial.lookupF b x == some (some j))) :
  Full.Demand.occurrences _x.1 _x.2.1 i = Full.Demand.occurrences _x.1 _x.2.2.1 j
'Full.Demand.occurrences_ext._unary' depends on axioms: [propext, Quot.sound]
Full.Demand.occurrences_fresh_pair (e : Full.Expr) (env : Trial.FEnv) (head tail : String) (hid tid id : Nat)
  (hh : hid ≠ id) (ht : tid ≠ id) :
  Full.Demand.occurrences e ((tail, some tid) :: (head, some hid) :: env) id =
    Full.Demand.occurrences e ((tail, none) :: (head, none) :: env) id
'Full.Demand.occurrences_fresh_pair' depends on axioms: [propext, Quot.sound]
Full.Demand.occurrences_fresh_shadow (e : Full.Expr) (env : Trial.FEnv) (name : String) (fresh id : Nat)
  (hne : fresh ≠ id) :
  Full.Demand.occurrences e ((name, some fresh) :: env) id = Full.Demand.occurrences e ((name, none) :: env) id
'Full.Demand.occurrences_fresh_shadow' depends on axioms: [propext, Quot.sound]
Full.Demand.parameter_occurrences {id : Nat} (pairs : List ((String × Full.Kind) × Full.Counted.Slot))
  (next invocation : Nat) (name : String) (e : Full.Expr) (hb : id < next) :
  Full.Demand.occurrences e
      (Trial.toFEnv
        (List.map (fun b => (b.record.name, b.record.id))
          (List.map
              (fun x =>
                match x with
                | (((x, snd), v), i) =>
                  Full.Counted.makeBinding (next + i) x v invocation
                    (toString name ++ toString "/parameter/" ++ toString x))
              pairs.zipIdx).reverse))
      id =
    0
'Full.Demand.parameter_occurrences' depends on axioms: [propext, Classical.choice, Quot.sound]
Full.Demand.spend.eq_1 : Full.Demand.spend [] = Except.error "Cons has no eligible reservation in this invocation"
'Full.Demand.spend.eq_1' does not depend on any axioms
Full.Demand.spend.eq_2 (rest : List Nat) :
  Full.Demand.spend (0 :: rest) = do
    let __do_lift ← Full.Demand.spend rest
    pure (0 :: __do_lift)
'Full.Demand.spend.eq_2' does not depend on any axioms
Full.Demand.spend.eq_3 (n : Nat) (rest : List Nat) : Full.Demand.spend (n.succ :: rest) = Except.ok (n :: rest)
'Full.Demand.spend.eq_3' does not depend on any axioms
Full.Demand.spend.eq_def (x✝ : List Nat) :
  Full.Demand.spend x✝ =
    match x✝ with
    | [] => Except.error "Cons has no eligible reservation in this invocation"
    | 0 :: rest => do
      let __do_lift ← Full.Demand.spend rest
      pure (0 :: __do_lift)
    | n.succ :: rest => Except.ok (n :: rest)
'Full.Demand.spend.eq_def' does not depend on any axioms
Full.Demand.spend_length (xs ys : List Nat) (h : Full.Demand.spend xs = Except.ok ys) : ys.length = xs.length
'Full.Demand.spend_length' depends on axioms: [propext, Quot.sound]
Full.Demand.spend_length._simp_1_5.{u_1} {α β : Type u_1} (x : Except String α) (f : α → Except String β) (b : β) :
  (x >>= f = Except.ok b) = ∃ a, x = Except.ok a ∧ f a = Except.ok b
'Full.Demand.spend_length._simp_1_5' depends on axioms: [propext, Quot.sound]
Full.Demand.spend_lower {a b : List Nat} (h : Full.Demand.spend a = Except.ok b) : Full.Demand.Lower b a
'Full.Demand.spend_lower' depends on axioms: [propext, Quot.sound]
Full.Demand.spend_lower._proof_1_6 (n : Nat) : ¬n ≤ n + 1 → False
'Full.Demand.spend_lower._proof_1_6' depends on axioms: [propext, Quot.sound]
Full.Demand.spend_lower._simp_1_5.{u_1} {α β : Type u_1} (x : Except String α) (f : α → Except String β) (b : β) :
  (x >>= f = Except.ok b) = ∃ a, x = Except.ok a ∧ f a = Except.ok b
'Full.Demand.spend_lower._simp_1_5' depends on axioms: [propext, Quot.sound]
Full.Demand.spend_monotone {a b a' : List Nat} (hl : Full.Demand.Lower a b) (ha : Full.Demand.spend a = Except.ok a') :
  ∃ b', Full.Demand.spend b = Except.ok b' ∧ Full.Demand.Lower a' b'
'Full.Demand.spend_monotone' depends on axioms: [propext, Classical.choice, Quot.sound]
Full.Demand.spend_monotone._proof_1_6 (n : Nat) (hxy : n + 1 ≤ 0) : False
'Full.Demand.spend_monotone._proof_1_6' depends on axioms: [propext, Quot.sound]
Full.Demand.spend_monotone._proof_1_7 (n m : Nat) (hxy : n + 1 ≤ m + 1) : ¬n ≤ m → False
'Full.Demand.spend_monotone._proof_1_7' depends on axioms: [propext, Quot.sound]
Full.Demand.spend_monotone._simp_1_5.{u_1} {α β : Type u_1} (x : Except String α) (f : α → Except String β) (b : β) :
  (x >>= f = Except.ok b) = ∃ a, x = Except.ok a ∧ f a = Except.ok b
'Full.Demand.spend_monotone._simp_1_5' depends on axioms: [propext, Quot.sound]
Full.Demand.sum_map_zero.{u_1} {α : Type u_1} (xs : List α) (f : α → Nat) :
  (List.map f xs).sum = 0 ↔ ∀ (x : α), x ∈ xs → f x = 0
'Full.Demand.sum_map_zero' depends on axioms: [propext, Quot.sound]
Full.Demand.taskOccurrences._sparseCasesOn_1.else_eq.{u} {motive : Full.Counted.Task → Sort u} (t : Full.Counted.Task)
  (eval : (e : Full.Expr) → (ctx : Full.Counted.Context) → motive (Full.Counted.Task.eval e ctx))
  (bind :
    (name : String) → (body : Full.Expr) → (ctx : Full.Counted.Context) → motive (Full.Counted.Task.bind name body ctx))
  (chooseIf : (yes no : Full.Expr) → (ctx : Full.Counted.Context) → motive (Full.Counted.Task.chooseIf yes no ctx))
  (chooseMatch :
    (empty : Full.Expr) →
      (head tail : String) →
        (cell : Full.Expr) →
          (ctx : Full.Counted.Context) → motive (Full.Counted.Task.chooseMatch empty head tail cell ctx))
  (decompose :
    (head tail : String) →
      (body : Full.Expr) →
        (bid : Nat) → (ctx : Full.Counted.Context) → motive (Full.Counted.Task.decompose head tail body bid ctx))
  (else✝ : Nat.hasNotBit 242 t.ctorIdx → motive t) (h : Nat.hasNotBit 242 t.ctorIdx) :
  Full.Demand.taskOccurrences._sparseCasesOn_1 t eval bind chooseIf chooseMatch decompose else✝ = else✝ h
'Full.Demand.taskOccurrences._sparseCasesOn_1.else_eq' depends on axioms: [propext]
Full.Demand.taskOccurrences.eq_1 (id : Nat) (e : Full.Expr) (ctx : Full.Counted.Context) :
  Full.Demand.taskOccurrences id (Full.Counted.Task.eval e ctx) = Full.Demand.occurrences e (Trial.toFEnv ctx.env) id
'Full.Demand.taskOccurrences.eq_1' depends on axioms: [propext, Quot.sound]
Full.Demand.taskOccurrences.eq_2 (id : Nat) (x_1 : String) (body : Full.Expr) (ctx : Full.Counted.Context) :
  Full.Demand.taskOccurrences id (Full.Counted.Task.bind x_1 body ctx) =
    Full.Demand.occurrences body ((x_1, none) :: Trial.toFEnv ctx.env) id
'Full.Demand.taskOccurrences.eq_2' depends on axioms: [propext, Quot.sound]
Full.Demand.taskOccurrences.eq_3 (id : Nat) (t e : Full.Expr) (ctx : Full.Counted.Context) :
  Full.Demand.taskOccurrences id (Full.Counted.Task.chooseIf t e ctx) =
    max (Full.Demand.occurrences t (Trial.toFEnv ctx.env) id) (Full.Demand.occurrences e (Trial.toFEnv ctx.env) id)
'Full.Demand.taskOccurrences.eq_3' depends on axioms: [propext, Quot.sound]
Full.Demand.taskOccurrences.eq_4 (id : Nat) (n : Full.Expr) (h t : String) (c : Full.Expr)
  (ctx : Full.Counted.Context) :
  Full.Demand.taskOccurrences id (Full.Counted.Task.chooseMatch n h t c ctx) =
    max (Full.Demand.occurrences n (Trial.toFEnv ctx.env) id)
      (Full.Demand.occurrences c ((t, none) :: (h, none) :: Trial.toFEnv ctx.env) id)
'Full.Demand.taskOccurrences.eq_4' depends on axioms: [propext, Quot.sound]
Full.Demand.taskOccurrences.eq_5 (id : Nat) (h t : String) (c : Full.Expr) (bid : Nat) (ctx : Full.Counted.Context) :
  Full.Demand.taskOccurrences id (Full.Counted.Task.decompose h t c bid ctx) =
    Full.Demand.occurrences c ((t, none) :: (h, none) :: Trial.toFEnv ctx.env) id
'Full.Demand.taskOccurrences.eq_5' depends on axioms: [propext, Quot.sound]
Full.Demand.taskOccurrences.eq_6 (id : Nat) (x✝ : Full.Counted.Task)
  (x_2 : ∀ (e : Full.Expr) (ctx : Full.Counted.Context), x✝ = Full.Counted.Task.eval e ctx → False)
  (x_3 : ∀ (x : String) (body : Full.Expr) (ctx : Full.Counted.Context), x✝ = Full.Counted.Task.bind x body ctx → False)
  (x_4 : ∀ (t e : Full.Expr) (ctx : Full.Counted.Context), x✝ = Full.Counted.Task.chooseIf t e ctx → False)
  (x_5 :
    ∀ (n : Full.Expr) (h t : String) (c : Full.Expr) (ctx : Full.Counted.Context),
      x✝ = Full.Counted.Task.chooseMatch n h t c ctx → False)
  (x_6 :
    ∀ (h t : String) (c : Full.Expr) (bid : Nat) (ctx : Full.Counted.Context),
      x✝ = Full.Counted.Task.decompose h t c bid ctx → False) :
  Full.Demand.taskOccurrences id x✝ = 0
'Full.Demand.taskOccurrences.eq_6' depends on axioms: [propext, Quot.sound]
Full.Demand.taskUses_zero (id : Nat) (task : Full.Counted.Task) :
  Full.Counted.taskUses id task = false ↔ Full.Demand.taskOccurrences id task = 0
'Full.Demand.taskUses_zero' depends on axioms: [propext, Classical.choice, Quot.sound]
Full.Demand.taskUses_zero._simp_1_15 {x y : Bool} : ((x || y) = false) = (x = false ∧ y = false)
'Full.Demand.taskUses_zero._simp_1_15' depends on axioms: [propext]
Full.Demand.taskUses_zero._simp_1_16 (e : Full.Expr) (env : Trial.FEnv) (id : Nat) :
  (Full.uses e env id = false) = (Full.Demand.occurrences e env id = 0)
'Full.Demand.taskUses_zero._simp_1_16' depends on axioms: [propext, Classical.choice, Quot.sound]
Full.Demand.transition_old_occurrences {p : Full.Program} {s : Full.Counted.State} {c : Full.Counted.Change} {id : Nat}
  (hb : id < s.nextBinding) (ht : Full.Counted.transition p s = Except.ok c) :
  Full.Demand.futureOccurrences id c.state.tasks ≤ Full.Demand.futureOccurrences id s.tasks
'Full.Demand.transition_old_occurrences' depends on axioms: [propext, Classical.choice, Quot.sound]
Full.Demand.transition_old_occurrences._proof_1_1 {s : Full.Counted.State} {id : Nat} (hb : id < s.nextBinding) :
  s.nextBinding = id → False
'Full.Demand.transition_old_occurrences._proof_1_1' depends on axioms: [propext, Quot.sound]
Full.Demand.transition_old_occurrences._proof_1_2 {s : Full.Counted.State} {id : Nat} (hb : id < s.nextBinding) :
  s.nextBinding + 1 = id → False
'Full.Demand.transition_old_occurrences._proof_1_2' depends on axioms: [propext, Quot.sound]
Full.Demand.transition_old_occurrences._proof_1_21 {s : Full.Counted.State} {id : Nat} (rest : List Full.Counted.Task) :
  ¬Full.Demand.futureOccurrences id rest ≤ Full.Demand.futureOccurrences id rest → False
'Full.Demand.transition_old_occurrences._proof_1_21' depends on axioms: [propext, Quot.sound]
Full.Demand.transition_old_occurrences._proof_1_22 {s : Full.Counted.State} {id : Nat} (rest : List Full.Counted.Task) :
  ¬Full.Demand.futureOccurrences id rest ≤ 0 + Full.Demand.futureOccurrences id rest → False
'Full.Demand.transition_old_occurrences._proof_1_22' depends on axioms: [propext, Quot.sound]
Full.Demand.transition_old_occurrences._proof_1_23 {s : Full.Counted.State} {id : Nat} (rest : List Full.Counted.Task)
  (ctx✝ : Full.Counted.Context) (x✝ : String) :
  ¬Full.Demand.futureOccurrences id rest ≤
        (if (Trial.lookupF (List.map (fun p => (p.fst, some p.snd)) ctx✝.env) x✝ == some (some id)) = true then 1
          else 0) +
          Full.Demand.futureOccurrences id rest →
    False
'Full.Demand.transition_old_occurrences._proof_1_23' depends on axioms: [propext, Quot.sound]
Full.Demand.transition_old_occurrences._proof_1_24 {s : Full.Counted.State} {id : Nat} (rest : List Full.Counted.Task)
  (ctx✝ : Full.Counted.Context) (a✝ b✝ : Full.Expr) :
  ¬Full.Demand.occurrences a✝ (List.map (fun p => (p.fst, some p.snd)) ctx✝.env) id +
            Full.Demand.occurrences b✝ (List.map (fun p => (p.fst, some p.snd)) ctx✝.env) id +
          Full.Demand.futureOccurrences id rest ≤
        Full.Demand.occurrences a✝ (List.map (fun p => (p.fst, some p.snd)) ctx✝.env) id +
            Full.Demand.occurrences b✝ (List.map (fun p => (p.fst, some p.snd)) ctx✝.env) id +
          Full.Demand.futureOccurrences id rest →
    False
'Full.Demand.transition_old_occurrences._proof_1_24' depends on axioms: [propext, Quot.sound]
Full.Demand.transition_old_occurrences._proof_1_25 {s : Full.Counted.State} {id : Nat} (rest : List Full.Counted.Task)
  (ctx✝ : Full.Counted.Context) (x✝ : String) (a✝ b✝ : Full.Expr) :
  ¬Full.Demand.occurrences a✝ (List.map (fun p => (p.fst, some p.snd)) ctx✝.env) id +
            Full.Demand.occurrences b✝ ((x✝, none) :: List.map (fun p => (p.fst, some p.snd)) ctx✝.env) id +
          Full.Demand.futureOccurrences id rest ≤
        Full.Demand.occurrences a✝ (List.map (fun p => (p.fst, some p.snd)) ctx✝.env) id +
            Full.Demand.occurrences b✝ ((x✝, none) :: List.map (fun p => (p.fst, some p.snd)) ctx✝.env) id +
          Full.Demand.futureOccurrences id rest →
    False
'Full.Demand.transition_old_occurrences._proof_1_25' depends on axioms: [propext, Quot.sound]
Full.Demand.transition_old_occurrences._proof_1_26 {s : Full.Counted.State} {id : Nat} (rest : List Full.Counted.Task)
  (ctx✝ : Full.Counted.Context) (c✝ t✝ e✝ : Full.Expr) :
  ¬Full.Demand.occurrences c✝ (List.map (fun p => (p.fst, some p.snd)) ctx✝.env) id +
            max (Full.Demand.occurrences t✝ (List.map (fun p => (p.fst, some p.snd)) ctx✝.env) id)
              (Full.Demand.occurrences e✝ (List.map (fun p => (p.fst, some p.snd)) ctx✝.env) id) +
          Full.Demand.futureOccurrences id rest ≤
        Full.Demand.occurrences c✝ (List.map (fun p => (p.fst, some p.snd)) ctx✝.env) id +
            max (Full.Demand.occurrences t✝ (List.map (fun p => (p.fst, some p.snd)) ctx✝.env) id)
              (Full.Demand.occurrences e✝ (List.map (fun p => (p.fst, some p.snd)) ctx✝.env) id) +
          Full.Demand.futureOccurrences id rest →
    False
'Full.Demand.transition_old_occurrences._proof_1_26' depends on axioms: [propext, Quot.sound]
Full.Demand.transition_old_occurrences._proof_1_27 {s : Full.Counted.State} {id : Nat} (rest : List Full.Counted.Task)
  (ctx✝ : Full.Counted.Context) (a✝ n✝ : Full.Expr) (h✝ t✝ : String) (c✝ : Full.Expr) :
  ¬Full.Demand.occurrences a✝ (List.map (fun p => (p.fst, some p.snd)) ctx✝.env) id +
            max (Full.Demand.occurrences n✝ (List.map (fun p => (p.fst, some p.snd)) ctx✝.env) id)
              (Full.Demand.occurrences c✝ ((t✝, none) :: (h✝, none) :: List.map (fun p => (p.fst, some p.snd)) ctx✝.env)
                id) +
          Full.Demand.futureOccurrences id rest ≤
        Full.Demand.occurrences a✝ (List.map (fun p => (p.fst, some p.snd)) ctx✝.env) id +
            max (Full.Demand.occurrences n✝ (List.map (fun p => (p.fst, some p.snd)) ctx✝.env) id)
              (Full.Demand.occurrences c✝ ((t✝, none) :: (h✝, none) :: List.map (fun p => (p.fst, some p.snd)) ctx✝.env)
                id) +
          Full.Demand.futureOccurrences id rest →
    False
'Full.Demand.transition_old_occurrences._proof_1_27' depends on axioms: [propext, Quot.sound]
Full.Demand.transition_old_occurrences._proof_1_28 {s : Full.Counted.State} {id : Nat} (rest : List Full.Counted.Task)
  (ctx✝ : Full.Counted.Context) (args✝ : List Full.Expr) :
  ¬(List.map (fun a => Full.Demand.occurrences a.val (List.map (fun p => (p.fst, some p.snd)) ctx✝.env) id)
              args✝.attach).sum +
          Full.Demand.futureOccurrences id rest ≤
        (List.map (fun a => Full.Demand.occurrences a.val (List.map (fun p => (p.fst, some p.snd)) ctx✝.env) id)
              args✝.attach).sum +
          Full.Demand.futureOccurrences id rest →
    False
'Full.Demand.transition_old_occurrences._proof_1_28' depends on axioms: [propext, Quot.sound]
Full.Demand.transition_old_occurrences._proof_1_29 {s : Full.Counted.State} {id : Nat} (rest : List Full.Counted.Task)
  (name✝ : String) (body✝ : Full.Expr) (ctx✝ : Full.Counted.Context) :
  ¬Full.Demand.occurrences body✝ ((name✝, none) :: List.map (fun p => (p.fst, some p.snd)) ctx✝.env) id +
          Full.Demand.futureOccurrences id rest ≤
        Full.Demand.occurrences body✝ ((name✝, none) :: List.map (fun p => (p.fst, some p.snd)) ctx✝.env) id +
          Full.Demand.futureOccurrences id rest →
    False
'Full.Demand.transition_old_occurrences._proof_1_29' depends on axioms: [propext, Quot.sound]
Full.Demand.transition_old_occurrences._proof_1_30 {s : Full.Counted.State} {id : Nat} (rest : List Full.Counted.Task)
  (yes✝ no✝ : Full.Expr) (ctx✝ : Full.Counted.Context) :
  ¬Full.Demand.occurrences yes✝ (List.map (fun p => (p.fst, some p.snd)) ctx✝.env) id +
          Full.Demand.futureOccurrences id rest ≤
        max (Full.Demand.occurrences yes✝ (List.map (fun p => (p.fst, some p.snd)) ctx✝.env) id)
            (Full.Demand.occurrences no✝ (List.map (fun p => (p.fst, some p.snd)) ctx✝.env) id) +
          Full.Demand.futureOccurrences id rest →
    False
'Full.Demand.transition_old_occurrences._proof_1_30' depends on axioms: [propext, Quot.sound]
Full.Demand.transition_old_occurrences._proof_1_31 {s : Full.Counted.State} {id : Nat} (rest : List Full.Counted.Task)
  (yes✝ no✝ : Full.Expr) (ctx✝ : Full.Counted.Context) :
  ¬Full.Demand.occurrences no✝ (List.map (fun p => (p.fst, some p.snd)) ctx✝.env) id +
          Full.Demand.futureOccurrences id rest ≤
        max (Full.Demand.occurrences yes✝ (List.map (fun p => (p.fst, some p.snd)) ctx✝.env) id)
            (Full.Demand.occurrences no✝ (List.map (fun p => (p.fst, some p.snd)) ctx✝.env) id) +
          Full.Demand.futureOccurrences id rest →
    False
'Full.Demand.transition_old_occurrences._proof_1_31' depends on axioms: [propext, Quot.sound]
Full.Demand.transition_old_occurrences._proof_1_32 {s : Full.Counted.State} {id : Nat} (rest : List Full.Counted.Task)
  (empty✝ : Full.Expr) (head✝ tail✝ : String) (cell✝ : Full.Expr) (ctx✝ : Full.Counted.Context) :
  ¬Full.Demand.occurrences empty✝ (List.map (fun p => (p.fst, some p.snd)) ctx✝.env) id +
          Full.Demand.futureOccurrences id rest ≤
        max (Full.Demand.occurrences empty✝ (List.map (fun p => (p.fst, some p.snd)) ctx✝.env) id)
            (Full.Demand.occurrences cell✝
              ((tail✝, none) :: (head✝, none) :: List.map (fun p => (p.fst, some p.snd)) ctx✝.env) id) +
          Full.Demand.futureOccurrences id rest →
    False
'Full.Demand.transition_old_occurrences._proof_1_32' depends on axioms: [propext, Quot.sound]
Full.Demand.transition_old_occurrences._proof_1_33 {s : Full.Counted.State} {id : Nat} (rest : List Full.Counted.Task)
  (empty✝ : Full.Expr) (head✝ tail✝ : String) (cell✝ : Full.Expr) (ctx✝ : Full.Counted.Context) :
  ¬Full.Demand.occurrences cell✝ ((tail✝, none) :: (head✝, none) :: List.map (fun p => (p.fst, some p.snd)) ctx✝.env)
            id +
          Full.Demand.futureOccurrences id rest ≤
        max (Full.Demand.occurrences empty✝ (List.map (fun p => (p.fst, some p.snd)) ctx✝.env) id)
            (Full.Demand.occurrences cell✝
              ((tail✝, none) :: (head✝, none) :: List.map (fun p => (p.fst, some p.snd)) ctx✝.env) id) +
          Full.Demand.futureOccurrences id rest →
    False
'Full.Demand.transition_old_occurrences._proof_1_33' depends on axioms: [propext, Quot.sound]
Full.Demand.transition_old_occurrences._proof_1_34 {s : Full.Counted.State} {id : Nat} (rest : List Full.Counted.Task)
  (head✝ tail✝ : String) (body✝ : Full.Expr) (ctx✝ : Full.Counted.Context) :
  ¬Full.Demand.occurrences body✝ ((tail✝, none) :: (head✝, none) :: List.map (fun p => (p.fst, some p.snd)) ctx✝.env)
            id +
          Full.Demand.futureOccurrences id rest ≤
        Full.Demand.occurrences body✝
            ((tail✝, none) :: (head✝, none) :: List.map (fun p => (p.fst, some p.snd)) ctx✝.env) id +
          Full.Demand.futureOccurrences id rest →
    False
'Full.Demand.transition_old_occurrences._proof_1_34' depends on axioms: [propext, Quot.sound]
Full.Demand.uses_zero (e : Full.Expr) (env : Trial.FEnv) (id : Nat) :
  Full.uses e env id = false ↔ Full.Demand.occurrences e env id = 0
'Full.Demand.uses_zero' depends on axioms: [propext, Classical.choice, Quot.sound]
Full.Demand.uses_zero._simp_1_21 {x y : Bool} : ((x || y) = false) = (x = false ∧ y = false)
'Full.Demand.uses_zero._simp_1_21' depends on axioms: [propext]
Full.Demand.uses_zero._simp_1_22 {a b c : Prop} : ((a ∧ b) ∧ c) = (a ∧ b ∧ c)
'Full.Demand.uses_zero._simp_1_22' depends on axioms: [propext]
Full.Demand.uses_zero._simp_1_23.{u_1} {α : Type u_1} {p : α → Bool} {l : List α} :
  (l.any p = false) = ∀ (x : α), x ∈ l → ¬p x = true
'Full.Demand.uses_zero._simp_1_23' depends on axioms: [propext, Quot.sound]
Full.Demand.uses_zero._simp_1_24.{u_1} {α : Type u_1} (xs : List α) (f : α → Nat) :
  ((List.map f xs).sum = 0) = ∀ (x : α), x ∈ xs → f x = 0
'Full.Demand.uses_zero._simp_1_24' depends on axioms: [propext, Quot.sound]
Full.Demand.uses_zero._unary (_x : (_ : Full.Expr) ×' (_ : Trial.FEnv) ×' Nat) :
  Full.uses _x.1 _x.2.1 _x.2.2 = false ↔ Full.Demand.occurrences _x.1 _x.2.1 _x.2.2 = 0
'Full.Demand.uses_zero._unary' depends on axioms: [propext, Classical.choice, Quot.sound]
PUBLIC_THEOREM Full.Demand.expression._unary._proof_2
PUBLIC_THEOREM Full.Demand.Events.advance_invariant
PUBLIC_THEOREM Full.Demand.Scopes.task.eq_10
PUBLIC_THEOREM Full.Demand.taskUses_zero._simp_1_16
PUBLIC_THEOREM Full.Demand.Scopes.task.eq_4
PUBLIC_THEOREM Full.Demand.spend_monotone._proof_1_7
PUBLIC_THEOREM Full.Demand.Scopes.after.eq_2
PUBLIC_THEOREM Full.Demand.Events.future_zero._proof_1_3
PUBLIC_THEOREM Full.Demand.occurrences.eq_5
PUBLIC_THEOREM Full.Demand.Events.Trace.brecOn
PUBLIC_THEOREM Full.Demand.expression._sparseCasesOn_1.else_eq
PUBLIC_THEOREM Full.Demand.freeReserved_occurrences
PUBLIC_THEOREM Full.Demand.Events.future_zero
PUBLIC_THEOREM Full.Demand.Events.step_invariant
PUBLIC_THEOREM Full.Demand.expression.eq_9
PUBLIC_THEOREM Full.Demand.spend_lower._simp_1_5
PUBLIC_THEOREM Full.Demand.Scopes.task.eq_5
PUBLIC_THEOREM Full.Demand.Events.tally_active
PUBLIC_THEOREM Full.Demand.expression.eq_5
PUBLIC_THEOREM Full.Demand.expression_length._unary
PUBLIC_THEOREM Full.Demand.hide_lookup
PUBLIC_THEOREM Full.Demand.Scopes.task.eq_1
PUBLIC_THEOREM Full.Demand.occurrences._unary._proof_7
PUBLIC_THEOREM Full.Demand.Scopes.reserved_prefix
PUBLIC_THEOREM Full.Demand.Events.transition_extension._simp_1_20
PUBLIC_THEOREM Full.Demand.Scopes.task.eq_13
PUBLIC_THEOREM Full.Demand.Events.head_ge
PUBLIC_THEOREM Full.Demand.expression.eq_8
PUBLIC_THEOREM Full.Demand.futureOccurrences.eq_1
PUBLIC_THEOREM Full.Demand.Events.transition_extension
PUBLIC_THEOREM Full.Demand.spend.eq_1
PUBLIC_THEOREM Full.Demand.transition_old_occurrences._proof_1_1
PUBLIC_THEOREM Full.Demand.taskOccurrences.eq_4
PUBLIC_THEOREM Full.Demand.occurrences.eq_1
PUBLIC_THEOREM Full.Demand.uses_zero._simp_1_23
PUBLIC_THEOREM Full.Demand.Events.transition_history
PUBLIC_THEOREM Full.Demand.fold_length
PUBLIC_THEOREM Full.Demand.Events.next_positive
PUBLIC_THEOREM Full.Demand.accepts.eq_1
PUBLIC_THEOREM Full.Demand.Scopes.Work.contexts_bound
PUBLIC_THEOREM Full.Demand.expression._unary._proof_1
PUBLIC_THEOREM Full.Demand.Events.frames_ordered._proof_1_1
PUBLIC_THEOREM Full.Demand.transition_old_occurrences._proof_1_34
PUBLIC_THEOREM Full.Demand.expression_length._simp_1_11
PUBLIC_THEOREM Full.Demand.transition_old_occurrences._proof_1_24
PUBLIC_THEOREM Full.Demand.Events.future_zero._proof_1_4
PUBLIC_THEOREM Full.Demand.Scopes.headD_bound
PUBLIC_THEOREM Full.Demand.occurrences_ext
PUBLIC_THEOREM Full.Demand.occurrences._unary._proof_10
PUBLIC_THEOREM Full.Demand.Scopes.contexts.eq_3
PUBLIC_THEOREM Full.Demand.Scopes.after.eq_1
PUBLIC_THEOREM Full.Demand.Scopes.contexts.eq_2
PUBLIC_THEOREM Full.Demand.arguments_occurrences
PUBLIC_THEOREM Full.Demand.occurrences._unary._proof_11
PUBLIC_THEOREM Full.Demand.occurrences._unary._proof_8
PUBLIC_THEOREM Full.Demand.transition_old_occurrences._proof_1_29
PUBLIC_THEOREM Full.Demand.spend_lower
PUBLIC_THEOREM Full.Demand.Scopes.contexts.eq_8
PUBLIC_THEOREM Full.Demand.occurrences._unary._proof_1
PUBLIC_THEOREM Full.Demand.expression._unary.eq_def
PUBLIC_THEOREM Full.Demand.Scopes.task._sparseCasesOn_1.else_eq
PUBLIC_THEOREM Full.Demand.uses_zero._simp_1_21
PUBLIC_THEOREM Full.Demand.future_nil
PUBLIC_THEOREM Full.Demand.futureUses_zero._simp_1_4
PUBLIC_THEOREM Full.Demand.occurrences.eq_3
PUBLIC_THEOREM Full.Demand.uses_zero._simp_1_24
PUBLIC_THEOREM Full.Demand.occurrences_ext._unary
PUBLIC_THEOREM Full.Demand.Scopes.task.eq_6
PUBLIC_THEOREM Full.Demand.Scopes.contexts.eq_6
PUBLIC_THEOREM Full.Demand.occurrences._unary._proof_4
PUBLIC_THEOREM Full.Demand.expression._unary._proof_3
PUBLIC_THEOREM Full.Demand.parameter_occurrences
PUBLIC_THEOREM Full.Demand.transition_old_occurrences._proof_1_26
PUBLIC_THEOREM Full.Demand.Scopes.contexts.eq_5
PUBLIC_THEOREM Full.Demand.Scopes.advance_work
PUBLIC_THEOREM Full.Demand.occurrences.eq_9
PUBLIC_THEOREM Full.Demand.expression.eq_2
PUBLIC_THEOREM Full.Demand.expression._unary._proof_7
PUBLIC_THEOREM Full.Demand.spend_lower._proof_1_6
PUBLIC_THEOREM Full.Demand.Lower.length
PUBLIC_THEOREM Full.Demand.spend.eq_3
PUBLIC_THEOREM Full.Demand.Events.creates_eq
PUBLIC_THEOREM Full.Demand.transition_old_occurrences._proof_1_31
PUBLIC_THEOREM Full.Demand.occurrences.eq_4
PUBLIC_THEOREM Full.Demand.occurrences.eq_def
PUBLIC_THEOREM Full.Demand.Events.tally_active._simp_1_4
PUBLIC_THEOREM Full.Demand.Lower.refl
PUBLIC_THEOREM Full.Demand.expression._unary._proof_8
PUBLIC_THEOREM Full.Demand.futureUses_zero._simp_1_3
PUBLIC_THEOREM Full.Demand.accepts_certificates._simp_1_5
PUBLIC_THEOREM Full.Demand.uses_zero._simp_1_22
PUBLIC_THEOREM Full.Demand.occurrences.eq_7
PUBLIC_THEOREM Full.Demand.occurrences._unary._proof_6
PUBLIC_THEOREM Full.Demand.Events.tally.eq_1
PUBLIC_THEOREM Full.Demand.Scopes.after._sparseCasesOn_1.else_eq
PUBLIC_THEOREM Full.Demand.last_use
PUBLIC_THEOREM Full.Demand.spend_monotone._simp_1_5
PUBLIC_THEOREM Full.Demand.Events.begin_history
PUBLIC_THEOREM Full.Demand.Events.tally_active._simp_1_5
PUBLIC_THEOREM Full.Demand.Scopes.task_bound
PUBLIC_THEOREM Full.Demand.Scopes.task.eq_2
PUBLIC_THEOREM Full.Demand.future_dead
PUBLIC_THEOREM Full.Demand.occurrences_fresh_shadow
PUBLIC_THEOREM Full.Demand.last_use._proof_1_19
PUBLIC_THEOREM Full.Demand.Lower.brecOn
PUBLIC_THEOREM Full.Demand.Scopes.reachable_work
PUBLIC_THEOREM Full.Demand.Scopes.Work.brecOn
PUBLIC_THEOREM Full.Demand.Scopes.task.eq_3
PUBLIC_THEOREM Full.Demand.Scopes.contexts._sparseCasesOn_1.else_eq
PUBLIC_THEOREM Full.Demand.expression._unary._proof_11
PUBLIC_THEOREM Full.Demand.Events.frames_ordered
PUBLIC_THEOREM Full.Demand.uses_zero
PUBLIC_THEOREM Full.Demand.Events.Extension.closed
PUBLIC_THEOREM Full.Demand.Scopes.task.eq_9
PUBLIC_THEOREM Full.Demand.Events.frame_bound._proof_1_2
PUBLIC_THEOREM Full.Demand.futureUses_zero._simp_1_2
PUBLIC_THEOREM Full.Demand.Events.begin_invariant
PUBLIC_THEOREM Full.Demand.occurrences._unary.eq_def
PUBLIC_THEOREM Full.Demand.transition_old_occurrences._proof_1_28
PUBLIC_THEOREM Full.Demand.accepts_certificates
PUBLIC_THEOREM Full.Demand.taskOccurrences.eq_6
PUBLIC_THEOREM Full.Demand.spend_length._simp_1_5
PUBLIC_THEOREM Full.Demand.Scopes.contexts.eq_9
PUBLIC_THEOREM Full.Demand.expression.eq_7
PUBLIC_THEOREM Full.Demand.Scopes.task.eq_12
PUBLIC_THEOREM Full.Demand.sum_map_zero
PUBLIC_THEOREM Full.Demand.Events.Extension.closed._proof_1_3
PUBLIC_THEOREM Full.Demand.future_cons
PUBLIC_THEOREM Full.Demand.occurrences.eq_8
PUBLIC_THEOREM Full.Demand.Scopes.arguments
PUBLIC_THEOREM Full.Demand.taskOccurrences.eq_2
PUBLIC_THEOREM Full.Demand.occurrences.eq_6
PUBLIC_THEOREM Full.Demand.expression.eq_6
PUBLIC_THEOREM Full.Demand.Scopes.contexts.eq_13
PUBLIC_THEOREM Full.Demand.Events.reachable_invariant
PUBLIC_THEOREM Full.Demand.Events.advance_closed
PUBLIC_THEOREM Full.Demand.spend.eq_def
PUBLIC_THEOREM Full.Demand.Scopes.contexts.eq_1
PUBLIC_THEOREM Full.Demand.Scopes.contexts.eq_11
PUBLIC_THEOREM Full.Demand.expression._unary._proof_9
PUBLIC_THEOREM Full.Demand.Scopes.contexts.eq_4
PUBLIC_THEOREM Full.Demand.occurrences_fresh_pair
PUBLIC_THEOREM Full.Demand.expression.eq_def
PUBLIC_THEOREM Full.Demand.join_lower
PUBLIC_THEOREM Full.Demand.transition_old_occurrences._proof_1_22
PUBLIC_THEOREM Full.Demand.Scopes.contexts.eq_12
PUBLIC_THEOREM Full.Demand.Scopes.contexts.eq_10
PUBLIC_THEOREM Full.Demand.transition_old_occurrences
PUBLIC_THEOREM Full.Demand.occurrences._unary._proof_5
PUBLIC_THEOREM Full.Demand.Events.frames_nodup
PUBLIC_THEOREM Full.Demand.expression._unary._proof_10
PUBLIC_THEOREM Full.Demand.Lower.trans
PUBLIC_THEOREM Full.Demand.uses_zero._unary
PUBLIC_THEOREM Full.Demand.expression._unary._proof_6
PUBLIC_THEOREM Full.Demand.transition_old_occurrences._proof_1_30
PUBLIC_THEOREM Full.Demand.Scopes.task.eq_8
PUBLIC_THEOREM Full.Demand.spend_length
PUBLIC_THEOREM Full.Demand.transition_old_occurrences._proof_1_27
PUBLIC_THEOREM Full.Demand.Events.frame_bound
PUBLIC_THEOREM Full.Demand.taskOccurrences.eq_5
PUBLIC_THEOREM Full.Demand.taskUses_zero
PUBLIC_THEOREM Full.Demand.expression._unary._proof_4
PUBLIC_THEOREM Full.Demand.occurrences._unary._proof_2
PUBLIC_THEOREM Full.Demand.Scopes.task.eq_11
PUBLIC_THEOREM Full.Demand.spend_monotone._proof_1_6
PUBLIC_THEOREM Full.Demand.Events.next_positive._proof_1_1
PUBLIC_THEOREM Full.Demand.affine.eq_1
PUBLIC_THEOREM Full.Demand.Events.frame_bound._proof_1_1
PUBLIC_THEOREM Full.Demand.Events.Extension.trace
PUBLIC_THEOREM Full.Demand.Events.tally_active._simp_1_3
PUBLIC_THEOREM Full.Demand.Events.transition_invariant
PUBLIC_THEOREM Full.Demand.taskOccurrences._sparseCasesOn_1.else_eq
PUBLIC_THEOREM Full.Demand.Events.tally_active._proof_1_6
PUBLIC_THEOREM Full.Demand.occurrences.eq_2
PUBLIC_THEOREM Full.Demand.spend_monotone
PUBLIC_THEOREM Full.Demand.Events.next_positive._proof_1_2
PUBLIC_THEOREM Full.Demand.taskOccurrences.eq_3
PUBLIC_THEOREM Full.Demand.affine_list_bound
PUBLIC_THEOREM Full.Demand.expression.eq_4
PUBLIC_THEOREM Full.Demand.futureUses_zero
PUBLIC_THEOREM Full.Demand.transition_old_occurrences._proof_1_2
PUBLIC_THEOREM Full.Demand.transition_old_occurrences._proof_1_33
PUBLIC_THEOREM Full.Demand.expression.eq_1
PUBLIC_THEOREM Full.Demand.Scopes.task.eq_7
PUBLIC_THEOREM Full.Demand.call_occurrences
PUBLIC_THEOREM Full.Demand.expression_length
PUBLIC_THEOREM Full.Demand.Events.frames_nodup._proof_1_1
PUBLIC_THEOREM Full.Demand.Scopes.dead_prefix
PUBLIC_THEOREM Full.Demand.Scopes.contexts.eq_7
PUBLIC_THEOREM Full.Demand.Lower.tail
PUBLIC_THEOREM Full.Demand.occurrences._unary._proof_3
PUBLIC_THEOREM Full.Demand.future_append
PUBLIC_THEOREM Full.Demand.transition_old_occurrences._proof_1_32
PUBLIC_THEOREM Full.Demand.spend.eq_2
PUBLIC_THEOREM Full.Demand.Events.Extension.closed._proof_1_4
PUBLIC_THEOREM Full.Demand.transition_old_occurrences._proof_1_25
PUBLIC_THEOREM Full.Demand.Events.last_enter
PUBLIC_THEOREM Full.Demand.occurrences._unary._proof_9
PUBLIC_THEOREM Full.Demand.fold_length._simp_1_1
PUBLIC_THEOREM Full.Demand.transition_old_occurrences._proof_1_21
PUBLIC_THEOREM Full.Demand.expression._unary._proof_5
PUBLIC_THEOREM Full.Demand.Events.tally._sparseCasesOn_3.else_eq
PUBLIC_THEOREM Full.Demand.taskUses_zero._simp_1_15
PUBLIC_THEOREM Full.Demand.taskOccurrences.eq_1
PUBLIC_THEOREM Full.Demand.Scopes.begin_work
PUBLIC_THEOREM Full.Demand.Scopes.reachable_contexts_bound
PUBLIC_THEOREM Full.Demand.Events.transition_enter_zero
PUBLIC_THEOREM Full.Demand.Scopes.transition_work
PUBLIC_THEOREM Full.Demand.Events.step_closed
PUBLIC_THEOREM Full.Demand.expression.eq_3
PUBLIC_THEOREM Full.Demand.Events.entry_zero
PUBLIC_THEOREM Full.Demand.transition_old_occurrences._proof_1_23
