$ lake env lean -o .lake/build/lib/lean/DemandAudit.olean DemandAudit.lean
Full.Demand.Affinity.StateCertified.eq_1 (root : Nat) (p : Full.Program) (out : Full.Kind) (s : Full.Counted.State) :
  Full.Demand.Affinity.StateCertified root p out s =
    ∃ ks fs,
      Full.Proofs.CountedTyping.SlotsTyped s.slots ks ∧
        List.map Full.Counted.Frame.id s.frames = List.map Prod.fst fs ∧
          Full.Demand.Affinity.Work root p s.bindings out s.tasks ks fs ∧
            ∀ (edge : Nat × Full.Value), edge ∈ s.edges → Trial.PlainValue.kind edge.snd = Trial.Kind.list
'Full.Demand.Affinity.StateCertified.eq_1' depends on axioms: [propext, Quot.sound]
Full.Demand.Affinity.StateCertified.typed {root : Nat} {p : Full.Program} {out : Full.Kind} {s : Full.Counted.State}
  (h : Full.Demand.Affinity.StateCertified root p out s) : Full.Proofs.CountedTyping.StateTyped p out s
'Full.Demand.Affinity.StateCertified.typed' depends on axioms: [propext, Quot.sound]
Full.Demand.Affinity.Work.brecOn {root : Nat} {p : Full.Program} {bs : List Full.Counted.Binding} {out : Full.Kind}
  {motive :
    (a : List Full.Counted.Task) →
      (a_1 : List Full.Kind) →
        (a_2 : List (Nat × Full.Kind)) → Full.Demand.Affinity.Work root p bs out a a_1 a_2 → Prop}
  {a✝ : List Full.Counted.Task} {a✝¹ : List Full.Kind} {a✝² : List (Nat × Full.Kind)}
  (t : Full.Demand.Affinity.Work root p bs out a✝ a✝¹ a✝²)
  (F_1 :
    ∀ (a : List Full.Counted.Task) (a_1 : List Full.Kind) (a_2 : List (Nat × Full.Kind))
      (t : Full.Demand.Affinity.Work root p bs out a a_1 a_2), Full.Demand.Affinity.Work.below t → motive a a_1 a_2 t) :
  motive a✝ a✝¹ a✝² t
'Full.Demand.Affinity.Work.brecOn' depends on axioms: [propext, Quot.sound]
Full.Demand.Affinity.Work.of_older {p : Full.Program} {bs : List Full.Counted.Binding} {out : Full.Kind}
  {ts : List Full.Counted.Task} {ks : List Full.Kind} {fs : List (Nat × Full.Kind)} {root : Nat}
  (h : Full.Proofs.CountedTyping.WorkTyped p bs out ts ks fs)
  (older :
    ∀ (t : Full.Counted.Task),
      t ∈ ts → ∀ (ctx : Full.Counted.Context), ctx ∈ Full.Demand.Scopes.contexts t → ctx.invocation < root) :
  Full.Demand.Affinity.Work root p bs out ts ks fs
'Full.Demand.Affinity.Work.of_older' depends on axioms: [propext, Classical.choice, Quot.sound]
Full.Demand.Affinity.Work.of_older._proof_1_2 {root : Nat} {ts✝ : List Full.Counted.Task} {ctx✝ : Full.Counted.Context}
  (older :
    ctx✝.invocation < root ∧
      ∀ (a : Full.Counted.Task),
        a ∈ ts✝ →
          ∀ (ctx : Full.Counted.Context),
            (ctx ∈
                match a with
                | Full.Counted.Task.eval e ctx => [ctx]
                | Full.Counted.Task.primitive op ctx => [ctx]
                | Full.Counted.Task.bind name body ctx => [ctx]
                | Full.Counted.Task.chooseIf yes no ctx => [ctx]
                | Full.Counted.Task.chooseMatch empty head tail cell ctx => [ctx]
                | Full.Counted.Task.decompose head tail body bid ctx => [ctx]
                | Full.Counted.Task.matchComplete ctx => [ctx]
                | Full.Counted.Task.branchStart ctx => [ctx]
                | Full.Counted.Task.handoffMatch ctx => [ctx]
                | Full.Counted.Task.enter name arity ctx => [ctx]
                | Full.Counted.Task.returning frame ctx => [ctx]
                | Full.Counted.Task.branchResult bid inner outer => [inner, outer]
                | x => []) →
              ctx.invocation < root)
  (h : root ≤ ctx✝.invocation) : False
'Full.Demand.Affinity.Work.of_older._proof_1_2' depends on axioms: [propext, Quot.sound]
Full.Demand.Affinity.Work.of_older._proof_1_3 {root : Nat} :
  ∀ {f : Full.Function} {arity : Nat} {ts : List Full.Counted.Task} {ctx : Full.Counted.Context}
    (older :
      ctx.invocation < root ∧
        ∀ (a : Full.Counted.Task),
          a ∈ ts →
            ∀ (ctx : Full.Counted.Context),
              (ctx ∈
                  match a with
                  | Full.Counted.Task.eval e ctx => [ctx]
                  | Full.Counted.Task.primitive op ctx => [ctx]
                  | Full.Counted.Task.bind name body ctx => [ctx]
                  | Full.Counted.Task.chooseIf yes no ctx => [ctx]
                  | Full.Counted.Task.chooseMatch empty head tail cell ctx => [ctx]
                  | Full.Counted.Task.decompose head tail body bid ctx => [ctx]
                  | Full.Counted.Task.matchComplete ctx => [ctx]
                  | Full.Counted.Task.branchStart ctx => [ctx]
                  | Full.Counted.Task.handoffMatch ctx => [ctx]
                  | Full.Counted.Task.enter name arity ctx => [ctx]
                  | Full.Counted.Task.returning frame ctx => [ctx]
                  | Full.Counted.Task.branchResult bid inner outer => [inner, outer]
                  | x => []) →
                ctx.invocation < root)
    (h : root ≤ ctx.invocation), False
'Full.Demand.Affinity.Work.of_older._proof_1_3' depends on axioms: [propext, Quot.sound]
Full.Demand.Affinity.Work.typed {root : Nat} {p : Full.Program} {bs : List Full.Counted.Binding} {out : Full.Kind}
  {ts : List Full.Counted.Task} {ks : List Full.Kind} {fs : List (Nat × Full.Kind)}
  (h : Full.Demand.Affinity.Work root p bs out ts ks fs) : Full.Proofs.CountedTyping.WorkTyped p bs out ts ks fs
'Full.Demand.Affinity.Work.typed' depends on axioms: [propext, Quot.sound]
Full.Demand.Affinity.arguments {bs : List Full.Counted.Binding} {static : List (String × Full.Kind)}
  {kinds : List Full.Kind} {root : Nat} {p : Full.Program} {out : Full.Kind} {ts : List Full.Counted.Task}
  {ks : List Full.Kind} {fs : List (Nat × Full.Kind)} (args : List Full.Expr) (index : Nat) (ctx : Full.Counted.Context)
  (he : Full.Proofs.CountedTyping.EnvTyped bs ctx.env static)
  (ha : List.mapM (Full.check p.functions static) args = Except.ok kinds)
  (hc : root ≤ ctx.invocation → ∀ (e : Full.Expr), e ∈ args → Full.Demand.Analyzed p.functions static e)
  (hr : Full.Demand.Affinity.Work root p bs out ts (kinds.reverse ++ ks) fs) :
  Full.Demand.Affinity.Work root p bs out
    (List.flatMap
        (fun x =>
          match x with
          | (a, i) => [Full.Counted.Task.eval a (Full.Counted.child ctx i), Full.Counted.Task.capture])
        (args.zipIdx index) ++
      ts)
    ks fs
'Full.Demand.Affinity.arguments' depends on axioms: [propext, Quot.sound]
Full.Demand.Affinity.arguments._simp_1_1.{u_1} {α β : Type u_1} (x : Except String α) (f : α → Except String β)
  (b : β) : (x >>= f = Except.ok b) = ∃ a, x = Except.ok a ∧ f a = Except.ok b
'Full.Demand.Affinity.arguments._simp_1_1' depends on axioms: [propext, Quot.sound]
Full.Demand.Affinity.before_entry_certified {p : Full.Program} {initial : Trial.Start} {s : Full.Counted.State}
  {out : Full.Kind} (hr : Full.Statements.Reachable p initial s) (hs : Full.Proofs.CountedTyping.StateTyped p out s) :
  Full.Demand.Affinity.StateCertified s.nextInvocation p out s
'Full.Demand.Affinity.before_entry_certified' depends on axioms: [propext, Classical.choice, Quot.sound]
Full.Demand.Affinity.dead_prefix {root : Nat} {p : Full.Program} {bs : List Full.Counted.Binding} {out : Full.Kind}
  {ts : List Full.Counted.Task} {ks : List Full.Kind} {fs : List (Nat × Full.Kind)}
  (h : Full.Demand.Affinity.Work root p bs out ts ks fs) (bindings : List Full.Counted.Binding) (env : Full.Counted.Env)
  (future : List Full.Counted.Task) :
  Full.Demand.Affinity.Work root p bs out (Full.Counted.dead bindings env future ++ ts) ks fs
'Full.Demand.Affinity.dead_prefix' depends on axioms: [propext, Quot.sound]
Full.Demand.Affinity.reserved_prefix {root : Nat} {p : Full.Program} {bs : List Full.Counted.Binding} {out : Full.Kind}
  {ts : List Full.Counted.Task} {ks : List Full.Kind} {fs : List (Nat × Full.Kind)} (rs : List Full.Counted.Reservation)
  (h : Full.Demand.Affinity.Work root p bs out ts ks fs) :
  Full.Demand.Affinity.Work root p bs out (List.map (fun r => Full.Counted.Task.freeReserved r.addr) rs ++ ts) ks fs
'Full.Demand.Affinity.reserved_prefix' depends on axioms: [propext, Quot.sound]
Full.Demand.Affinity.transition_bind {p : Full.Program} {s : Full.Counted.State} {c : Full.Counted.Change}
  {rest : List Full.Counted.Task} {x : String} {body : Full.Expr} {ctx : Full.Counted.Context} {root : Nat}
  {out : Full.Kind} (ht : Full.Counted.transition p s = Except.ok c)
  (htask : s.tasks = Full.Counted.Task.bind x body ctx :: rest) (hs : Full.Demand.Affinity.StateCertified root p out s)
  (hids : List.map (fun b => b.record.id) s.bindings = List.range s.nextBinding) :
  Full.Demand.Affinity.StateCertified root p out c.state
'Full.Demand.Affinity.transition_bind' depends on axioms: [propext, Classical.choice, Quot.sound]
Full.Demand.Affinity.transition_bindings {p : Full.Program} {s : Full.Counted.State} {c : Full.Counted.Change}
  {root : Nat} {out : Full.Kind} {ts : List Full.Counted.Task} {ks : List Full.Kind} {fs : List (Nat × Full.Kind)}
  (ht : Full.Counted.transition p s = Except.ok c) (h : Full.Demand.Affinity.Work root p s.bindings out ts ks fs) :
  Full.Demand.Affinity.Work root p c.state.bindings out ts ks fs
'Full.Demand.Affinity.transition_bindings' depends on axioms: [propext, Quot.sound]
Full.Demand.Affinity.transition_bound {p : Full.Program} {initial : Trial.Start} {s : Full.Counted.State} {root : Nat}
  {c : Full.Counted.Change} {out : Full.Kind} {cut : Nat} (hr : Full.Statements.Reachable p initial s)
  (active : root ∈ List.map Full.Counted.Frame.id s.frames) (table : Full.Demand.CertifiedTable p)
  (ht : Full.Counted.transition p s = Except.ok c) (hc : Full.Demand.Affinity.StateCertified root p out s)
  (hb : Full.Demand.Affinity.Bound cut s) : Full.Demand.Affinity.Bound cut c.state
'Full.Demand.Affinity.transition_bound' depends on axioms: [propext, Classical.choice, Quot.sound]
Full.Demand.Affinity.transition_bound._proof_1_1 {s : Full.Counted.State} {cut : Nat} (b : Full.Counted.Binding)
  (hold : ¬b.record.id < s.nextBinding) : ¬s.nextBinding ≤ b.record.id → False
'Full.Demand.Affinity.transition_bound._proof_1_1' depends on axioms: [propext, Quot.sound]
Full.Demand.Affinity.transition_certified {p : Full.Program} {initial : Trial.Start} {s : Full.Counted.State}
  {root : Nat} {c : Full.Counted.Change} {out : Full.Kind} (hp : Full.Proofs.PlainTyping.FunctionsTyped p)
  (table : Full.Demand.CertifiedTable p) (hr : Full.Statements.Reachable p initial s)
  (active : root ∈ List.map Full.Counted.Frame.id s.frames) (ht : Full.Counted.transition p s = Except.ok c)
  (hs : Full.Demand.Affinity.StateCertified root p out s) : Full.Demand.Affinity.StateCertified root p out c.state
'Full.Demand.Affinity.transition_certified' depends on axioms: [propext, Classical.choice, Quot.sound]
Full.Demand.Affinity.transition_decompose {p : Full.Program} {s : Full.Counted.State} {c : Full.Counted.Change}
  {rest : List Full.Counted.Task} {head tail : String} {body : Full.Expr} {bid : Nat} {ctx : Full.Counted.Context}
  {root : Nat} {out : Full.Kind} (ht : Full.Counted.transition p s = Except.ok c)
  (htask : s.tasks = Full.Counted.Task.decompose head tail body bid ctx :: rest)
  (hs : Full.Demand.Affinity.StateCertified root p out s)
  (hids : List.map (fun b => b.record.id) s.bindings = List.range s.nextBinding) :
  Full.Demand.Affinity.StateCertified root p out c.state
'Full.Demand.Affinity.transition_decompose' depends on axioms: [propext, Classical.choice, Quot.sound]
Full.Demand.Affinity.transition_enter {p : Full.Program} {s : Full.Counted.State} {c : Full.Counted.Change}
  {rest : List Full.Counted.Task} {name : String} {arity : Nat} {ctx : Full.Counted.Context} {root : Nat}
  {out : Full.Kind} (hp : Full.Proofs.PlainTyping.FunctionsTyped p) (ht : Full.Counted.transition p s = Except.ok c)
  (htask : s.tasks = Full.Counted.Task.enter name arity ctx :: rest)
  (hs : Full.Demand.Affinity.StateCertified root p out s)
  (hids : List.map (fun b => b.record.id) s.bindings = List.range s.nextBinding)
  (cert :
    ∀ (f : Full.Function), Full.signature p.functions name = some f → Full.Demand.CertifiedFunction p.functions f) :
  Full.Demand.Affinity.StateCertified root p out c.state
'Full.Demand.Affinity.transition_enter' depends on axioms: [propext, Classical.choice, Quot.sound]
Full.Demand.Affinity.transition_eval {p : Full.Program} {s : Full.Counted.State} {c : Full.Counted.Change}
  {rest : List Full.Counted.Task} {e : Full.Expr} {ctx : Full.Counted.Context} {root : Nat} {out : Full.Kind}
  (ht : Full.Counted.transition p s = Except.ok c) (htask : s.tasks = Full.Counted.Task.eval e ctx :: rest)
  (hs : Full.Demand.Affinity.StateCertified root p out s) : Full.Demand.Affinity.StateCertified root p out c.state
'Full.Demand.Affinity.transition_eval' depends on axioms: [propext, Quot.sound]
Full.Demand.Affinity.transition_eval._simp_1_4.{u_1} {α β : Type u_1} (x : Except String α) (f : α → Except String β)
  (b : β) : (x >>= f = Except.ok b) = ∃ a, x = Except.ok a ∧ f a = Except.ok b
'Full.Demand.Affinity.transition_eval._simp_1_4' depends on axioms: [propext, Quot.sound]
Full.Demand.Affinity.transition_free {p : Full.Program} {s : Full.Counted.State} {c : Full.Counted.Change}
  {rest : List Full.Counted.Task} {addr root : Nat} {out : Full.Kind} (ht : Full.Counted.transition p s = Except.ok c)
  (htask : s.tasks = Full.Counted.Task.free addr :: rest) (hs : Full.Demand.Affinity.StateCertified root p out s) :
  Full.Demand.Affinity.StateCertified root p out c.state
'Full.Demand.Affinity.transition_free' depends on axioms: [propext, Quot.sound]
Full.Demand.Affinity.transition_new_bound {p : Full.Program} {initial : Trial.Start} {s : Full.Counted.State}
  {root : Nat} {c : Full.Counted.Change} {out : Full.Kind} {b : Full.Counted.Binding}
  (hr : Full.Statements.Reachable p initial s) (active : root ∈ List.map Full.Counted.Frame.id s.frames)
  (table : Full.Demand.CertifiedTable p) (ht : Full.Counted.transition p s = Except.ok c)
  (hs : Full.Demand.Affinity.StateCertified root p out s) (hm : b ∈ c.state.bindings)
  (hnew : s.nextBinding ≤ b.record.id) (hk : b.record.value.kind = Trial.Kind.list) :
  Full.Demand.futureOccurrences b.record.id c.state.tasks ≤ 1
'Full.Demand.Affinity.transition_new_bound' depends on axioms: [propext, Classical.choice, Quot.sound]
Full.Demand.Affinity.transition_new_bound._proof_1_12 {s : Full.Counted.State} {root : Nat} {b : Full.Counted.Binding}
  (hnew : s.nextBinding ≤ b.record.id) (rest : List Full.Counted.Task) (head tail : String) (body : Full.Expr)
  (bid : Nat) (ctx : Full.Counted.Context) :
  ∀ (slots : List Full.Counted.Slot) (val : Trial.Addr) (ph : Int) (pt : List Int) (c : Trial.Cell) (v : Trial.Memory)
    (this : b.record.id < s.nextBinding), False
'Full.Demand.Affinity.transition_new_bound._proof_1_12' depends on axioms: [propext, Quot.sound]
Full.Demand.Affinity.transition_new_bound._proof_1_13 {s : Full.Counted.State} {root : Nat} {b : Full.Counted.Binding}
  (hnew : s.nextBinding ≤ b.record.id) (rest : List Full.Counted.Task) (head tail : String) (body : Full.Expr)
  (bid : Nat) (ctx : Full.Counted.Context) :
  ∀ (ph : Int) (pt : List Int) (c : Trial.Cell) (this : b.record.id < s.nextBinding), False
'Full.Demand.Affinity.transition_new_bound._proof_1_13' depends on axioms: [propext, Quot.sound]
Full.Demand.Affinity.transition_new_bound._proof_1_14 {s : Full.Counted.State} {root : Nat} {b : Full.Counted.Binding}
  (hnew : s.nextBinding ≤ b.record.id) (rest : List Full.Counted.Task) (head tail : String) (body : Full.Expr)
  (bid : Nat) (ctx : Full.Counted.Context) :
  ∀ (ph : Int) (pt : List Int) (c : Trial.Cell) (v : Trial.Memory) (this : b.record.id < s.nextBinding), False
'Full.Demand.Affinity.transition_new_bound._proof_1_14' depends on axioms: [propext, Quot.sound]
Full.Demand.Affinity.transition_new_bound._proof_1_17 {s : Full.Counted.State} {root : Nat} {b : Full.Counted.Binding}
  (hnew : s.nextBinding ≤ b.record.id) (hlt : b.record.id < s.nextBinding) : False
'Full.Demand.Affinity.transition_new_bound._proof_1_17' depends on axioms: [propext, Quot.sound]
Full.Demand.Affinity.transition_new_bound._proof_1_4 {s : Full.Counted.State} {root : Nat} {b : Full.Counted.Binding}
  (hnew : s.nextBinding ≤ b.record.id) (rest : List Full.Counted.Task) (name : String) (body : Full.Expr)
  (ctx : Full.Counted.Context) :
  ∀ {v : Full.Counted.Slot} {vs : List Full.Counted.Slot} (this : b.record.id < s.nextBinding), False
'Full.Demand.Affinity.transition_new_bound._proof_1_4' depends on axioms: [propext, Quot.sound]
Full.Demand.Affinity.transition_new_bound._simp_1_10.{u_1} {α✝ : Type u_1} {b : α✝} {l : List α✝} {a : α✝} :
  (a ∈ b :: l) = (a = b ∨ a ∈ l)
'Full.Demand.Affinity.transition_new_bound._simp_1_10' depends on axioms: [propext]
Full.Demand.Affinity.transition_new_bound._simp_1_11.{u_1} {α : Type u_1} {a : α} : (a ∈ []) = False
'Full.Demand.Affinity.transition_new_bound._simp_1_11' depends on axioms: [propext]
Full.Demand.Affinity.transition_new_bound._simp_1_2.{u_1} {α : Type u_1} {a : α} {s t : List α} :
  (a ∈ s ++ t) = (a ∈ s ∨ a ∈ t)
'Full.Demand.Affinity.transition_new_bound._simp_1_2' depends on axioms: [propext]
Full.Demand.Affinity.transition_new_bound._simp_1_3.{u_1} {α : Type u_1} {a b : α} : (a ∈ [b]) = (a = b)
'Full.Demand.Affinity.transition_new_bound._simp_1_3' depends on axioms: [propext]
Full.Demand.Affinity.transition_old_bound {p : Full.Program} {initial : Trial.Start} {s : Full.Counted.State}
  {c : Full.Counted.Change} {cut : Nat} {b : Full.Counted.Binding} (hr : Full.Statements.Reachable p initial s)
  (ht : Full.Counted.transition p s = Except.ok c) (hs : Full.Demand.Affinity.Bound cut s) (hm : b ∈ c.state.bindings)
  (hcut : cut ≤ b.record.id) (hk : b.record.value.kind = Trial.Kind.list) (hold : b.record.id < s.nextBinding) :
  Full.Demand.futureOccurrences b.record.id c.state.tasks ≤ 1
'Full.Demand.Affinity.transition_old_bound' depends on axioms: [propext, Classical.choice, Quot.sound]
Full.Demand.Affinity.transition_primitive {p : Full.Program} {s : Full.Counted.State} {c : Full.Counted.Change}
  {rest : List Full.Counted.Task} {op : Full.Op} {ctx : Full.Counted.Context} {root : Nat} {out : Full.Kind}
  (ht : Full.Counted.transition p s = Except.ok c) (htask : s.tasks = Full.Counted.Task.primitive op ctx :: rest)
  (hs : Full.Demand.Affinity.StateCertified root p out s) : Full.Demand.Affinity.StateCertified root p out c.state
'Full.Demand.Affinity.transition_primitive' depends on axioms: [propext, Quot.sound]
Full.Demand.Affinity.transition_primitive._simp_1_5.{u_1} {α✝ : Type u_1} {b : α✝} {l : List α✝} {a : α✝} :
  (a ∈ b :: l) = (a = b ∨ a ∈ l)
'Full.Demand.Affinity.transition_primitive._simp_1_5' depends on axioms: [propext]
Full.Demand.Affinity.transition_primitive._simp_1_6.{u_1} {α✝ : Type u_1} {p : α✝ → Bool} {as : List α✝} {x : α✝} :
  (x ∈ List.filter p as) = (x ∈ as ∧ p x = true)
'Full.Demand.Affinity.transition_primitive._simp_1_6' depends on axioms: [propext]
Full.Demand.CreditExecution.Credit.commit {root : Nat} {p : Full.Program} {saved : List Full.Counted.Task}
  {old : List Full.Counted.Reservation} {c : Full.Counted.Change}
  (h : Full.Demand.CreditExecution.Credit root p saved old c.state) :
  Full.Demand.CreditExecution.Credit root p saved old (Full.Counted.commit c)
'Full.Demand.CreditExecution.Credit.commit' depends on axioms: [propext, Quot.sound]
Full.Demand.CreditExecution.at_enter {p : Full.Program} {name : String} {rest : List Full.Counted.Task}
  {s : Full.Counted.State} {c : Full.Counted.Change} {f : Full.Counted.Frame} {ctx : Full.Counted.Context} {arity : Nat}
  (ha : Full.Demand.accepts p name = true) (htask : s.tasks = Full.Counted.Task.enter name arity ctx :: rest)
  (ht : Full.Counted.transition p s = Except.ok c) (hf : c.state.frames.head? = some f) :
  Full.Demand.CreditExecution.Credit f.id p (Full.Counted.Task.returning f ctx :: rest) s.reservations c.state
'Full.Demand.CreditExecution.at_enter' depends on axioms: [propext, Quot.sound]
Full.Demand.CreditExecution.at_enter._simp_1_1.{u_1} {α✝ : Type u_1} {l : List α✝} : (l.length = 0) = (l = [])
'Full.Demand.CreditExecution.at_enter._simp_1_1' depends on axioms: [propext]
Full.Demand.CreditExecution.bind_step {env : List (String × Full.Kind)} {before : List Nat} {body : Full.Expr}
  {after : List Nat} {root : Nat} {p : Full.Program} {saved rest : List Full.Counted.Task} {ctx : Full.Counted.Context}
  {stack : List Full.Demand.Tickets.Budget} {actual : List Full.Demand.Tickets.Activation}
  {old : List Full.Counted.Reservation} {name : String} {s : Full.Counted.State} {c : Full.Counted.Change}
  (checked : Full.Demand.expression p.functions env before body = Except.ok after)
  (plan : Full.Demand.CreditWork.Plan root p saved rest (Full.Demand.CreditWork.budget ctx after :: stack))
  (cover : Full.Demand.Tickets.StackCovers (Full.Demand.CreditWork.budget ctx before :: stack) actual)
  (valid : Full.Demand.Tickets.Valid root s.nextInvocation s.nextBranch actual)
  (store : s.reservations = Full.Demand.Tickets.flatten actual ++ old)
  (htask : s.tasks = Full.Counted.Task.bind name body ctx :: rest) (ht : Full.Counted.transition p s = Except.ok c) :
  Full.Demand.CreditExecution.Credit root p saved old c.state
'Full.Demand.CreditExecution.bind_step' depends on axioms: [propext, Quot.sound]
Full.Demand.CreditExecution.branch_result_step {old : List Full.Counted.Reservation} {root bid : Nat} {after : List Nat}
  {p : Full.Program} {saved rest : List Full.Counted.Task} {outer : Full.Counted.Context}
  {stack : List Full.Demand.Tickets.Budget} {inner : Full.Counted.Context} {before : List Nat}
  {actual : List Full.Demand.Tickets.Activation} {s : Full.Counted.State} {c : Full.Counted.Change}
  (older : ∀ (r : Full.Counted.Reservation), r ∈ old → r.invocation < root)
  (scope : inner.invocation = outer.invocation ∧ inner.branches = bid :: outer.branches)
  (bound : Full.Demand.Lower after before.tail)
  (plan : Full.Demand.CreditWork.Plan root p saved rest (Full.Demand.CreditWork.budget outer after :: stack))
  (cover : Full.Demand.Tickets.StackCovers (Full.Demand.CreditWork.budget inner before :: stack) actual)
  (valid : Full.Demand.Tickets.Valid root s.nextInvocation s.nextBranch actual)
  (store : s.reservations = Full.Demand.Tickets.flatten actual ++ old)
  (htask : s.tasks = Full.Counted.Task.branchResult bid inner outer :: rest)
  (ht : Full.Counted.transition p s = Except.ok c) : Full.Demand.CreditExecution.Credit root p saved old c.state
'Full.Demand.CreditExecution.branch_result_step' depends on axioms: [propext, Classical.choice, Quot.sound]
Full.Demand.CreditExecution.choose_if_step {env : List (String × Full.Kind)} {before : List Nat} {yes : Full.Expr}
  {left : List Nat} {no : Full.Expr} {right after : List Nat} {root : Nat} {p : Full.Program}
  {saved rest : List Full.Counted.Task} {ctx : Full.Counted.Context} {stack : List Full.Demand.Tickets.Budget}
  {actual : List Full.Demand.Tickets.Activation} {old : List Full.Counted.Reservation} {s : Full.Counted.State}
  {c : Full.Counted.Change} (hy : Full.Demand.expression p.functions env before yes = Except.ok left)
  (hn : Full.Demand.expression p.functions env before no = Except.ok right) (hl : Full.Demand.Lower after left)
  (hr : Full.Demand.Lower after right)
  (plan : Full.Demand.CreditWork.Plan root p saved rest (Full.Demand.CreditWork.budget ctx after :: stack))
  (cover : Full.Demand.Tickets.StackCovers (Full.Demand.CreditWork.budget ctx before :: stack) actual)
  (valid : Full.Demand.Tickets.Valid root s.nextInvocation s.nextBranch actual)
  (store : s.reservations = Full.Demand.Tickets.flatten actual ++ old)
  (htask : s.tasks = Full.Counted.Task.chooseIf yes no ctx :: rest) (ht : Full.Counted.transition p s = Except.ok c) :
  Full.Demand.CreditExecution.Credit root p saved old c.state
'Full.Demand.CreditExecution.choose_if_step' depends on axioms: [propext, Quot.sound]
Full.Demand.CreditExecution.choose_match_step {emptyEnv : List (String × Full.Kind)} {before : List Nat}
  {empty : Full.Expr} {left : List Nat} {cellEnv : List (String × Full.Kind)} {body : Full.Expr}
  {right after : List Nat} {root : Nat} {p : Full.Program} {saved rest : List Full.Counted.Task}
  {ctx : Full.Counted.Context} {stack : List Full.Demand.Tickets.Budget} {actual : List Full.Demand.Tickets.Activation}
  {old : List Full.Counted.Reservation} {head tail : String} {s : Full.Counted.State} {c : Full.Counted.Change}
  (hn : Full.Demand.expression p.functions emptyEnv (0 :: before) empty = Except.ok left)
  (hc : Full.Demand.expression p.functions cellEnv (1 :: before) body = Except.ok right)
  (hl : Full.Demand.Lower after left.tail) (hr : Full.Demand.Lower after right.tail)
  (plan : Full.Demand.CreditWork.Plan root p saved rest (Full.Demand.CreditWork.budget ctx after :: stack))
  (cover : Full.Demand.Tickets.StackCovers (Full.Demand.CreditWork.budget ctx before :: stack) actual)
  (valid : Full.Demand.Tickets.Valid root s.nextInvocation s.nextBranch actual)
  (store : s.reservations = Full.Demand.Tickets.flatten actual ++ old)
  (htask : s.tasks = Full.Counted.Task.chooseMatch empty head tail body ctx :: rest)
  (ht : Full.Counted.transition p s = Except.ok c) : Full.Demand.CreditExecution.Credit root p saved old c.state
'Full.Demand.CreditExecution.choose_match_step' depends on axioms: [propext, Quot.sound]
Full.Demand.CreditExecution.decompose_step {p : Full.Program} {initial : Trial.Start} {s : Full.Counted.State}
  {root cut : Nat} {region : List Nat} {saved : List Full.Counted.Task} {frames : List Nat}
  {slots : List Full.Counted.Slot} {bid : Nat} {outer : List Nat} {env : List (String × Full.Kind)} {before : List Nat}
  {body : Full.Expr} {after joined : List Nat} {rest : List Full.Counted.Task} {stack : List Full.Demand.Tickets.Budget}
  {ctx : Full.Counted.Context} {actual : List Full.Demand.Tickets.Activation} {old : List Full.Counted.Reservation}
  {head tail : String} {c : Full.Counted.Change} (hr : Full.Statements.Reachable p initial s)
  (resources : Full.Demand.RegionExecution.Resources root cut region saved frames slots s) (hne : s.tasks ≠ saved)
  (hbranches : ctx.branches = bid :: outer)
  (checked : Full.Demand.expression p.functions env (1 :: before) body = Except.ok after)
  (bound : Full.Demand.Lower joined after.tail)
  (plan :
    Full.Demand.CreditWork.Plan root p saved rest
      ({ invocation := ctx.invocation, branches := outer, credits := joined } :: stack))
  (cover : Full.Demand.Tickets.StackCovers (Full.Demand.CreditWork.budget ctx (0 :: before) :: stack) actual)
  (valid : Full.Demand.Tickets.Valid root s.nextInvocation s.nextBranch actual)
  (store : s.reservations = Full.Demand.Tickets.flatten actual ++ old)
  (htask : s.tasks = Full.Counted.Task.decompose head tail body bid ctx :: rest)
  (ht : Full.Counted.transition p s = Except.ok c) : Full.Demand.CreditExecution.Credit root p saved old c.state
'Full.Demand.CreditExecution.decompose_step' depends on axioms: [propext, Classical.choice, Quot.sound]
Full.Demand.CreditExecution.eligible {root : Nat} {p : Full.Program} {saved : List Full.Counted.Task}
  {old : List Full.Counted.Reservation} {s : Full.Counted.State} {rest : List Full.Counted.Task}
  {ctx : Full.Counted.Context} (credit : Full.Demand.CreditExecution.Credit root p saved old s) (hne : s.tasks ≠ saved)
  (htask : s.tasks = Full.Counted.Task.primitive Full.Op.cons ctx :: rest) :
  ∃ r, List.find? (fun r => r.invocation == ctx.invocation && ctx.branches.contains r.branch) s.reservations = some r
'Full.Demand.CreditExecution.eligible' depends on axioms: [propext, Classical.choice, Quot.sound]
Full.Demand.CreditExecution.enter_step {p : Full.Program} {name : String} {f : Full.Function} {root : Nat}
  {saved rest : List Full.Counted.Task} {ctx : Full.Counted.Context} {credits : List Nat}
  {stack : List Full.Demand.Tickets.Budget} {actual : List Full.Demand.Tickets.Activation}
  {old : List Full.Counted.Reservation} {arity : Nat} {s : Full.Counted.State} {c : Full.Counted.Change}
  (table : Full.Demand.CertifiedTable p) (found : Full.signature p.functions name = some f)
  (demanded : f.demanded = true)
  (plan : Full.Demand.CreditWork.Plan root p saved rest (Full.Demand.CreditWork.budget ctx credits :: stack))
  (cover : Full.Demand.Tickets.StackCovers (Full.Demand.CreditWork.budget ctx credits :: stack) actual)
  (valid : Full.Demand.Tickets.Valid root s.nextInvocation s.nextBranch actual)
  (store : s.reservations = Full.Demand.Tickets.flatten actual ++ old)
  (htask : s.tasks = Full.Counted.Task.enter name arity ctx :: rest) (ht : Full.Counted.transition p s = Except.ok c) :
  Full.Demand.CreditExecution.Credit root p saved old c.state
'Full.Demand.CreditExecution.enter_step' depends on axioms: [propext, Quot.sound]
Full.Demand.CreditExecution.enter_step._proof_1_2 {root : Nat} {s : Full.Counted.State}
  {a✝ : Full.Demand.Tickets.Activation}
  (hv :
    root ≤ a✝.invocation ∧
      a✝.invocation < s.nextInvocation ∧
        (List.map Full.Demand.Tickets.Scope.branch a✝.scopes).Nodup ∧
          ∀ (bid : Nat), bid ∈ List.map Full.Demand.Tickets.Scope.branch a✝.scopes → bid < s.nextBranch) :
  ¬root ≤ s.nextInvocation → False
'Full.Demand.CreditExecution.enter_step._proof_1_2' depends on axioms: [propext, Quot.sound]
Full.Demand.CreditExecution.enter_step._simp_1_1.{u_1} {α✝ : Type u_1} {l : List α✝} : (l.length = 0) = (l = [])
'Full.Demand.CreditExecution.enter_step._simp_1_1' depends on axioms: [propext]
Full.Demand.CreditExecution.eval_step {env : List (String × Full.Kind)} {before : List Nat} {e : Full.Expr}
  {after : List Nat} {root : Nat} {p : Full.Program} {saved rest : List Full.Counted.Task} {ctx : Full.Counted.Context}
  {stack : List Full.Demand.Tickets.Budget} {actual : List Full.Demand.Tickets.Activation}
  {old : List Full.Counted.Reservation} {s : Full.Counted.State} {c : Full.Counted.Change}
  (checked : Full.Demand.expression p.functions env before e = Except.ok after)
  (plan : Full.Demand.CreditWork.Plan root p saved rest (Full.Demand.CreditWork.budget ctx after :: stack))
  (cover : Full.Demand.Tickets.StackCovers (Full.Demand.CreditWork.budget ctx before :: stack) actual)
  (valid : Full.Demand.Tickets.Valid root s.nextInvocation s.nextBranch actual)
  (store : s.reservations = Full.Demand.Tickets.flatten actual ++ old)
  (htask : s.tasks = Full.Counted.Task.eval e ctx :: rest) (ht : Full.Counted.transition p s = Except.ok c) :
  Full.Demand.CreditExecution.Credit root p saved old c.state
'Full.Demand.CreditExecution.eval_step' depends on axioms: [propext, Classical.choice, Quot.sound]
Full.Demand.CreditExecution.expired_step {p : Full.Program} {initial : Trial.Start} {s : Full.Counted.State}
  {root : Nat} {saved work : List Full.Counted.Task} {budgets : List Full.Demand.Tickets.Budget}
  {actual : List Full.Demand.Tickets.Activation} {r : Full.Counted.Reservation}
  {expired old : List Full.Counted.Reservation} {c : Full.Counted.Change} (hr : Full.Statements.Reachable p initial s)
  (plan : Full.Demand.CreditWork.Plan root p saved work budgets)
  (cover : Full.Demand.Tickets.StackCovers budgets actual)
  (valid : Full.Demand.Tickets.Valid root s.nextInvocation s.nextBranch actual)
  (store : s.reservations = r :: expired ++ Full.Demand.Tickets.flatten actual ++ old)
  (htask : s.tasks = List.map (fun q => Full.Counted.Task.freeReserved q.addr) (r :: expired) ++ work)
  (ht : Full.Counted.transition p s = Except.ok c) : Full.Demand.CreditExecution.Credit root p saved old c.state
'Full.Demand.CreditExecution.expired_step' depends on axioms: [propext, Classical.choice, Quot.sound]
Full.Demand.CreditExecution.expired_step._simp_1_1.{u_1} {α : Type u_1} {a : α} {l : List α} :
  (a :: l).Nodup = (¬a ∈ l ∧ l.Nodup)
'Full.Demand.CreditExecution.expired_step._simp_1_1' depends on axioms: [propext]
Full.Demand.CreditExecution.handoff_step {after before : List Nat} {root : Nat} {p : Full.Program}
  {saved rest : List Full.Counted.Task} {ctx : Full.Counted.Context} {stack : List Full.Demand.Tickets.Budget}
  {actual : List Full.Demand.Tickets.Activation} {old : List Full.Counted.Reservation} {s : Full.Counted.State}
  {c : Full.Counted.Change} (bound : Full.Demand.Lower after before)
  (plan : Full.Demand.CreditWork.Plan root p saved rest (Full.Demand.CreditWork.budget ctx after :: stack))
  (cover : Full.Demand.Tickets.StackCovers (Full.Demand.CreditWork.budget ctx before :: stack) actual)
  (valid : Full.Demand.Tickets.Valid root s.nextInvocation s.nextBranch actual)
  (store : s.reservations = Full.Demand.Tickets.flatten actual ++ old)
  (htask : s.tasks = Full.Counted.Task.handoff :: rest) (ht : Full.Counted.transition p s = Except.ok c) :
  Full.Demand.CreditExecution.Credit root p saved old c.state
'Full.Demand.CreditExecution.handoff_step' depends on axioms: [propext, Quot.sound]
Full.Demand.CreditExecution.numbers {p : Full.Program} {s : Full.Counted.State} {c : Full.Counted.Change}
  (ht : Full.Counted.transition p s = Except.ok c) :
  s.nextInvocation ≤ c.state.nextInvocation ∧ s.nextBranch ≤ c.state.nextBranch
'Full.Demand.CreditExecution.numbers' depends on axioms: [propext, Quot.sound]
Full.Demand.CreditExecution.numbers._proof_1_19 {s : Full.Counted.State} : ¬s.nextInvocation ≤ s.nextInvocation → False
'Full.Demand.CreditExecution.numbers._proof_1_19' depends on axioms: [propext, Quot.sound]
Full.Demand.CreditExecution.numbers._proof_1_20 {s : Full.Counted.State} : ¬s.nextBranch ≤ s.nextBranch → False
'Full.Demand.CreditExecution.numbers._proof_1_20' depends on axioms: [propext, Quot.sound]
Full.Demand.CreditExecution.numbers._proof_1_21 {s : Full.Counted.State} : ¬s.nextBranch ≤ s.nextBranch + 1 → False
'Full.Demand.CreditExecution.numbers._proof_1_21' depends on axioms: [propext, Quot.sound]
Full.Demand.CreditExecution.numbers._proof_1_22 {s : Full.Counted.State} :
  ¬s.nextInvocation ≤ s.nextInvocation + 1 → False
'Full.Demand.CreditExecution.numbers._proof_1_22' depends on axioms: [propext, Quot.sound]
Full.Demand.CreditExecution.opened {root : Nat} {p : Full.Program} {saved : List Full.Counted.Task}
  {budgets : List Full.Demand.Tickets.Budget} {actual : List Full.Demand.Tickets.Activation}
  {old : List Full.Counted.Reservation} {s : Full.Counted.State}
  (plan : Full.Demand.CreditWork.Plan root p saved s.tasks budgets)
  (cover : Full.Demand.Tickets.StackCovers budgets actual)
  (valid : Full.Demand.Tickets.Valid root s.nextInvocation s.nextBranch actual)
  (store : s.reservations = Full.Demand.Tickets.flatten actual ++ old) :
  Full.Demand.CreditExecution.Credit root p saved old s
'Full.Demand.CreditExecution.opened' depends on axioms: [propext, Quot.sound]
Full.Demand.CreditExecution.pending_no_reservation {p : Full.Program} {initial : Trial.Start} {s : Full.Counted.State}
  {rest : List Full.Counted.Task} {head tail : String} {body : Full.Expr} {bid : Nat} {ctx : Full.Counted.Context}
  {r : Full.Counted.Reservation} (hr : Full.Statements.Reachable p initial s)
  (htask : s.tasks = Full.Counted.Task.decompose head tail body bid ctx :: rest) (hm : r ∈ s.reservations) :
  r.branch ≠ bid
'Full.Demand.CreditExecution.pending_no_reservation' depends on axioms: [propext, Classical.choice, Quot.sound]
Full.Demand.CreditExecution.pending_no_reservation._proof_1_1 {rest : List Full.Counted.Task} {bid : Nat}
  {r : Full.Counted.Reservation} (qs : List Full.Counted.Reservation)
  (hb : List.count bid (Full.Proofs.BranchReservations.pending rest) + 1 + (qs.length + 1) ≤ 1) : False
'Full.Demand.CreditExecution.pending_no_reservation._proof_1_1' depends on axioms: [propext, Quot.sound]
Full.Demand.CreditExecution.primitive_step {p : Full.Program} {initial : Trial.Start} {s : Full.Counted.State}
  {op : Full.Op} {before after : List Nat} {root : Nat} {saved rest : List Full.Counted.Task}
  {ctx : Full.Counted.Context} {stack : List Full.Demand.Tickets.Budget} {actual : List Full.Demand.Tickets.Activation}
  {old : List Full.Counted.Reservation} {c : Full.Counted.Change} (hr : Full.Statements.Reachable p initial s)
  (checked : (if (op == Full.Op.cons) = true then Full.Demand.spend before else Except.ok before) = Except.ok after)
  (plan : Full.Demand.CreditWork.Plan root p saved rest (Full.Demand.CreditWork.budget ctx after :: stack))
  (cover : Full.Demand.Tickets.StackCovers (Full.Demand.CreditWork.budget ctx before :: stack) actual)
  (valid : Full.Demand.Tickets.Valid root s.nextInvocation s.nextBranch actual)
  (store : s.reservations = Full.Demand.Tickets.flatten actual ++ old)
  (htask : s.tasks = Full.Counted.Task.primitive op ctx :: rest) (ht : Full.Counted.transition p s = Except.ok c) :
  Full.Demand.CreditExecution.Credit root p saved old c.state
'Full.Demand.CreditExecution.primitive_step' depends on axioms: [propext, Classical.choice, Quot.sound]
Full.Demand.CreditExecution.primitive_step._simp_1_6.{u_1} {α : Type u_1} [BEq α] [LawfulBEq α] {a b : α} :
  ((a == b) = true) = (a = b)
'Full.Demand.CreditExecution.primitive_step._simp_1_6' depends on axioms: [propext]
Full.Demand.CreditExecution.quiet_step {task : Full.Counted.Task} {root : Nat} {p : Full.Program}
  {saved rest : List Full.Counted.Task} {budgets : List Full.Demand.Tickets.Budget}
  {actual : List Full.Demand.Tickets.Activation} {old : List Full.Counted.Reservation} {s : Full.Counted.State}
  {c : Full.Counted.Change} (hq : Full.Demand.CreditWork.Quiet task)
  (plan : Full.Demand.CreditWork.Plan root p saved rest budgets)
  (cover : Full.Demand.Tickets.StackCovers budgets actual)
  (valid : Full.Demand.Tickets.Valid root s.nextInvocation s.nextBranch actual)
  (store : s.reservations = Full.Demand.Tickets.flatten actual ++ old) (htask : s.tasks = task :: rest)
  (ht : Full.Counted.transition p s = Except.ok c) : Full.Demand.CreditExecution.Credit root p saved old c.state
'Full.Demand.CreditExecution.quiet_step' depends on axioms: [propext, Quot.sound]
Full.Demand.CreditExecution.returning_step {root : Nat} {p : Full.Program} {saved rest : List Full.Counted.Task}
  {ctx : Full.Counted.Context} {credits : List Nat} {stack : List Full.Demand.Tickets.Budget}
  {actual : List Full.Demand.Tickets.Activation} {old : List Full.Counted.Reservation} {frame : Full.Counted.Frame}
  {s : Full.Counted.State} {c : Full.Counted.Change}
  (plan : Full.Demand.CreditWork.Plan root p saved rest (Full.Demand.CreditWork.budget ctx credits :: stack))
  (cover :
    Full.Demand.Tickets.StackCovers
      ({ invocation := frame.id, branches := [], credits := [] } :: Full.Demand.CreditWork.budget ctx credits :: stack)
      actual)
  (valid : Full.Demand.Tickets.Valid root s.nextInvocation s.nextBranch actual)
  (store : s.reservations = Full.Demand.Tickets.flatten actual ++ old)
  (htask : s.tasks = Full.Counted.Task.returning frame ctx :: rest) (ht : Full.Counted.transition p s = Except.ok c) :
  Full.Demand.CreditExecution.Credit root p saved old c.state
'Full.Demand.CreditExecution.returning_step' depends on axioms: [propext, Quot.sound]
Full.Demand.CreditExecution.transition {p : Full.Program} {initial : Trial.Start} {s : Full.Counted.State}
  {root cut : Nat} {region : List Nat} {saved : List Full.Counted.Task} {frames : List Nat}
  {slots : List Full.Counted.Slot} {old : List Full.Counted.Reservation} {c : Full.Counted.Change}
  (hr : Full.Statements.Reachable p initial s) (table : Full.Demand.CertifiedTable p)
  (resources : Full.Demand.RegionExecution.Resources root cut region saved frames slots s) (hne : s.tasks ≠ saved)
  (older : ∀ (r : Full.Counted.Reservation), r ∈ old → r.invocation < root)
  (credit : Full.Demand.CreditExecution.Credit root p saved old s) (ht : Full.Counted.transition p s = Except.ok c) :
  Full.Demand.CreditExecution.Credit root p saved old c.state
'Full.Demand.CreditExecution.transition' depends on axioms: [propext, Classical.choice, Quot.sound]
Full.Demand.CreditExecution.transition_open {p : Full.Program} {initial : Trial.Start} {s : Full.Counted.State}
  {root cut : Nat} {region : List Nat} {saved : List Full.Counted.Task} {frames : List Nat}
  {slots : List Full.Counted.Slot} {old : List Full.Counted.Reservation} {budgets : List Full.Demand.Tickets.Budget}
  {actual : List Full.Demand.Tickets.Activation} {c : Full.Counted.Change} (hr : Full.Statements.Reachable p initial s)
  (table : Full.Demand.CertifiedTable p)
  (resources : Full.Demand.RegionExecution.Resources root cut region saved frames slots s) (hne : s.tasks ≠ saved)
  (older : ∀ (r : Full.Counted.Reservation), r ∈ old → r.invocation < root)
  (plan : Full.Demand.CreditWork.Plan root p saved s.tasks budgets)
  (cover : Full.Demand.Tickets.StackCovers budgets actual)
  (valid : Full.Demand.Tickets.Valid root s.nextInvocation s.nextBranch actual)
  (store : s.reservations = Full.Demand.Tickets.flatten actual ++ old)
  (ht : Full.Counted.transition p s = Except.ok c) : Full.Demand.CreditExecution.Credit root p saved old c.state
'Full.Demand.CreditExecution.transition_open' depends on axioms: [propext, Classical.choice, Quot.sound]
Full.Demand.CreditWork.Plan.at_boundary {root : Nat} {p : Full.Program} {saved ts : List Full.Counted.Task}
  {budgets : List Full.Demand.Tickets.Budget} (h : Full.Demand.CreditWork.Plan root p saved ts budgets)
  (he : ts = saved) : budgets = [{ invocation := root, branches := [], credits := [] }]
'Full.Demand.CreditWork.Plan.at_boundary' depends on axioms: [propext, Classical.choice, Quot.sound]
Full.Demand.CreditWork.Plan.at_boundary._proof_1_1 {saved : List Full.Counted.Task} (work : List Full.Counted.Task)
  (hl : work.length + saved.length + 1 = saved.length) : False
'Full.Demand.CreditWork.Plan.at_boundary._proof_1_1' depends on axioms: [propext, Quot.sound]
Full.Demand.CreditWork.Plan.at_boundary._proof_1_2 {saved : List Full.Counted.Task} :
  ∀ {outer inner : Full.Counted.Context} (work : List Full.Counted.Task)
    (hl : work.length + saved.length + 1 = saved.length), False
'Full.Demand.CreditWork.Plan.at_boundary._proof_1_2' depends on axioms: [propext, Quot.sound]
Full.Demand.CreditWork.Plan.brecOn {root : Nat} {p : Full.Program} {saved : List Full.Counted.Task}
  {motive :
    (a : List Full.Counted.Task) →
      (a_1 : List Full.Demand.Tickets.Budget) → Full.Demand.CreditWork.Plan root p saved a a_1 → Prop}
  {a✝ : List Full.Counted.Task} {a✝¹ : List Full.Demand.Tickets.Budget}
  (t : Full.Demand.CreditWork.Plan root p saved a✝ a✝¹)
  (F_1 :
    ∀ (a : List Full.Counted.Task) (a_1 : List Full.Demand.Tickets.Budget)
      (t : Full.Demand.CreditWork.Plan root p saved a a_1), Full.Demand.CreditWork.Plan.below t → motive a a_1 t) :
  motive a✝ a✝¹ t
'Full.Demand.CreditWork.Plan.brecOn' depends on axioms: [propext, Quot.sound]
Full.Demand.CreditWork.Plan.prefix {root : Nat} {p : Full.Program} {saved ts : List Full.Counted.Task}
  {budgets : List Full.Demand.Tickets.Budget} (h : Full.Demand.CreditWork.Plan root p saved ts budgets) :
  ∃ work, ts = work ++ saved
'Full.Demand.CreditWork.Plan.prefix' depends on axioms: [propext, Quot.sound]
Full.Demand.CreditWork.arguments {env : List (String × Full.Kind)} {before after : List Nat} {root : Nat}
  {p : Full.Program} {saved ts : List Full.Counted.Task} {stack : List Full.Demand.Tickets.Budget}
  (args : List Full.Expr) (index : Nat) (ctx : Full.Counted.Context)
  (checked :
    List.foldlM (fun credits a => Full.Demand.expression p.functions env credits a.val) before args.attach =
      Except.ok after)
  (h : Full.Demand.CreditWork.Plan root p saved ts (Full.Demand.CreditWork.budget ctx after :: stack)) :
  Full.Demand.CreditWork.Plan root p saved
    (List.flatMap
        (fun x =>
          match x with
          | (a, i) => [Full.Counted.Task.eval a (Full.Counted.child ctx i), Full.Counted.Task.capture])
        (args.zipIdx index) ++
      ts)
    (Full.Demand.CreditWork.budget ctx before :: stack)
'Full.Demand.CreditWork.arguments' depends on axioms: [propext, Quot.sound]
Full.Demand.CreditWork.arguments._simp_1_1.{u_1} {α β : Type u_1} (x : Except String α) (f : α → Except String β)
  (b : β) : (x >>= f = Except.ok b) = ∃ a, x = Except.ok a ∧ f a = Except.ok b
'Full.Demand.CreditWork.arguments._simp_1_1' depends on axioms: [propext, Quot.sound]
Full.Demand.CreditWork.budget.eq_1 (ctx : Full.Counted.Context) (credits : List Nat) :
  Full.Demand.CreditWork.budget ctx credits =
    { invocation := ctx.invocation, branches := ctx.branches, credits := credits }
'Full.Demand.CreditWork.budget.eq_1' does not depend on any axioms
Full.Demand.CreditWork.dead_prefix {root : Nat} {p : Full.Program} {saved ts : List Full.Counted.Task}
  {budgets : List Full.Demand.Tickets.Budget} (bs : List Full.Counted.Binding) (env : Full.Counted.Env)
  (future : List Full.Counted.Task) (h : Full.Demand.CreditWork.Plan root p saved ts budgets) :
  Full.Demand.CreditWork.Plan root p saved (Full.Counted.dead bs env future ++ ts) budgets
'Full.Demand.CreditWork.dead_prefix' depends on axioms: [propext, Quot.sound]
Full.Demand.CreditWork.dispatch {env : List (String × Full.Kind)} {before : List Nat} {e : Full.Expr} {after : List Nat}
  {root : Nat} {p : Full.Program} {saved rest : List Full.Counted.Task} {ctx : Full.Counted.Context}
  {stack : List Full.Demand.Tickets.Budget} {s : Full.Counted.State} {c : Full.Counted.Change}
  (checked : Full.Demand.expression p.functions env before e = Except.ok after)
  (h : Full.Demand.CreditWork.Plan root p saved rest (Full.Demand.CreditWork.budget ctx after :: stack))
  (htask : s.tasks = Full.Counted.Task.eval e ctx :: rest) (ht : Full.Counted.transition p s = Except.ok c) :
  Full.Demand.CreditWork.Plan root p saved c.state.tasks (Full.Demand.CreditWork.budget ctx before :: stack)
'Full.Demand.CreditWork.dispatch' depends on axioms: [propext, Classical.choice, Quot.sound]
Full.Demand.CreditWork.dispatch._simp_1_6.{u_1} {α β : Type u_1} (x : Except String α) (f : α → Except String β)
  (b : β) : (x >>= f = Except.ok b) = ∃ a, x = Except.ok a ∧ f a = Except.ok b
'Full.Demand.CreditWork.dispatch._simp_1_6' depends on axioms: [propext, Quot.sound]
Full.Demand.Entry.certified {p : Full.Program} {initial : Trial.Start} {s : Full.Counted.State} {f : Full.Counted.Frame}
  (hr : Full.Statements.Reachable p initial s)
  (hl : Option.map Full.Counted.Action.name s.history.getLast? = some "Enter") (hf : s.frames.head? = some f)
  (ha : Full.Demand.accepts p f.name = true) :
  ∃ cut out,
    Full.Proofs.PlainTyping.FunctionsTyped p ∧
      Full.Demand.Affinity.StateCertified f.id p out s ∧ Full.Demand.Affinity.Bound cut s
'Full.Demand.Entry.certified' depends on axioms: [propext, Classical.choice, Quot.sound]
Full.Demand.Entry.source {p : Full.Program} {s : Full.Counted.State} {c : Full.Counted.Change} {f : Full.Counted.Frame}
  (ht : Full.Counted.transition p s = Except.ok c) (ha : c.action.name = "Enter") (hf : c.state.frames.head? = some f) :
  ∃ arity ctx rest, s.tasks = Full.Counted.Task.enter f.name arity ctx :: rest ∧ f.id = s.nextInvocation
'Full.Demand.Entry.source' depends on axioms: [propext, Quot.sound]
Full.Demand.Events.Extension.closed {es : List Full.Counted.Event} {ids : List Nat} {next : Nat}
  {es' : List Full.Counted.Event} {ids' : List Nat} {next' id : Nat} (hs : Full.Demand.Events.Trace es ids next)
  (h : Full.Demand.Events.Extension es ids next es' ids' next') (hf : id < next) (hn : ¬id ∈ ids) :
  id < next' ∧ ¬id ∈ ids' ∧ Full.Demand.Events.tally id es' = Full.Demand.Events.tally id es
'Full.Demand.Events.Extension.closed' depends on axioms: [propext, Classical.choice, Quot.sound]
Full.Demand.Events.Extension.closed._proof_1_3 {next id : Nat} (hf : id < next) {f : Full.Counted.Frame}
  (fresh : f.id = next) : f.id = id → False
'Full.Demand.Events.Extension.closed._proof_1_3' depends on axioms: [propext, Quot.sound]
Full.Demand.Events.Extension.closed._proof_1_4 {next id : Nat} (hf : id < next) {f : Full.Counted.Frame}
  (fresh : f.id = next) : ¬id < next + 1 → False
'Full.Demand.Events.Extension.closed._proof_1_4' depends on axioms: [propext, Quot.sound]
Full.Demand.Events.Extension.trace {es : List Full.Counted.Event} {ids : List Nat} {next : Nat}
  {es' : List Full.Counted.Event} {ids' : List Nat} {next' : Nat} (hs : Full.Demand.Events.Trace es ids next)
  (h : Full.Demand.Events.Extension es ids next es' ids' next') : Full.Demand.Events.Trace es' ids' next'
'Full.Demand.Events.Extension.trace' does not depend on any axioms
Full.Demand.Events.Invariant.eq_1 (s : Full.Counted.State) :
  Full.Demand.Events.Invariant s =
    Full.Demand.Events.Trace s.events (List.map Full.Counted.Frame.id s.frames) s.nextInvocation
'Full.Demand.Events.Invariant.eq_1' does not depend on any axioms
Full.Demand.Events.Trace.brecOn
  {motive : (a : List Full.Counted.Event) → (a_1 : List Nat) → (a_2 : Nat) → Full.Demand.Events.Trace a a_1 a_2 → Prop}
  {a✝ : List Full.Counted.Event} {a✝¹ : List Nat} {a✝² : Nat} (t : Full.Demand.Events.Trace a✝ a✝¹ a✝²)
  (F_1 :
    ∀ (a : List Full.Counted.Event) (a_1 : List Nat) (a_2 : Nat) (t : Full.Demand.Events.Trace a a_1 a_2),
      Full.Demand.Events.Trace.below t → motive a a_1 a_2 t) :
  motive a✝ a✝¹ a✝² t
'Full.Demand.Events.Trace.brecOn' does not depend on any axioms
Full.Demand.Events.advance_closed {s : Full.Counted.State} {p : Full.Program} {n : Nat} {t : Full.Counted.State}
  {id : Nat} (hs : Full.Demand.Events.Invariant s) (hf : id < s.nextInvocation)
  (hn : ¬id ∈ List.map Full.Counted.Frame.id s.frames) (ht : Full.Counted.advance p n s = Except.ok t) :
  id < t.nextInvocation ∧
    ¬id ∈ List.map Full.Counted.Frame.id t.frames ∧
      Full.Demand.Events.tally id t.events = Full.Demand.Events.tally id s.events
'Full.Demand.Events.advance_closed' depends on axioms: [propext, Classical.choice, Quot.sound]
Full.Demand.Events.advance_invariant {s : Full.Counted.State} {p : Full.Program} {n : Nat} {t : Full.Counted.State}
  (hs : Full.Demand.Events.Invariant s) (ht : Full.Counted.advance p n s = Except.ok t) : Full.Demand.Events.Invariant t
'Full.Demand.Events.advance_invariant' depends on axioms: [propext, Quot.sound]
Full.Demand.Events.begin_history {p : Full.Program} {initial : Trial.Start} {s : Full.Counted.State}
  (hb : Full.Counted.begin p initial = Except.ok s) : s.history = []
'Full.Demand.Events.begin_history' depends on axioms: [propext, Quot.sound]
Full.Demand.Events.begin_invariant {p : Full.Program} {initial : Trial.Start} {s : Full.Counted.State}
  (hb : Full.Counted.begin p initial = Except.ok s) : Full.Demand.Events.Invariant s
'Full.Demand.Events.begin_invariant' depends on axioms: [propext, Quot.sound]
Full.Demand.Events.creates_eq (id : Nat) (es : List Full.Counted.Event) :
  Full.Statements.creates id es = (Full.Demand.Events.tally id es).snd
'Full.Demand.Events.creates_eq' depends on axioms: [propext]
Full.Demand.Events.entry_zero {p : Full.Program} {initial : Trial.Start} {s : Full.Counted.State}
  {f : Full.Counted.Frame} (hr : Full.Statements.Reachable p initial s)
  (hl : Option.map Full.Counted.Action.name s.history.getLast? = some "Enter") (hf : s.frames.head? = some f) :
  Full.Demand.Events.tally f.id s.events = (true, 0)
'Full.Demand.Events.entry_zero' depends on axioms: [propext, Classical.choice, Quot.sound]
Full.Demand.Events.frame_bound {es : List Full.Counted.Event} {ids : List Nat} {next : Nat}
  (h : Full.Demand.Events.Trace es ids next) (id : Nat) : id ∈ ids → id < next
'Full.Demand.Events.frame_bound' depends on axioms: [propext, Quot.sound]
Full.Demand.Events.frame_bound._proof_1_1 {next✝ : Nat} {f✝ : Full.Counted.Frame} (hf : f✝.id = next✝) :
  ¬f✝.id < next✝ + 1 → False
'Full.Demand.Events.frame_bound._proof_1_1' depends on axioms: [propext, Quot.sound]
Full.Demand.Events.frame_bound._proof_1_2 {next✝ : Nat} :
  ∀ {f : Full.Counted.Frame} (id : Nat) (this : id < next✝), ¬id < next✝ + 1 → False
'Full.Demand.Events.frame_bound._proof_1_2' depends on axioms: [propext, Quot.sound]
Full.Demand.Events.frames_nodup {es : List Full.Counted.Event} {ids : List Nat} {next : Nat}
  (h : Full.Demand.Events.Trace es ids next) : ids.Nodup
'Full.Demand.Events.frames_nodup' depends on axioms: [propext, Quot.sound]
Full.Demand.Events.frames_nodup._proof_1_1 {next✝ : Nat} {f✝ : Full.Counted.Frame} (hf : f✝.id = next✝)
  (this : f✝.id < next✝) : False
'Full.Demand.Events.frames_nodup._proof_1_1' depends on axioms: [propext, Quot.sound]
Full.Demand.Events.frames_ordered {es : List Full.Counted.Event} {ids : List Nat} {next : Nat}
  (h : Full.Demand.Events.Trace es ids next) : List.Pairwise (fun a b => b < a) ids
'Full.Demand.Events.frames_ordered' depends on axioms: [propext, Quot.sound]
Full.Demand.Events.frames_ordered._proof_1_1 {next✝ : Nat} {f✝ : Full.Counted.Frame} (hf : f✝.id = next✝) (id : Nat)
  (this : id < next✝) : ¬id < f✝.id → False
'Full.Demand.Events.frames_ordered._proof_1_1' depends on axioms: [propext, Quot.sound]
Full.Demand.Events.future_zero {es : List Full.Counted.Event} {ids : List Nat} {next id : Nat}
  (h : Full.Demand.Events.Trace es ids next) (hf : next ≤ id) : Full.Demand.Events.tally id es = (false, 0)
'Full.Demand.Events.future_zero' depends on axioms: [propext, Quot.sound]
Full.Demand.Events.future_zero._proof_1_3 {id next : Nat} {f : Full.Counted.Frame} (hf : next + 1 ≤ id) :
  ¬next ≤ id → False
'Full.Demand.Events.future_zero._proof_1_3' depends on axioms: [propext, Quot.sound]
Full.Demand.Events.future_zero._proof_1_4 {id next : Nat} {f : Full.Counted.Frame} (fresh : f.id = next)
  (hf : next + 1 ≤ id) : f.id = id → False
'Full.Demand.Events.future_zero._proof_1_4' depends on axioms: [propext, Quot.sound]
Full.Demand.Events.head_ge {es : List Full.Counted.Event} {ids : List Nat} {next id top : Nat}
  (h : Full.Demand.Events.Trace es (top :: ids) next) (hm : id ∈ top :: ids) : id ≤ top
'Full.Demand.Events.head_ge' depends on axioms: [propext, Quot.sound]
Full.Demand.Events.last_enter {p : Full.Program} {initial : Trial.Start} {s : Full.Counted.State}
  (hr : Full.Statements.Reachable p initial s)
  (hl : Option.map Full.Counted.Action.name s.history.getLast? = some "Enter") :
  ∃ before c,
    Full.Statements.Reachable p initial before ∧
      Full.Counted.transition p before = Except.ok c ∧ c.action.name = "Enter" ∧ s = Full.Counted.commit c
'Full.Demand.Events.last_enter' depends on axioms: [propext, Classical.choice, Quot.sound]
Full.Demand.Events.next_positive {es : List Full.Counted.Event} {ids : List Nat} {next : Nat}
  (h : Full.Demand.Events.Trace es ids next) : 0 < next
'Full.Demand.Events.next_positive' depends on axioms: [propext, Quot.sound]
Full.Demand.Events.next_positive._proof_1_1 : ¬0 < 1 → False
'Full.Demand.Events.next_positive._proof_1_1' depends on axioms: [propext, Quot.sound]
Full.Demand.Events.next_positive._proof_1_2 {next✝ : Nat} :
  ∀ {f : Full.Counted.Frame}, 0 < next✝ → ¬0 < next✝ + 1 → False
'Full.Demand.Events.next_positive._proof_1_2' depends on axioms: [propext, Quot.sound]
Full.Demand.Events.reachable_invariant {p : Full.Program} {initial : Trial.Start} {s : Full.Counted.State}
  (hr : Full.Statements.Reachable p initial s) : Full.Demand.Events.Invariant s
'Full.Demand.Events.reachable_invariant' depends on axioms: [propext, Quot.sound]
Full.Demand.Events.step_closed {s : Full.Counted.State} {p : Full.Program} {t : Full.Counted.State} {id : Nat}
  (hs : Full.Demand.Events.Invariant s) (hf : id < s.nextInvocation)
  (hn : ¬id ∈ List.map Full.Counted.Frame.id s.frames) (ht : Full.Counted.step p s = Except.ok t) :
  id < t.nextInvocation ∧
    ¬id ∈ List.map Full.Counted.Frame.id t.frames ∧
      Full.Demand.Events.tally id t.events = Full.Demand.Events.tally id s.events
'Full.Demand.Events.step_closed' depends on axioms: [propext, Classical.choice, Quot.sound]
Full.Demand.Events.step_invariant {s : Full.Counted.State} {p : Full.Program} {t : Full.Counted.State}
  (hs : Full.Demand.Events.Invariant s) (ht : Full.Counted.step p s = Except.ok t) : Full.Demand.Events.Invariant t
'Full.Demand.Events.step_invariant' depends on axioms: [propext, Quot.sound]
Full.Demand.Events.tally._sparseCasesOn_3.else_eq.{u} {motive : Full.Counted.Event → Sort u} (t : Full.Counted.Event)
  (enter : (frame : Full.Counted.Frame) → motive (Full.Counted.Event.enter frame))
  (returning : (id : Nat) → (result : Full.Counted.Slot) → motive (Full.Counted.Event.returning id result))
  (create : (addr : Nat) → (item : Int) → (link : Option Nat) → motive (Full.Counted.Event.create addr item link))
  (else✝ : Nat.hasNotBit 25 t.ctorIdx → motive t) (h : Nat.hasNotBit 25 t.ctorIdx) :
  Full.Demand.Events.tally._sparseCasesOn_3 t enter returning create else✝ = else✝ h
'Full.Demand.Events.tally._sparseCasesOn_3.else_eq' depends on axioms: [propext]
Full.Demand.Events.tally.eq_1 (id : Nat) (es : List Full.Counted.Event) :
  Full.Demand.Events.tally id es =
    List.foldl
      (fun x event =>
        match x with
        | (active, n) =>
          match event with
          | Full.Counted.Event.enter f => (active || f.id == id, n)
          | Full.Counted.Event.returning i result => (active && i != id, n)
          | Full.Counted.Event.create addr item link => (active, n + if active = true then 1 else 0)
          | x => (active, n))
      (false, 0) es
'Full.Demand.Events.tally.eq_1' depends on axioms: [propext]
Full.Demand.Events.tally_active {es : List Full.Counted.Event} {ids : List Nat} {next id : Nat}
  (h : Full.Demand.Events.Trace es ids next) : (Full.Demand.Events.tally id es).fst = ids.contains id
'Full.Demand.Events.tally_active' depends on axioms: [propext, Classical.choice, Quot.sound]
Full.Demand.Events.tally_active._proof_1_6 {id : Nat} {ids✝ : List Nat} {f✝ : Full.Counted.Frame} :
  id ∈ ids✝ ∨ f✝.id = id ↔ id = f✝.id ∨ id ∈ ids✝
'Full.Demand.Events.tally_active._proof_1_6' depends on axioms: [propext, Classical.choice, Quot.sound]
Full.Demand.Events.tally_active._simp_1_3.{u_1} {α : Type u_1} [BEq α] [LawfulBEq α] {a b : α} :
  ((a == b) = true) = (a = b)
'Full.Demand.Events.tally_active._simp_1_3' depends on axioms: [propext]
Full.Demand.Events.tally_active._simp_1_4.{u_1} {α : Type u_1} [BEq α] [LawfulBEq α] {a : α} {as : List α} :
  (as.contains a = true) = (a ∈ as)
'Full.Demand.Events.tally_active._simp_1_4' depends on axioms: [propext]
Full.Demand.Events.tally_active._simp_1_5.{u_1} {α✝ : Type u_1} {b : α✝} {l : List α✝} {a : α✝} :
  (a ∈ b :: l) = (a = b ∨ a ∈ l)
'Full.Demand.Events.tally_active._simp_1_5' depends on axioms: [propext]
Full.Demand.Events.transition_enter_zero {s : Full.Counted.State} {p : Full.Program} {c : Full.Counted.Change}
  {f : Full.Counted.Frame} (hs : Full.Demand.Events.Invariant s) (ht : Full.Counted.transition p s = Except.ok c)
  (ha : c.action.name = "Enter") (hf : c.state.frames.head? = some f) :
  Full.Demand.Events.tally f.id c.state.events = (true, 0)
'Full.Demand.Events.transition_enter_zero' depends on axioms: [propext, Classical.choice, Quot.sound]
Full.Demand.Events.transition_extension {p : Full.Program} {s : Full.Counted.State} {c : Full.Counted.Change}
  (ht : Full.Counted.transition p s = Except.ok c) :
  Full.Demand.Events.Extension s.events (List.map Full.Counted.Frame.id s.frames) s.nextInvocation c.state.events
    (List.map Full.Counted.Frame.id c.state.frames) c.state.nextInvocation
'Full.Demand.Events.transition_extension' depends on axioms: [propext, Quot.sound]
Full.Demand.Events.transition_extension._simp_1_20.{u_1} {α : Type u_1} [BEq α] [LawfulBEq α] {a b : α} :
  ((a != b) = true) = (a ≠ b)
'Full.Demand.Events.transition_extension._simp_1_20' depends on axioms: [propext]
Full.Demand.Events.transition_history {p : Full.Program} {s : Full.Counted.State} {c : Full.Counted.Change}
  (ht : Full.Counted.transition p s = Except.ok c) : c.state.history = s.history
'Full.Demand.Events.transition_history' depends on axioms: [propext, Quot.sound]
Full.Demand.Events.transition_invariant {s : Full.Counted.State} {p : Full.Program} {c : Full.Counted.Change}
  (hs : Full.Demand.Events.Invariant s) (ht : Full.Counted.transition p s = Except.ok c) :
  Full.Demand.Events.Invariant c.state
'Full.Demand.Events.transition_invariant' depends on axioms: [propext, Quot.sound]
Full.Demand.Framing.Shape.at_boundary {saved : List Full.Counted.Task} {frames : List Nat} {ts : List Full.Counted.Task}
  {n : Nat} {fs : List Nat} (h : Full.Demand.Framing.Shape saved frames ts n fs) (he : ts = saved) : n = 1 ∧ fs = frames
'Full.Demand.Framing.Shape.at_boundary' depends on axioms: [propext, Quot.sound]
Full.Demand.Framing.Shape.at_boundary._proof_1_1 {saved : List Full.Counted.Task} (work : List Full.Counted.Task)
  (hl : work.length + saved.length + 1 = saved.length) : False
'Full.Demand.Framing.Shape.at_boundary._proof_1_1' depends on axioms: [propext, Quot.sound]
Full.Demand.Framing.Shape.brecOn {saved : List Full.Counted.Task} {frames : List Nat}
  {motive :
    (a : List Full.Counted.Task) →
      (a_1 : Nat) → (a_2 : List Nat) → Full.Demand.Framing.Shape saved frames a a_1 a_2 → Prop}
  {a✝ : List Full.Counted.Task} {a✝¹ : Nat} {a✝² : List Nat} (t : Full.Demand.Framing.Shape saved frames a✝ a✝¹ a✝²)
  (F_1 :
    ∀ (a : List Full.Counted.Task) (a_1 : Nat) (a_2 : List Nat) (t : Full.Demand.Framing.Shape saved frames a a_1 a_2),
      Full.Demand.Framing.Shape.below t → motive a a_1 a_2 t) :
  motive a✝ a✝¹ a✝² t
'Full.Demand.Framing.Shape.brecOn' does not depend on any axioms
Full.Demand.Framing.Shape.operands {saved : List Full.Counted.Task} {frames : List Nat} {task : Full.Counted.Task}
  {ts : List Full.Counted.Task} {n : Nat} {fs : List Nat} (h : Full.Demand.Framing.Shape saved frames (task :: ts) n fs)
  (hne : task :: ts ≠ saved) : Full.Proofs.Residual.operands task ≤ n
'Full.Demand.Framing.Shape.operands' depends on axioms: [propext]
Full.Demand.Framing.Shape.prefix {saved : List Full.Counted.Task} {frames : List Nat} {ts : List Full.Counted.Task}
  {n : Nat} {fs : List Nat} (h : Full.Demand.Framing.Shape saved frames ts n fs) : ∃ work, ts = work ++ saved
'Full.Demand.Framing.Shape.prefix' does not depend on any axioms
Full.Demand.Framing.arguments {saved : List Full.Counted.Task} {frames : List Nat} {ts : List Full.Counted.Task}
  {n : Nat} {fs : List Nat} (args : List (Full.Expr × Nat)) (ctx : Full.Counted.Context)
  (hs : Full.Demand.Framing.Shape saved frames ts (n + args.length) fs) :
  Full.Demand.Framing.Shape saved frames
    (List.flatMap
        (fun x =>
          match x with
          | (a, i) => [Full.Counted.Task.eval a (Full.Counted.child ctx i), Full.Counted.Task.capture])
        args ++
      ts)
    n fs
'Full.Demand.Framing.arguments' depends on axioms: [propext]
Full.Demand.Framing.dead_prefix {saved : List Full.Counted.Task} {frames : List Nat} {ts : List Full.Counted.Task}
  {n : Nat} {fs : List Nat} (bs : List Full.Counted.Binding) (env : Full.Counted.Env) (future : List Full.Counted.Task)
  (hs : Full.Demand.Framing.Shape saved frames ts n fs) :
  Full.Demand.Framing.Shape saved frames (Full.Counted.dead bs env future ++ ts) n fs
'Full.Demand.Framing.dead_prefix' depends on axioms: [propext, Quot.sound]
Full.Demand.Framing.enter {p : Full.Program} {s : Full.Counted.State} {c : Full.Counted.Change}
  {rest : List Full.Counted.Task} {name : String} {arity : Nat} {ctx : Full.Counted.Context} {f : Full.Counted.Frame}
  (ht : Full.Counted.transition p s = Except.ok c) (hs : s.tasks = Full.Counted.Task.enter name arity ctx :: rest)
  (hf : c.state.frames.head? = some f) :
  Full.Demand.Framing.Shape (Full.Counted.Task.returning f ctx :: rest) (List.map Full.Counted.Frame.id c.state.frames)
    c.state.tasks 0 (List.map Full.Counted.Frame.id c.state.frames)
'Full.Demand.Framing.enter' depends on axioms: [propext, Quot.sound]
Full.Demand.Framing.reserved_prefix {saved : List Full.Counted.Task} {frames : List Nat} {ts : List Full.Counted.Task}
  {n : Nat} {fs : List Nat} (rs : List Full.Counted.Reservation) (hs : Full.Demand.Framing.Shape saved frames ts n fs) :
  Full.Demand.Framing.Shape saved frames (List.map (fun r => Full.Counted.Task.freeReserved r.addr) rs ++ ts) n fs
'Full.Demand.Framing.reserved_prefix' does not depend on any axioms
Full.Demand.Framing.transition {saved : List Full.Counted.Task} {frames : List Nat} {n : Nat}
  {slots : List Full.Counted.Slot} {p : Full.Program} {s : Full.Counted.State} {c : Full.Counted.Change}
  (hs : Full.Demand.Framing.Shape saved frames s.tasks n (List.map Full.Counted.Frame.id s.frames))
  (hn : s.slots.length = n + slots.length) (hd : List.drop n s.slots = slots) (hne : s.tasks ≠ saved)
  (ht : Full.Counted.transition p s = Except.ok c) :
  ∃ n',
    Full.Demand.Framing.Shape saved frames c.state.tasks n' (List.map Full.Counted.Frame.id c.state.frames) ∧
      c.state.slots.length = n' + slots.length ∧ List.drop n' c.state.slots = slots
'Full.Demand.Framing.transition' depends on axioms: [propext, Quot.sound]
Full.Demand.Framing.transition._proof_1_19 {n : Nat} {slots : List Full.Counted.Slot} {s : Full.Counted.State} :
  ¬n + slots.length = n + slots.length → False
'Full.Demand.Framing.transition._proof_1_19' depends on axioms: [propext, Quot.sound]
Full.Demand.Framing.transition._proof_1_20 {n : Nat} {slots : List Full.Counted.Slot} {s : Full.Counted.State} :
  ¬n + slots.length + 1 = n + 1 + slots.length → False
'Full.Demand.Framing.transition._proof_1_20' depends on axioms: [propext, Quot.sound]
Full.Demand.Framing.transition._proof_1_21 {slots : List Full.Counted.Slot} {n✝ : Nat} (slots✝ : List Full.Counted.Slot)
  (hn : slots✝.length + 1 + 1 = n✝ + 2 + slots.length) : ¬slots✝.length + 1 = n✝ + 1 + slots.length → False
'Full.Demand.Framing.transition._proof_1_21' depends on axioms: [propext, Quot.sound]
Full.Demand.Framing.transition._proof_1_22 {slots : List Full.Counted.Slot} {n✝ : Nat} (slots✝ : List Full.Counted.Slot)
  (hn : slots✝.length + 1 = n✝ + 1 + slots.length) : ¬slots✝.length = n✝ + slots.length → False
'Full.Demand.Framing.transition._proof_1_22' depends on axioms: [propext, Quot.sound]
Full.Demand.Framing.transition._proof_1_23 {slots : List Full.Counted.Slot} {n✝ : Nat} :
  ∀ (slots✝ : List Full.Counted.Slot), ¬n✝ + 1 + slots.length = n✝ + 1 + slots.length → False
'Full.Demand.Framing.transition._proof_1_23' depends on axioms: [propext, Quot.sound]
Full.Demand.Framing.transition._proof_1_24 {slots : List Full.Counted.Slot} {s : Full.Counted.State} {n✝ arity✝ : Nat} :
  ¬n✝ + arity✝ + slots.length - arity✝ = n✝ + slots.length → False
'Full.Demand.Framing.transition._proof_1_24' depends on axioms: [propext, Quot.sound]
Full.Demand.Framing.transition._proof_1_25 {slots : List Full.Counted.Slot} {n✝ : Nat} :
  ∀ {f : Full.Counted.Frame} (slots✝ : List Full.Counted.Slot) (f✝ : Full.Counted.Frame),
    ¬n✝ + 1 + slots.length = n✝ + 1 + slots.length → False
'Full.Demand.Framing.transition._proof_1_25' depends on axioms: [propext, Quot.sound]
Full.Demand.LocalIds.ContextOK.eq_1 (root cut : Nat) (ctx : Full.Counted.Context) :
  Full.Demand.LocalIds.ContextOK root cut ctx =
    (root ≤ ctx.invocation → ∀ (pair : String × Nat), pair ∈ ctx.env → cut ≤ pair.snd)
'Full.Demand.LocalIds.ContextOK.eq_1' does not depend on any axioms
Full.Demand.LocalIds.TaskOK._sparseCasesOn_1.else_eq.{u} {motive : Full.Counted.Task → Sort u} (t : Full.Counted.Task)
  (eval : (e : Full.Expr) → (ctx : Full.Counted.Context) → motive (Full.Counted.Task.eval e ctx))
  (primitive : (op : Full.Op) → (ctx : Full.Counted.Context) → motive (Full.Counted.Task.primitive op ctx))
  (bind :
    (name : String) → (body : Full.Expr) → (ctx : Full.Counted.Context) → motive (Full.Counted.Task.bind name body ctx))
  (chooseIf : (yes no : Full.Expr) → (ctx : Full.Counted.Context) → motive (Full.Counted.Task.chooseIf yes no ctx))
  (chooseMatch :
    (empty : Full.Expr) →
      (head tail : String) →
        (cell : Full.Expr) →
          (ctx : Full.Counted.Context) → motive (Full.Counted.Task.chooseMatch empty head tail cell ctx))
  (decompose :
    (head tail : String) →
      (body : Full.Expr) →
        (bid : Nat) → (ctx : Full.Counted.Context) → motive (Full.Counted.Task.decompose head tail body bid ctx))
  (matchComplete : (ctx : Full.Counted.Context) → motive (Full.Counted.Task.matchComplete ctx))
  (branchStart : (ctx : Full.Counted.Context) → motive (Full.Counted.Task.branchStart ctx))
  (handoffMatch : (outer : Full.Counted.Context) → motive (Full.Counted.Task.handoffMatch outer))
  (enter :
    (name : String) → (arity : Nat) → (ctx : Full.Counted.Context) → motive (Full.Counted.Task.enter name arity ctx))
  (returning :
    (frame : Full.Counted.Frame) → (ctx : Full.Counted.Context) → motive (Full.Counted.Task.returning frame ctx))
  (branchResult :
    (bid : Nat) → (inner outer : Full.Counted.Context) → motive (Full.Counted.Task.branchResult bid inner outer))
  (else✝ : Nat.hasNotBit 28666 t.ctorIdx → motive t) (h : Nat.hasNotBit 28666 t.ctorIdx) :
  Full.Demand.LocalIds.TaskOK._sparseCasesOn_1 t eval primitive bind chooseIf chooseMatch decompose matchComplete
      branchStart handoffMatch enter returning branchResult else✝ =
    else✝ h
'Full.Demand.LocalIds.TaskOK._sparseCasesOn_1.else_eq' depends on axioms: [propext]
Full.Demand.LocalIds.TaskOK.eq_1 (root cut : Nat) (e : Full.Expr) (ctx : Full.Counted.Context) :
  Full.Demand.LocalIds.TaskOK root cut (Full.Counted.Task.eval e ctx) = Full.Demand.LocalIds.ContextOK root cut ctx
'Full.Demand.LocalIds.TaskOK.eq_1' depends on axioms: [propext]
Full.Demand.LocalIds.TaskOK.eq_10 (root cut : Nat) (name : String) (arity : Nat) (ctx : Full.Counted.Context) :
  Full.Demand.LocalIds.TaskOK root cut (Full.Counted.Task.enter name arity ctx) =
    Full.Demand.LocalIds.ContextOK root cut ctx
'Full.Demand.LocalIds.TaskOK.eq_10' depends on axioms: [propext]
Full.Demand.LocalIds.TaskOK.eq_11 (root cut : Nat) (frame : Full.Counted.Frame) (ctx : Full.Counted.Context) :
  Full.Demand.LocalIds.TaskOK root cut (Full.Counted.Task.returning frame ctx) =
    Full.Demand.LocalIds.ContextOK root cut ctx
'Full.Demand.LocalIds.TaskOK.eq_11' depends on axioms: [propext]
Full.Demand.LocalIds.TaskOK.eq_12 (root cut bid : Nat) (inner outer : Full.Counted.Context) :
  Full.Demand.LocalIds.TaskOK root cut (Full.Counted.Task.branchResult bid inner outer) =
    (Full.Demand.LocalIds.ContextOK root cut inner ∧ Full.Demand.LocalIds.ContextOK root cut outer)
'Full.Demand.LocalIds.TaskOK.eq_12' depends on axioms: [propext]
Full.Demand.LocalIds.TaskOK.eq_13 (root cut : Nat) (x✝ : Full.Counted.Task)
  (x_2 : ∀ (e : Full.Expr) (ctx : Full.Counted.Context), x✝ = Full.Counted.Task.eval e ctx → False)
  (x_3 : ∀ (op : Full.Op) (ctx : Full.Counted.Context), x✝ = Full.Counted.Task.primitive op ctx → False)
  (x_4 :
    ∀ (name : String) (body : Full.Expr) (ctx : Full.Counted.Context),
      x✝ = Full.Counted.Task.bind name body ctx → False)
  (x_5 : ∀ (yes no : Full.Expr) (ctx : Full.Counted.Context), x✝ = Full.Counted.Task.chooseIf yes no ctx → False)
  (x_6 :
    ∀ (empty : Full.Expr) (head tail : String) (cell : Full.Expr) (ctx : Full.Counted.Context),
      x✝ = Full.Counted.Task.chooseMatch empty head tail cell ctx → False)
  (x_7 :
    ∀ (head tail : String) (body : Full.Expr) (bid : Nat) (ctx : Full.Counted.Context),
      x✝ = Full.Counted.Task.decompose head tail body bid ctx → False)
  (x_8 : ∀ (ctx : Full.Counted.Context), x✝ = Full.Counted.Task.matchComplete ctx → False)
  (x_9 : ∀ (ctx : Full.Counted.Context), x✝ = Full.Counted.Task.branchStart ctx → False)
  (x_10 : ∀ (ctx : Full.Counted.Context), x✝ = Full.Counted.Task.handoffMatch ctx → False)
  (x_11 :
    ∀ (name : String) (arity : Nat) (ctx : Full.Counted.Context), x✝ = Full.Counted.Task.enter name arity ctx → False)
  (x_12 :
    ∀ (frame : Full.Counted.Frame) (ctx : Full.Counted.Context), x✝ = Full.Counted.Task.returning frame ctx → False)
  (x_13 :
    ∀ (bid : Nat) (inner outer : Full.Counted.Context), x✝ = Full.Counted.Task.branchResult bid inner outer → False) :
  Full.Demand.LocalIds.TaskOK root cut x✝ = True
'Full.Demand.LocalIds.TaskOK.eq_13' depends on axioms: [propext]
Full.Demand.LocalIds.TaskOK.eq_2 (root cut : Nat) (op : Full.Op) (ctx : Full.Counted.Context) :
  Full.Demand.LocalIds.TaskOK root cut (Full.Counted.Task.primitive op ctx) =
    Full.Demand.LocalIds.ContextOK root cut ctx
'Full.Demand.LocalIds.TaskOK.eq_2' depends on axioms: [propext]
Full.Demand.LocalIds.TaskOK.eq_3 (root cut : Nat) (name : String) (body : Full.Expr) (ctx : Full.Counted.Context) :
  Full.Demand.LocalIds.TaskOK root cut (Full.Counted.Task.bind name body ctx) =
    Full.Demand.LocalIds.ContextOK root cut ctx
'Full.Demand.LocalIds.TaskOK.eq_3' depends on axioms: [propext]
Full.Demand.LocalIds.TaskOK.eq_4 (root cut : Nat) (yes no : Full.Expr) (ctx : Full.Counted.Context) :
  Full.Demand.LocalIds.TaskOK root cut (Full.Counted.Task.chooseIf yes no ctx) =
    Full.Demand.LocalIds.ContextOK root cut ctx
'Full.Demand.LocalIds.TaskOK.eq_4' depends on axioms: [propext]
Full.Demand.LocalIds.TaskOK.eq_5 (root cut : Nat) (empty : Full.Expr) (head tail : String) (cell : Full.Expr)
  (ctx : Full.Counted.Context) :
  Full.Demand.LocalIds.TaskOK root cut (Full.Counted.Task.chooseMatch empty head tail cell ctx) =
    Full.Demand.LocalIds.ContextOK root cut ctx
'Full.Demand.LocalIds.TaskOK.eq_5' depends on axioms: [propext]
Full.Demand.LocalIds.TaskOK.eq_6 (root cut : Nat) (head tail : String) (body : Full.Expr) (bid : Nat)
  (ctx : Full.Counted.Context) :
  Full.Demand.LocalIds.TaskOK root cut (Full.Counted.Task.decompose head tail body bid ctx) =
    Full.Demand.LocalIds.ContextOK root cut ctx
'Full.Demand.LocalIds.TaskOK.eq_6' depends on axioms: [propext]
Full.Demand.LocalIds.TaskOK.eq_7 (root cut : Nat) (ctx : Full.Counted.Context) :
  Full.Demand.LocalIds.TaskOK root cut (Full.Counted.Task.matchComplete ctx) =
    Full.Demand.LocalIds.ContextOK root cut ctx
'Full.Demand.LocalIds.TaskOK.eq_7' depends on axioms: [propext]
Full.Demand.LocalIds.TaskOK.eq_8 (root cut : Nat) (ctx : Full.Counted.Context) :
  Full.Demand.LocalIds.TaskOK root cut (Full.Counted.Task.branchStart ctx) = Full.Demand.LocalIds.ContextOK root cut ctx
'Full.Demand.LocalIds.TaskOK.eq_8' depends on axioms: [propext]
Full.Demand.LocalIds.TaskOK.eq_9 (root cut : Nat) (ctx : Full.Counted.Context) :
  Full.Demand.LocalIds.TaskOK root cut (Full.Counted.Task.handoffMatch ctx) =
    Full.Demand.LocalIds.ContextOK root cut ctx
'Full.Demand.LocalIds.TaskOK.eq_9' depends on axioms: [propext]
Full.Demand.LocalIds.TasksOK.eq_1 (root cut : Nat) (tasks : List Full.Counted.Task) :
  Full.Demand.LocalIds.TasksOK root cut tasks =
    ∀ (task : Full.Counted.Task), task ∈ tasks → Full.Demand.LocalIds.TaskOK root cut task
'Full.Demand.LocalIds.TasksOK.eq_1' depends on axioms: [propext]
Full.Demand.LocalIds.args_prefix {root cut : Nat} {ts : List Full.Counted.Task} (args : List (Full.Expr × Nat))
  (ctx : Full.Counted.Context) (hc : Full.Demand.LocalIds.ContextOK root cut ctx)
  (ht : Full.Demand.LocalIds.TasksOK root cut ts) :
  Full.Demand.LocalIds.TasksOK root cut
    (List.flatMap
        (fun x =>
          match x with
          | (a, i) => [Full.Counted.Task.eval a (Full.Counted.child ctx i), Full.Counted.Task.capture])
        args ++
      ts)
'Full.Demand.LocalIds.args_prefix' depends on axioms: [propext, Quot.sound]
Full.Demand.LocalIds.args_prefix._simp_1_1 {root cut : Nat} {xs ys : List Full.Counted.Task} :
  Full.Demand.LocalIds.TasksOK root cut (xs ++ ys) =
    (Full.Demand.LocalIds.TasksOK root cut xs ∧ Full.Demand.LocalIds.TasksOK root cut ys)
'Full.Demand.LocalIds.args_prefix._simp_1_1' depends on axioms: [propext, Quot.sound]
Full.Demand.LocalIds.args_prefix._simp_1_2 {root cut : Nat} {task : Full.Counted.Task}
  {tasks : List Full.Counted.Task} :
  Full.Demand.LocalIds.TasksOK root cut (task :: tasks) =
    (Full.Demand.LocalIds.TaskOK root cut task ∧ Full.Demand.LocalIds.TasksOK root cut tasks)
'Full.Demand.LocalIds.args_prefix._simp_1_2' depends on axioms: [propext, Quot.sound]
Full.Demand.LocalIds.at_entry {p : Full.Program} {initial : Trial.Start} {s : Full.Counted.State}
  {f : Full.Counted.Frame} (hr : Full.Statements.Reachable p initial s)
  (hl : Option.map Full.Counted.Action.name s.history.getLast? = some "Enter") (hf : s.frames.head? = some f)
  (ha : Full.Demand.accepts p f.name = true) :
  ∃ cut out,
    Full.Proofs.PlainTyping.FunctionsTyped p ∧
      Full.Demand.Affinity.StateCertified f.id p out s ∧
        Full.Demand.Affinity.Bound cut s ∧ Full.Demand.LocalIds.TasksOK f.id cut s.tasks ∧ cut ≤ s.nextBinding
'Full.Demand.LocalIds.at_entry' depends on axioms: [propext, Classical.choice, Quot.sound]
Full.Demand.LocalIds.before_entry {p : Full.Program} {initial : Trial.Start} {s : Full.Counted.State} {cut : Nat}
  (hr : Full.Statements.Reachable p initial s) : Full.Demand.LocalIds.TasksOK s.nextInvocation cut s.tasks
'Full.Demand.LocalIds.before_entry' depends on axioms: [propext, Classical.choice, Quot.sound]
Full.Demand.LocalIds.before_entry._proof_1_16 {s : Full.Counted.State} (ctx✝ : Full.Counted.Context)
  (hc : ctx✝.invocation < s.nextInvocation) : s.nextInvocation ≤ ctx✝.invocation → False
'Full.Demand.LocalIds.before_entry._proof_1_16' depends on axioms: [propext, Quot.sound]
Full.Demand.LocalIds.before_entry._proof_1_17 {s : Full.Counted.State} {cut : Nat}
  (inner✝ outer✝ : Full.Counted.Context)
  (hc : inner✝.invocation < s.nextInvocation ∧ outer✝.invocation < s.nextInvocation) :
  ¬((s.nextInvocation ≤ inner✝.invocation → ∀ (a : String) (b : Nat), (a, b) ∈ inner✝.env → cut ≤ b) ∧
        (s.nextInvocation ≤ outer✝.invocation → ∀ (a : String) (b : Nat), (a, b) ∈ outer✝.env → cut ≤ b)) →
    False
'Full.Demand.LocalIds.before_entry._proof_1_17' depends on axioms: [propext, Classical.choice, Quot.sound]
Full.Demand.LocalIds.context_cons {root cut : Nat} {ctx : Full.Counted.Context} {name : String} {id : Nat}
  (hc : Full.Demand.LocalIds.ContextOK root cut ctx) (hn : cut ≤ id) :
  Full.Demand.LocalIds.ContextOK root cut
    { env := (name, id) :: ctx.env, invocation := ctx.invocation, branches := ctx.branches, site := ctx.site }
'Full.Demand.LocalIds.context_cons' depends on axioms: [propext]
Full.Demand.LocalIds.dead_prefix {root cut : Nat} (bs : List Full.Counted.Binding) (env : Full.Counted.Env)
  (future ts : List Full.Counted.Task) :
  Full.Demand.LocalIds.TasksOK root cut (Full.Counted.dead bs env future ++ ts) ↔
    Full.Demand.LocalIds.TasksOK root cut ts
'Full.Demand.LocalIds.dead_prefix' depends on axioms: [propext, Quot.sound]
Full.Demand.LocalIds.parameter_env {cut root : Nat} (pairs : List ((String × Full.Kind) × Full.Counted.Slot))
  (next invocation : Nat) (name : String) (hn : cut ≤ next) :
  Full.Demand.LocalIds.ContextOK root cut
    {
      env :=
        List.map (fun b => (b.record.name, b.record.id))
          (List.map
              (fun x =>
                match x with
                | (((x, snd), v), i) =>
                  Full.Counted.makeBinding (next + i) x v invocation
                    (toString name ++ toString "/parameter/" ++ toString x))
              pairs.zipIdx).reverse,
      invocation := invocation, site := name }
'Full.Demand.LocalIds.parameter_env' depends on axioms: [propext, Quot.sound]
Full.Demand.LocalIds.parameter_env._proof_1_2 {cut root : Nat} (pairs : List ((String × Full.Kind) × Full.Counted.Slot))
  (next invocation : Nat) (name : String) (hn : cut ≤ next) (i : Nat) : ¬cut ≤ next + i → False
'Full.Demand.LocalIds.parameter_env._proof_1_2' depends on axioms: [propext, Quot.sound]
Full.Demand.LocalIds.reserved_prefix {root cut : Nat} {ts : List Full.Counted.Task}
  (rs : List Full.Counted.Reservation) :
  Full.Demand.LocalIds.TasksOK root cut (List.map (fun r => Full.Counted.Task.freeReserved r.addr) rs ++ ts) ↔
    Full.Demand.LocalIds.TasksOK root cut ts
'Full.Demand.LocalIds.reserved_prefix' depends on axioms: [propext, Quot.sound]
Full.Demand.LocalIds.tasks_append {root cut : Nat} {xs ys : List Full.Counted.Task} :
  Full.Demand.LocalIds.TasksOK root cut (xs ++ ys) ↔
    Full.Demand.LocalIds.TasksOK root cut xs ∧ Full.Demand.LocalIds.TasksOK root cut ys
'Full.Demand.LocalIds.tasks_append' depends on axioms: [propext, Quot.sound]
Full.Demand.LocalIds.tasks_append._simp_1_2 {a b c : Prop} : (a ∨ b → c) = ((a → c) ∧ (b → c))
'Full.Demand.LocalIds.tasks_append._simp_1_2' depends on axioms: [propext]
Full.Demand.LocalIds.tasks_append._simp_1_3.{u_1} {α : Sort u_1} {p q : α → Prop} :
  (∀ (x : α), p x ∧ q x) = ((∀ (x : α), p x) ∧ ∀ (x : α), q x)
'Full.Demand.LocalIds.tasks_append._simp_1_3' depends on axioms: [propext]
Full.Demand.LocalIds.tasks_cons {root cut : Nat} {task : Full.Counted.Task} {tasks : List Full.Counted.Task} :
  Full.Demand.LocalIds.TasksOK root cut (task :: tasks) ↔
    Full.Demand.LocalIds.TaskOK root cut task ∧ Full.Demand.LocalIds.TasksOK root cut tasks
'Full.Demand.LocalIds.tasks_cons' depends on axioms: [propext, Quot.sound]
Full.Demand.LocalIds.transition {root cut : Nat} {p : Full.Program} {s : Full.Counted.State} {c : Full.Counted.Change}
  (hs : Full.Demand.LocalIds.TasksOK root cut s.tasks) (hn : cut ≤ s.nextBinding)
  (ht : Full.Counted.transition p s = Except.ok c) :
  Full.Demand.LocalIds.TasksOK root cut c.state.tasks ∧ cut ≤ c.state.nextBinding
'Full.Demand.LocalIds.transition' depends on axioms: [propext, Quot.sound]
Full.Demand.LocalIds.transition._proof_1_19 {cut : Nat} {s : Full.Counted.State} (hn : cut ≤ s.nextBinding) :
  ¬cut ≤ s.nextBinding + 1 → False
'Full.Demand.LocalIds.transition._proof_1_19' depends on axioms: [propext, Quot.sound]
Full.Demand.LocalIds.transition._proof_1_20 {cut : Nat} {s : Full.Counted.State} (hn : cut ≤ s.nextBinding) :
  ¬cut ≤ s.nextBinding + 1 + 1 → False
'Full.Demand.LocalIds.transition._proof_1_20' depends on axioms: [propext, Quot.sound]
Full.Demand.LocalIds.transition._proof_1_21 {cut : Nat} {s : Full.Counted.State} (hn : cut ≤ s.nextBinding)
  (name✝ : String) (arity✝ : Nat) (f✝ : Full.Function) :
  ¬cut ≤
        s.nextBinding +
          (List.map
              (fun x =>
                Full.Counted.makeBinding (s.nextBinding + x.snd) x.1.1.fst x.1.snd s.nextInvocation
                  (toString name✝ ++ toString "/parameter/" ++ toString x.1.1.fst))
              (f✝.params.zip (List.take arity✝ s.slots).reverse).zipIdx).length →
    False
'Full.Demand.LocalIds.transition._proof_1_21' depends on axioms: [propext, Quot.sound]
Full.Demand.LocalIds.transition._simp_1_36 {root cut : Nat} {task : Full.Counted.Task}
  {tasks : List Full.Counted.Task} :
  Full.Demand.LocalIds.TasksOK root cut (task :: tasks) =
    (Full.Demand.LocalIds.TaskOK root cut task ∧ Full.Demand.LocalIds.TasksOK root cut tasks)
'Full.Demand.LocalIds.transition._simp_1_36' depends on axioms: [propext, Quot.sound]
Full.Demand.LocalIds.transition._simp_1_37 {root cut : Nat} (bs : List Full.Counted.Binding) (env : Full.Counted.Env)
  (future ts : List Full.Counted.Task) :
  Full.Demand.LocalIds.TasksOK root cut (Full.Counted.dead bs env future ++ ts) =
    Full.Demand.LocalIds.TasksOK root cut ts
'Full.Demand.LocalIds.transition._simp_1_37' depends on axioms: [propext, Quot.sound]
Full.Demand.LocalIds.transition._simp_1_56 {root cut : Nat} {ts : List Full.Counted.Task}
  (rs : List Full.Counted.Reservation) :
  Full.Demand.LocalIds.TasksOK root cut (List.map (fun r => Full.Counted.Task.freeReserved r.addr) rs ++ ts) =
    Full.Demand.LocalIds.TasksOK root cut ts
'Full.Demand.LocalIds.transition._simp_1_56' depends on axioms: [propext, Quot.sound]
Full.Demand.LocalIds.variable_last {p : Full.Program} {initial : Trial.Start} {s : Full.Counted.State} {root cut : Nat}
  {rest : List Full.Counted.Task} {name : String} {ctx : Full.Counted.Context} {spelling : String}
  {b : Full.Counted.Binding} {id : Nat} (hr : Full.Statements.Reachable p initial s)
  (active : root ∈ List.map Full.Counted.Frame.id s.frames) (hs : Full.Demand.LocalIds.TasksOK root cut s.tasks)
  (hb : Full.Demand.Affinity.Bound cut s) (htask : s.tasks = Full.Counted.Task.eval (Full.Expr.var name) ctx :: rest)
  (he : List.find? (fun q => q.fst == name) ctx.env = some (spelling, id))
  (hl : List.find? (fun b => b.record.id == id) s.bindings = some b) (hk : b.record.value.kind = Trial.Kind.list) :
  rest.any (Full.Counted.taskUses id) = false
'Full.Demand.LocalIds.variable_last' depends on axioms: [propext, Classical.choice, Quot.sound]
Full.Demand.LocalIds.variable_memory {p : Full.Program} {initial : Trial.Start} {s : Full.Counted.State}
  {root cut : Nat} {rest : List Full.Counted.Task} {name : String} {ctx : Full.Counted.Context}
  {c : Full.Counted.Change} (hr : Full.Statements.Reachable p initial s)
  (active : root ∈ List.map Full.Counted.Frame.id s.frames) (hs : Full.Demand.LocalIds.TasksOK root cut s.tasks)
  (hb : Full.Demand.Affinity.Bound cut s) (htask : s.tasks = Full.Counted.Task.eval (Full.Expr.var name) ctx :: rest)
  (ht : Full.Counted.transition p s = Except.ok c) : c.state.mem = s.mem
'Full.Demand.LocalIds.variable_memory' depends on axioms: [propext, Classical.choice, Quot.sound]
Full.Demand.Lower.brecOn {motive : (a a_1 : List Nat) → Full.Demand.Lower a a_1 → Prop} {a✝ a✝¹ : List Nat}
  (t : Full.Demand.Lower a✝ a✝¹)
  (F_1 : ∀ (a a_1 : List Nat) (t : Full.Demand.Lower a a_1), Full.Demand.Lower.below t → motive a a_1 t) :
  motive a✝ a✝¹ t
'Full.Demand.Lower.brecOn' does not depend on any axioms
Full.Demand.Lower.length {a b : List Nat} (h : Full.Demand.Lower a b) : a.length = b.length
'Full.Demand.Lower.length' depends on axioms: [propext]
Full.Demand.Lower.refl (xs : List Nat) : Full.Demand.Lower xs xs
'Full.Demand.Lower.refl' does not depend on any axioms
Full.Demand.Lower.tail {a b : List Nat} (h : Full.Demand.Lower a b) : Full.Demand.Lower a.tail b.tail
'Full.Demand.Lower.tail' does not depend on any axioms
Full.Demand.Lower.trans {a b c : List Nat} (ha : Full.Demand.Lower a b) (hb : Full.Demand.Lower b c) :
  Full.Demand.Lower a c
'Full.Demand.Lower.trans' does not depend on any axioms
Full.Demand.Region.Heap.bounded {region : List Nat} {mem : Trial.Memory} (self : Full.Demand.Region.Heap region mem)
  (c : Trial.Cell) : c ∈ mem.cells → c.addr ∈ region → c.count ≤ 1
'Full.Demand.Region.Heap.bounded' does not depend on any axioms
Full.Demand.Region.Heap.closed {region : List Nat} {mem : Trial.Memory} (self : Full.Demand.Region.Heap region mem)
  (c : Trial.Cell) :
  c ∈ mem.cells → c.addr ∈ region → c.status = Trial.Status.live → ∀ (a : Trial.Addr), c.link = some a → a ∈ region
'Full.Demand.Region.Heap.closed' does not depend on any axioms
Full.Demand.Region.Heap.release {region : List Nat} {mem : Trial.Memory} {a : Trial.Addr} {mem' : Trial.Memory}
  (h : Full.Demand.Region.Heap region mem) (ht : mem.release a = Except.ok mem') : Full.Demand.Region.Heap region mem'
'Full.Demand.Region.Heap.release' depends on axioms: [propext]
Full.Demand.Region.Heap.set_aside {region : List Nat} {mem : Trial.Memory} {a : Trial.Addr} {mem' : Trial.Memory}
  (h : Full.Demand.Region.Heap region mem) (ht : mem.markSetAside a = Except.ok mem') :
  Full.Demand.Region.Heap region mem'
'Full.Demand.Region.Heap.set_aside' depends on axioms: [propext, Classical.choice, Quot.sound]
Full.Demand.Region.Heap.set_count {region : List Nat} {mem : Trial.Memory} {n : Nat} {a : Trial.Addr}
  {mem' : Trial.Memory} (h : Full.Demand.Region.Heap region mem) (hn : n ≤ 1) (ht : mem.setCount a n = Except.ok mem') :
  Full.Demand.Region.Heap region mem'
'Full.Demand.Region.Heap.set_count' depends on axioms: [propext, Classical.choice, Quot.sound]
Full.Demand.Region.Heap.update {region : List Nat} {mem : Trial.Memory} (h : Full.Demand.Region.Heap region mem)
  (addr : Nat) (f : Trial.Cell → Trial.Cell) (ha : ∀ (c : Trial.Cell), (f c).addr = c.addr)
  (hf :
    ∀ (c : Trial.Cell),
      c ∈ mem.cells →
        c.addr = addr →
          c.addr ∈ region →
            (f c).count ≤ 1 ∧
              ((f c).status = Trial.Status.live → ∀ (a : Trial.Addr), (f c).link = some a → a ∈ region)) :
  Full.Demand.Region.Heap region (mem.updateCell addr f)
'Full.Demand.Region.Heap.update' depends on axioms: [propext, Classical.choice, Quot.sound]
Full.Demand.Region.Heap.write {region : List Nat} {mem : Trial.Memory} {link : Option Nat} {a : Trial.Addr} {item : Int}
  {mem' : Trial.Memory} (h : Full.Demand.Region.Heap region mem) (hin : ∀ (a : Nat), link = some a → a ∈ region)
  (ht : mem.writeInPlace a item link = Except.ok mem') : Full.Demand.Region.Heap region mem'
'Full.Demand.Region.Heap.write' depends on axioms: [propext, Classical.choice, Quot.sound]
Full.Demand.Region.RawIn.eq_1 (region : List Nat) (v : Full.Raw) :
  Full.Demand.Region.RawIn region v = ∀ (a : Nat), Full.Inspect.link v = some a → a ∈ region
'Full.Demand.Region.RawIn.eq_1' depends on axioms: [propext]
Full.Demand.Region.entry_heap {p : Full.Program} {initial : Trial.Start} {s : Full.Counted.State}
  {f : Full.Counted.Frame} (hr : Full.Statements.Reachable p initial s)
  (hl : Option.map Full.Counted.Action.name s.history.getLast? = some "Enter") (hf : s.frames.head? = some f)
  (hu : Full.Statements.uniqueEntry s f = true) : Full.Demand.Region.Heap (Full.Demand.Region.addresses s f) s.mem
'Full.Demand.Region.entry_heap' depends on axioms: [propext, Classical.choice, Quot.sound]
Full.Demand.Region.entry_heap._proof_1_1 (c : Trial.Cell) (hcount : c.count = 1) : ¬c.count ≤ 1 → False
'Full.Demand.Region.entry_heap._proof_1_1' depends on axioms: [propext, Quot.sound]
Full.Demand.Region.entry_paths {p : Full.Program} {initial : Trial.Start} {s : Full.Counted.State}
  {f : Full.Counted.Frame} (hr : Full.Statements.Reachable p initial s)
  (hl : Option.map Full.Counted.Action.name s.history.getLast? = some "Enter") (hf : s.frames.head? = some f)
  (v : Full.Counted.Slot) : v ∈ f.args → ∃ cs, Trial.Proofs.ListPath s.mem (Full.Inspect.link v.raw) cs
'Full.Demand.Region.entry_paths' depends on axioms: [propext, Classical.choice, Quot.sound]
Full.Demand.Region.entry_roots {p : Full.Program} {initial : Trial.Start} {s : Full.Counted.State}
  {f : Full.Counted.Frame} {v : Full.Counted.Slot} (hr : Full.Statements.Reachable p initial s)
  (hl : Option.map Full.Counted.Action.name s.history.getLast? = some "Enter") (hf : s.frames.head? = some f)
  (hv : v ∈ f.args) : Full.Demand.Region.RawIn (Full.Demand.Region.addresses s f) v.raw
'Full.Demand.Region.entry_roots' depends on axioms: [propext, Classical.choice, Quot.sound]
Full.Demand.Region.path_link {mem : Trial.Memory} {r : Option Trial.Addr} {cs : List Trial.Cell} {c : Trial.Cell}
  {a : Trial.Addr} (h : Trial.Proofs.ListPath mem r cs) (hc : c ∈ cs) (hl : c.link = some a) :
  a ∈ List.map Trial.Cell.addr cs
'Full.Demand.Region.path_link' depends on axioms: [propext, Quot.sound]
Full.Demand.Region.path_root {mem : Trial.Memory} {a : Trial.Addr} {cs : List Trial.Cell}
  (h : Trial.Proofs.ListPath mem (some a) cs) : a ∈ List.map Trial.Cell.addr cs
'Full.Demand.Region.path_root' depends on axioms: [propext, Quot.sound]
Full.Demand.Region.scrutinee_unique {p : Full.Program} {initial : Trial.Start} {s : Full.Counted.State}
  {region : List Nat} {v : Full.Counted.Slot} {a : Trial.Addr} (hr : Full.Statements.Reachable p initial s)
  (heap : Full.Demand.Region.Heap region s.mem) (hv : v ∈ s.slots) (hin : Full.Demand.Region.RawIn region v.raw)
  (he : v.raw = Trial.RawValue.list (some a)) : ∃ c, s.mem.find? a = some c ∧ c.status = Trial.Status.live ∧ c.count = 1
'Full.Demand.Region.scrutinee_unique' depends on axioms: [propext, Classical.choice, Quot.sound]
Full.Demand.Region.scrutinee_unique._proof_1_1 (c : Trial.Cell) (hpos : 0 < c.count) (hcount : c.count ≤ 1) :
  ¬c.count = 1 → False
'Full.Demand.Region.scrutinee_unique._proof_1_1' depends on axioms: [propext, Quot.sound]
Full.Demand.Region.unique_cells {s : Full.Counted.State} {f : Full.Counted.Frame} {a : Nat}
  (hu : Full.Statements.uniqueEntry s f = true) (ha : a ∈ Full.Demand.Region.addresses s f) :
  ∃ c, c ∈ s.mem.cells ∧ c.addr = a ∧ c.status = Trial.Status.live ∧ c.count = 1
'Full.Demand.Region.unique_cells' depends on axioms: [propext, Quot.sound]
Full.Demand.Region.unique_cells._simp_1_2.{u_1} {α : Type u_1} [BEq α] [LawfulBEq α] {a b : α} :
  ((a == b) = true) = (a = b)
'Full.Demand.Region.unique_cells._simp_1_2' depends on axioms: [propext]
Full.Demand.RegionExecution.Resources.bindings {root cut : Nat} {region : List Nat} {saved : List Full.Counted.Task}
  {frames : List Nat} {slots : List Full.Counted.Slot} {s : Full.Counted.State}
  (self : Full.Demand.RegionExecution.Resources root cut region saved frames slots s) (b : Full.Counted.Binding) :
  b ∈ s.bindings → cut ≤ b.record.id → Full.Demand.Region.RawIn region b.record.value
'Full.Demand.RegionExecution.Resources.bindings' depends on axioms: [propext]
Full.Demand.RegionExecution.Resources.cleanup {root cut : Nat} {region : List Nat} {saved : List Full.Counted.Task}
  {frames : List Nat} {slots : List Full.Counted.Slot} {s : Full.Counted.State}
  (self : Full.Demand.RegionExecution.Resources root cut region saved frames slots s) :
  Full.Demand.RegionWork.Clean saved cut region s.tasks
'Full.Demand.RegionExecution.Resources.cleanup' depends on axioms: [propext]
Full.Demand.RegionExecution.Resources.commit {root cut : Nat} {region : List Nat} {saved : List Full.Counted.Task}
  {frames : List Nat} {slots : List Full.Counted.Slot} {c : Full.Counted.Change}
  (h : Full.Demand.RegionExecution.Resources root cut region saved frames slots c.state) :
  Full.Demand.RegionExecution.Resources root cut region saved frames slots (Full.Counted.commit c)
'Full.Demand.RegionExecution.Resources.commit' depends on axioms: [propext]
Full.Demand.RegionExecution.Resources.heap {root cut : Nat} {region : List Nat} {saved : List Full.Counted.Task}
  {frames : List Nat} {slots : List Full.Counted.Slot} {s : Full.Counted.State}
  (self : Full.Demand.RegionExecution.Resources root cut region saved frames slots s) :
  Full.Demand.Region.Heap region s.mem
'Full.Demand.RegionExecution.Resources.heap' depends on axioms: [propext]
Full.Demand.RegionExecution.Resources.reservations {root cut : Nat} {region : List Nat} {saved : List Full.Counted.Task}
  {frames : List Nat} {slots : List Full.Counted.Slot} {s : Full.Counted.State}
  (self : Full.Demand.RegionExecution.Resources root cut region saved frames slots s) (r : Full.Counted.Reservation) :
  r ∈ s.reservations → root ≤ r.invocation → r.addr ∈ region
'Full.Demand.RegionExecution.Resources.reservations' depends on axioms: [propext]
Full.Demand.RegionExecution.Resources.stack {root cut : Nat} {region : List Nat} {saved : List Full.Counted.Task}
  {frames : List Nat} {slots : List Full.Counted.Slot} {s : Full.Counted.State}
  (self : Full.Demand.RegionExecution.Resources root cut region saved frames slots s) :
  ∃ n,
    Full.Demand.Framing.Shape saved frames s.tasks n (List.map Full.Counted.Frame.id s.frames) ∧
      s.slots.length = n + slots.length ∧
        List.drop n s.slots = slots ∧
          ∀ (v : Full.Counted.Slot), v ∈ List.take n s.slots → Full.Demand.Region.RawIn region v.raw
'Full.Demand.RegionExecution.Resources.stack' depends on axioms: [propext]
Full.Demand.RegionExecution.administrative_step {p : Full.Program} {initial : Trial.Start} {s : Full.Counted.State}
  {root cut : Nat} {region : List Nat} {saved : List Full.Counted.Task} {frames : List Nat}
  {slots : List Full.Counted.Slot} {task : Full.Counted.Task} {rest : List Full.Counted.Task} {c : Full.Counted.Change}
  (hr : Full.Statements.Reachable p initial s) (active : root ∈ List.map Full.Counted.Frame.id s.frames)
  (hs : Full.Demand.RegionExecution.Resources root cut region saved frames slots s) (hne : s.tasks ≠ saved)
  (htask : s.tasks = task :: rest)
  (hkind :
    match task, htask with
    | Full.Counted.Task.start, htask => True
    | Full.Counted.Task.capture, htask => True
    | Full.Counted.Task.matchComplete ctx, htask => True
    | Full.Counted.Task.branchStart ctx, htask => True
    | Full.Counted.Task.branchResult bid inner outer, htask => True
    | Full.Counted.Task.handoffMatch outer, htask => True
    | Full.Counted.Task.handoff, htask => True
    | Full.Counted.Task.returning frame ctx, htask => True
    | Full.Counted.Task.freeReserved addr, htask => True
    | Full.Counted.Task.finish, htask => True
    | x, htask => False)
  (ht : Full.Counted.transition p s = Except.ok c) :
  Full.Demand.RegionExecution.Resources root cut region saved frames slots c.state
'Full.Demand.RegionExecution.administrative_step' depends on axioms: [propext, Quot.sound]
Full.Demand.RegionExecution.administrative_step._proof_1_6 {s : Full.Counted.State} {slots : List Full.Counted.Slot}
  (n : Nat) (hlen : s.slots.length = n + slots.length) (n' : Nat) (hlen' : s.slots.length = n' + slots.length) :
  ¬n' = n → False
'Full.Demand.RegionExecution.administrative_step._proof_1_6' depends on axioms: [propext, Quot.sound]
Full.Demand.RegionExecution.administrative_step._simp_1_1.{u_1} {α : Type u_1} [BEq α] [LawfulBEq α] {a b : α} :
  ((a == b) = true) = (a = b)
'Full.Demand.RegionExecution.administrative_step._simp_1_1' depends on axioms: [propext]
Full.Demand.RegionExecution.at_enter {p : Full.Program} {initial : Trial.Start} {s : Full.Counted.State}
  {c : Full.Counted.Change} {rest : List Full.Counted.Task} {name : String} {arity : Nat} {ctx : Full.Counted.Context}
  {f : Full.Counted.Frame} {region : List Nat} (hr : Full.Statements.Reachable p initial s)
  (ht : Full.Counted.transition p s = Except.ok c) (htask : s.tasks = Full.Counted.Task.enter name arity ctx :: rest)
  (hf : c.state.frames.head? = some f) (heap : Full.Demand.Region.Heap region c.state.mem)
  (hargs : ∀ (v : Full.Counted.Slot), v ∈ f.args → Full.Demand.Region.RawIn region v.raw) :
  Full.Demand.RegionExecution.Resources f.id s.nextBinding region (Full.Counted.Task.returning f ctx :: rest)
    (List.map Full.Counted.Frame.id c.state.frames) c.state.slots c.state
'Full.Demand.RegionExecution.at_enter' depends on axioms: [propext, Classical.choice, Quot.sound]
Full.Demand.RegionExecution.at_enter._proof_1_3 {s : Full.Counted.State} (b : Full.Counted.Binding)
  (hn : s.nextBinding ≤ b.record.id) (this : b.record.id < s.nextBinding) : False
'Full.Demand.RegionExecution.at_enter._proof_1_3' depends on axioms: [propext, Quot.sound]
Full.Demand.RegionExecution.at_enter._proof_1_4 {s : Full.Counted.State} (r : Full.Counted.Reservation)
  (hn : s.nextInvocation ≤ r.invocation) (this : r.invocation < s.nextInvocation) : False
'Full.Demand.RegionExecution.at_enter._proof_1_4' depends on axioms: [propext, Quot.sound]
Full.Demand.RegionExecution.at_entry {p : Full.Program} {initial : Trial.Start} {s : Full.Counted.State}
  {f : Full.Counted.Frame} (hr : Full.Statements.Reachable p initial s)
  (hl : Option.map Full.Counted.Action.name s.history.getLast? = some "Enter") (hf : s.frames.head? = some f)
  (hu : Full.Statements.uniqueEntry s f = true) :
  ∃ cut ctx rest,
    Full.Demand.RegionExecution.Resources f.id cut (Full.Demand.Region.addresses s f)
      (Full.Counted.Task.returning f ctx :: rest) (List.map Full.Counted.Frame.id s.frames) s.slots s
'Full.Demand.RegionExecution.at_entry' depends on axioms: [propext, Classical.choice, Quot.sound]
Full.Demand.RegionExecution.bind_step {root cut : Nat} {region : List Nat} {saved : List Full.Counted.Task}
  {frames : List Nat} {slots : List Full.Counted.Slot} {s : Full.Counted.State} {rest : List Full.Counted.Task}
  {name : String} {body : Full.Expr} {ctx : Full.Counted.Context} {p : Full.Program} {c : Full.Counted.Change}
  (hs : Full.Demand.RegionExecution.Resources root cut region saved frames slots s) (hnext : cut ≤ s.nextBinding)
  (hne : s.tasks ≠ saved) (htask : s.tasks = Full.Counted.Task.bind name body ctx :: rest)
  (ht : Full.Counted.transition p s = Except.ok c) :
  Full.Demand.RegionExecution.Resources root cut region saved frames slots c.state
'Full.Demand.RegionExecution.bind_step' depends on axioms: [propext, Quot.sound]
Full.Demand.RegionExecution.bind_step._proof_1_2 {cut : Nat} {slots : List Full.Counted.Slot} {s : Full.Counted.State}
  {name : String} {body : Full.Expr} {ctx : Full.Counted.Context} (n n' : Nat) (vs : List Full.Counted.Slot)
  (hlen' : vs.length = n' + slots.length) (hlen : vs.length + 1 = n + 1 + slots.length) : ¬n' = n → False
'Full.Demand.RegionExecution.bind_step._proof_1_2' depends on axioms: [propext, Quot.sound]
Full.Demand.RegionExecution.binding_status {cut : Nat} {region : List Nat} {bs : List Full.Counted.Binding}
  (hb : ∀ (b : Full.Counted.Binding), b ∈ bs → cut ≤ b.record.id → Full.Demand.Region.RawIn region b.record.value)
  (bid : Nat) (status : Trial.BStatus) (b : Full.Counted.Binding) :
  b ∈
      List.map
        (fun b =>
          if (b.record.id == bid) = true then
            {
              record :=
                have __src := b.record;
                { id := __src.id, name := __src.name, value := __src.value, status := status },
              value := b.value, invocation := b.invocation, origin := b.origin }
          else b)
        bs →
    cut ≤ b.record.id → Full.Demand.Region.RawIn region b.record.value
'Full.Demand.RegionExecution.binding_status' depends on axioms: [propext, Classical.choice, Quot.sound]
Full.Demand.RegionExecution.choice_step {p : Full.Program} {initial : Trial.Start} {s : Full.Counted.State}
  {root cut : Nat} {region : List Nat} {saved : List Full.Counted.Task} {frames : List Nat}
  {slots : List Full.Counted.Slot} {task : Full.Counted.Task} {rest : List Full.Counted.Task} {c : Full.Counted.Change}
  (hr : Full.Statements.Reachable p initial s) (active : root ∈ List.map Full.Counted.Frame.id s.frames)
  (hlocal : Full.Demand.LocalIds.TasksOK root cut s.tasks)
  (hs : Full.Demand.RegionExecution.Resources root cut region saved frames slots s) (hne : s.tasks ≠ saved)
  (htask : s.tasks = task :: rest)
  (hchoice :
    match task, htask with
    | Full.Counted.Task.chooseIf yes no ctx, htask => True
    | Full.Counted.Task.chooseMatch empty head tail cell ctx, htask => True
    | x, htask => False)
  (ht : Full.Counted.transition p s = Except.ok c) :
  Full.Demand.RegionExecution.Resources root cut region saved frames slots c.state
'Full.Demand.RegionExecution.choice_step' depends on axioms: [propext, Quot.sound]
Full.Demand.RegionExecution.choice_step._proof_1_2 {s : Full.Counted.State} {slots : List Full.Counted.Slot}
  (n' : Nat) :
  ∀ (yes no : Full.Expr) (ctx : Full.Counted.Context) (n : Nat) (vs : List Full.Counted.Slot)
    (hlen' : vs.length = n' + slots.length) (hlen : vs.length + 1 = n + 1 + slots.length), ¬n' = n → False
'Full.Demand.RegionExecution.choice_step._proof_1_2' depends on axioms: [propext, Quot.sound]
Full.Demand.RegionExecution.choice_step._proof_1_5 {s : Full.Counted.State} {slots : List Full.Counted.Slot}
  (n' : Nat) :
  ∀ (empty : Full.Expr) (head tail : String) (cell : Full.Expr) (ctx : Full.Counted.Context) (n : Nat)
    (vs : List Full.Counted.Slot) (hlen' : vs.length = n' + slots.length) (hlen : vs.length + 1 = n + 1 + slots.length),
    ¬n' = n → False
'Full.Demand.RegionExecution.choice_step._proof_1_5' depends on axioms: [propext, Quot.sound]
Full.Demand.RegionExecution.choice_step._proof_1_6 {s : Full.Counted.State} {slots : List Full.Counted.Slot}
  (n' : Nat) :
  ∀ (empty : Full.Expr) (head tail : String) (cell : Full.Expr) (ctx : Full.Counted.Context) (n : Nat)
    (vs : List Full.Counted.Slot) (hlen' : vs.length + 1 = n' + slots.length)
    (hlen : vs.length + 1 = n + 1 + slots.length), ¬n' = n + 1 → False
'Full.Demand.RegionExecution.choice_step._proof_1_6' depends on axioms: [propext, Quot.sound]
Full.Demand.RegionExecution.decompose_step {p : Full.Program} {initial : Trial.Start} {s : Full.Counted.State}
  {root cut : Nat} {region : List Nat} {saved : List Full.Counted.Task} {frames : List Nat}
  {slots : List Full.Counted.Slot} {rest : List Full.Counted.Task} {head tail : String} {body : Full.Expr} {bid : Nat}
  {ctx : Full.Counted.Context} {c : Full.Counted.Change} (hr : Full.Statements.Reachable p initial s)
  (hs : Full.Demand.RegionExecution.Resources root cut region saved frames slots s) (hnext : cut ≤ s.nextBinding)
  (hne : s.tasks ≠ saved) (htask : s.tasks = Full.Counted.Task.decompose head tail body bid ctx :: rest)
  (ht : Full.Counted.transition p s = Except.ok c) :
  Full.Demand.RegionExecution.Resources root cut region saved frames slots c.state
'Full.Demand.RegionExecution.decompose_step' depends on axioms: [propext, Classical.choice, Quot.sound]
Full.Demand.RegionExecution.decompose_step._proof_1_5 {s : Full.Counted.State} {cut : Nat}
  {slots : List Full.Counted.Slot} {head tail : String} {body : Full.Expr} {bid : Nat} {ctx : Full.Counted.Context}
  (n n' : Nat) (vs : List Full.Counted.Slot) (cell : Trial.Cell) (hlen' : vs.length = n' + slots.length)
  (hlen : vs.length + 1 = n + 1 + slots.length) : ¬n' = n → False
'Full.Demand.RegionExecution.decompose_step._proof_1_5' depends on axioms: [propext, Quot.sound]
Full.Demand.RegionExecution.decompose_step._proof_1_9 {s : Full.Counted.State} {cut : Nat}
  {slots : List Full.Counted.Slot} {rest : List Full.Counted.Task} {head tail : String} {body : Full.Expr} {bid : Nat}
  {ctx : Full.Counted.Context} (hnext : cut ≤ s.nextBinding) (n : Nat) (vs : List Full.Counted.Slot) (addr : Trial.Addr)
  (cell : Trial.Cell) : ∀ (ph : Int) (pt : List Int) (v : Trial.Memory), ¬cut ≤ s.nextBinding + 1 → False
'Full.Demand.RegionExecution.decompose_step._proof_1_9' depends on axioms: [propext, Quot.sound]
Full.Demand.RegionExecution.decompose_step._simp_1_6.{u_1} {α✝ : Type u_1} {b : α✝} {l : List α✝} {a : α✝} :
  (a ∈ b :: l) = (a = b ∨ a ∈ l)
'Full.Demand.RegionExecution.decompose_step._simp_1_6' depends on axioms: [propext]
Full.Demand.RegionExecution.decompose_step._simp_1_7.{u_1} {α : Type u_1} {a : α} : (a ∈ []) = False
'Full.Demand.RegionExecution.decompose_step._simp_1_7' depends on axioms: [propext]
Full.Demand.RegionExecution.enter_step {root cut : Nat} {region : List Nat} {saved : List Full.Counted.Task}
  {frames : List Nat} {slots : List Full.Counted.Slot} {s : Full.Counted.State} {rest : List Full.Counted.Task}
  {name : String} {arity : Nat} {ctx : Full.Counted.Context} {p : Full.Program} {c : Full.Counted.Change}
  (hs : Full.Demand.RegionExecution.Resources root cut region saved frames slots s) (hnext : cut ≤ s.nextBinding)
  (hne : s.tasks ≠ saved) (htask : s.tasks = Full.Counted.Task.enter name arity ctx :: rest)
  (ht : Full.Counted.transition p s = Except.ok c) :
  Full.Demand.RegionExecution.Resources root cut region saved frames slots c.state
'Full.Demand.RegionExecution.enter_step' depends on axioms: [propext, Quot.sound]
Full.Demand.RegionExecution.enter_step._proof_1_3 {cut : Nat} {slots : List Full.Counted.Slot} {s : Full.Counted.State}
  {arity : Nat} (n : Nat) (hlen : s.slots.length = n + slots.length) (hneed : arity ≤ n) (n' : Nat)
  (hlen' : s.slots.length - arity = n' + slots.length) : ¬arity + n' = n → False
'Full.Demand.RegionExecution.enter_step._proof_1_3' depends on axioms: [propext, Quot.sound]
Full.Demand.RegionExecution.eval {p : Full.Program} {initial : Trial.Start} {s : Full.Counted.State} {root cut : Nat}
  {region : List Nat} {saved : List Full.Counted.Task} {frames : List Nat} {slots : List Full.Counted.Slot}
  {rest : List Full.Counted.Task} {e : Full.Expr} {ctx : Full.Counted.Context} {c : Full.Counted.Change}
  (hr : Full.Statements.Reachable p initial s) (active : root ∈ List.map Full.Counted.Frame.id s.frames)
  (hlocal : Full.Demand.LocalIds.TasksOK root cut s.tasks) (bound : Full.Demand.Affinity.Bound cut s)
  (hs : Full.Demand.RegionExecution.Resources root cut region saved frames slots s) (hne : s.tasks ≠ saved)
  (htask : s.tasks = Full.Counted.Task.eval e ctx :: rest) (ht : Full.Counted.transition p s = Except.ok c) :
  Full.Demand.RegionExecution.Resources root cut region saved frames slots c.state
'Full.Demand.RegionExecution.eval' depends on axioms: [propext, Classical.choice, Quot.sound]
Full.Demand.RegionExecution.eval._proof_1_1 {s : Full.Counted.State} {slots : List Full.Counted.Slot} (n : Nat)
  (hlen : s.slots.length = n + slots.length) (n' : Nat) (hlen' : s.slots.length + 1 = n' + slots.length) :
  ¬n' = n + 1 → False
'Full.Demand.RegionExecution.eval._proof_1_1' depends on axioms: [propext, Quot.sound]
Full.Demand.RegionExecution.eval._proof_1_4 {s : Full.Counted.State} {slots : List Full.Counted.Slot} (n : Nat)
  (hlen : s.slots.length = n + slots.length) (n' : Nat) (hlen' : s.slots.length = n' + slots.length) : ¬n' = n → False
'Full.Demand.RegionExecution.eval._proof_1_4' depends on axioms: [propext, Quot.sound]
Full.Demand.RegionExecution.eval._simp_1_2.{u_1} {α✝ : Type u_1} {b : α✝} {l : List α✝} {a : α✝} :
  (a ∈ b :: l) = (a = b ∨ a ∈ l)
'Full.Demand.RegionExecution.eval._simp_1_2' depends on axioms: [propext]
Full.Demand.RegionExecution.free_step {root cut : Nat} {region : List Nat} {saved : List Full.Counted.Task}
  {frames : List Nat} {slots : List Full.Counted.Slot} {s : Full.Counted.State} {rest : List Full.Counted.Task}
  {addr : Nat} {p : Full.Program} {c : Full.Counted.Change}
  (hs : Full.Demand.RegionExecution.Resources root cut region saved frames slots s) (hne : s.tasks ≠ saved)
  (htask : s.tasks = Full.Counted.Task.free addr :: rest) (ht : Full.Counted.transition p s = Except.ok c) :
  Full.Demand.RegionExecution.Resources root cut region saved frames slots c.state
'Full.Demand.RegionExecution.free_step' depends on axioms: [propext, Quot.sound]
Full.Demand.RegionExecution.free_step._proof_1_3 {slots : List Full.Counted.Slot} {s : Full.Counted.State} (n : Nat)
  (hlen : s.slots.length = n + slots.length) (n' : Nat) (hlen' : s.slots.length + 1 = n' + slots.length) :
  ¬n' = n + 1 → False
'Full.Demand.RegionExecution.free_step._proof_1_3' depends on axioms: [propext, Quot.sound]
Full.Demand.RegionExecution.free_step._proof_1_4 {slots : List Full.Counted.Slot} {s : Full.Counted.State} (n : Nat)
  (hlen : s.slots.length = n + slots.length) (n' : Nat) (hlen' : s.slots.length = n' + slots.length) : ¬n' = n → False
'Full.Demand.RegionExecution.free_step._proof_1_4' depends on axioms: [propext, Quot.sound]
Full.Demand.RegionExecution.give_binding_step {root cut : Nat} {region : List Nat} {saved : List Full.Counted.Task}
  {frames : List Nat} {slots : List Full.Counted.Slot} {s : Full.Counted.State} {rest : List Full.Counted.Task}
  {p : Full.Program} {c : Full.Counted.Change} {id : Nat}
  (hs : Full.Demand.RegionExecution.Resources root cut region saved frames slots s) (hne : s.tasks ≠ saved)
  (htask : s.tasks = Full.Counted.Task.giveBinding id :: rest) (ht : Full.Counted.transition p s = Except.ok c) :
  Full.Demand.RegionExecution.Resources root cut region saved frames slots c.state
'Full.Demand.RegionExecution.give_binding_step' depends on axioms: [propext, Classical.choice, Quot.sound]
Full.Demand.RegionExecution.give_binding_step._proof_1_4 {slots : List Full.Counted.Slot} {s : Full.Counted.State}
  {id : Nat} (n : Nat) (hlen : s.slots.length = n + slots.length) (n' : Nat) (b : Full.Counted.Binding)
  (hlen' : s.slots.length = n' + slots.length) : ¬n' = n → False
'Full.Demand.RegionExecution.give_binding_step._proof_1_4' depends on axioms: [propext, Quot.sound]
Full.Demand.RegionExecution.give_binding_step._proof_1_6 {slots : List Full.Counted.Slot} {s : Full.Counted.State}
  {rest : List Full.Counted.Task} {id : Nat} (n : Nat) (b : Full.Counted.Binding) :
  ∀ (val : Trial.Addr) (c : Trial.Cell) (v : Trial.Memory) (hcount : c.count ≤ 1), ¬c.count - 1 ≤ 1 → False
'Full.Demand.RegionExecution.give_binding_step._proof_1_6' depends on axioms: [propext, Quot.sound]
Full.Demand.RegionExecution.give_binding_step._proof_1_7 {slots : List Full.Counted.Slot} {s : Full.Counted.State}
  {rest : List Full.Counted.Task} {id : Nat} (n : Nat) (b : Full.Counted.Binding) (c✝ : Trial.Cell) :
  ∀ (v : Trial.Memory) (hcount : c✝.count ≤ 1), ¬c✝.count - 1 ≤ 1 → False
'Full.Demand.RegionExecution.give_binding_step._proof_1_7' depends on axioms: [propext, Quot.sound]
Full.Demand.RegionExecution.give_binding_step._simp_1_5.{u_1} {α : Type u_1} [BEq α] [LawfulBEq α] {a b : α} :
  ((a == b) = true) = (a = b)
'Full.Demand.RegionExecution.give_binding_step._simp_1_5' depends on axioms: [propext]
Full.Demand.RegionExecution.give_pending_step {root cut : Nat} {region : List Nat} {saved : List Full.Counted.Task}
  {frames : List Nat} {slots : List Full.Counted.Slot} {s : Full.Counted.State} {rest : List Full.Counted.Task}
  {p : Full.Program} {c : Full.Counted.Change}
  (hs : Full.Demand.RegionExecution.Resources root cut region saved frames slots s) (hne : s.tasks ≠ saved)
  (htask : s.tasks = Full.Counted.Task.givePending :: rest) (ht : Full.Counted.transition p s = Except.ok c) :
  Full.Demand.RegionExecution.Resources root cut region saved frames slots c.state
'Full.Demand.RegionExecution.give_pending_step' depends on axioms: [propext, Classical.choice, Quot.sound]
Full.Demand.RegionExecution.give_pending_step._proof_1_4 {slots : List Full.Counted.Slot} (n n' : Nat)
  (vs : List Full.Counted.Slot) (hlen' : vs.length = n' + slots.length) (hlen : vs.length + 1 = n + 1 + slots.length) :
  ¬n' = n → False
'Full.Demand.RegionExecution.give_pending_step._proof_1_4' depends on axioms: [propext, Quot.sound]
Full.Demand.RegionExecution.give_pending_step._proof_1_6 {slots : List Full.Counted.Slot} {s : Full.Counted.State}
  {rest : List Full.Counted.Task} (n : Nat) (vs : List Full.Counted.Slot) :
  ∀ (val : Trial.Addr) (c : Trial.Cell) (v : Trial.Memory) (hcount : c.count ≤ 1), ¬c.count - 1 ≤ 1 → False
'Full.Demand.RegionExecution.give_pending_step._proof_1_6' depends on axioms: [propext, Quot.sound]
Full.Demand.RegionExecution.give_pending_step._proof_1_7 {slots : List Full.Counted.Slot} {s : Full.Counted.State}
  {rest : List Full.Counted.Task} (n : Nat) (vs : List Full.Counted.Slot) (c✝ : Trial.Cell) :
  ∀ (v : Trial.Memory) (hcount : c✝.count ≤ 1), ¬c✝.count - 1 ≤ 1 → False
'Full.Demand.RegionExecution.give_pending_step._proof_1_7' depends on axioms: [propext, Quot.sound]
Full.Demand.RegionExecution.give_pending_step._simp_1_5.{u_1} {α : Type u_1} [BEq α] [LawfulBEq α] {a b : α} :
  ((a == b) = true) = (a = b)
'Full.Demand.RegionExecution.give_pending_step._simp_1_5' depends on axioms: [propext]
Full.Demand.RegionExecution.primitive_step {p : Full.Program} {initial : Trial.Start} {s : Full.Counted.State}
  {root cut : Nat} {region : List Nat} {saved : List Full.Counted.Task} {frames : List Nat}
  {slots : List Full.Counted.Slot} {rest : List Full.Counted.Task} {op : Full.Op} {ctx : Full.Counted.Context}
  {c : Full.Counted.Change} (hr : Full.Statements.Reachable p initial s)
  (active : root ∈ List.map Full.Counted.Frame.id s.frames)
  (hs : Full.Demand.RegionExecution.Resources root cut region saved frames slots s) (hne : s.tasks ≠ saved)
  (htask : s.tasks = Full.Counted.Task.primitive op ctx :: rest)
  (eligible :
    op = Full.Op.cons →
      ∃ r,
        List.find? (fun r => r.invocation == ctx.invocation && ctx.branches.contains r.branch) s.reservations = some r)
  (ht : Full.Counted.transition p s = Except.ok c) :
  Full.Demand.RegionExecution.Resources root cut region saved frames slots c.state
'Full.Demand.RegionExecution.primitive_step' depends on axioms: [propext, Classical.choice, Quot.sound]
Full.Demand.RegionExecution.primitive_step._proof_1_5 {s : Full.Counted.State} {root : Nat}
  {slots : List Full.Counted.Slot} {ctx : Full.Counted.Context} (n' k : Nat) (vs : List Full.Counted.Slot)
  (r : Full.Counted.Reservation) (hlen' : vs.length + 1 = n' + slots.length)
  (hlen : vs.length + 1 + 1 = 2 + k + slots.length) : ¬n' = k + 1 → False
'Full.Demand.RegionExecution.primitive_step._proof_1_5' depends on axioms: [propext, Quot.sound]
Full.Demand.RegionExecution.primitive_step._proof_1_9 {s : Full.Counted.State} {root : Nat}
  {slots : List Full.Counted.Slot} {ctx : Full.Counted.Context} (n' k : Nat) (vs : List Full.Counted.Slot)
  (hlen' : vs.length + 1 = n' + slots.length) (hlen : vs.length + 1 + 1 = 2 + k + slots.length) : ¬n' = k + 1 → False
'Full.Demand.RegionExecution.primitive_step._proof_1_9' depends on axioms: [propext, Quot.sound]
Full.Demand.RegionExecution.primitive_step._simp_1_1.{u_1} {α : Type u_1} [BEq α] [LawfulBEq α] {a b : α} :
  ((a == b) = true) = (a = b)
'Full.Demand.RegionExecution.primitive_step._simp_1_1' depends on axioms: [propext]
Full.Demand.RegionExecution.transition {p : Full.Program} {initial : Trial.Start} {s : Full.Counted.State}
  {root cut : Nat} {region : List Nat} {saved : List Full.Counted.Task} {frames : List Nat}
  {slots : List Full.Counted.Slot} {c : Full.Counted.Change} (hr : Full.Statements.Reachable p initial s)
  (active : root ∈ List.map Full.Counted.Frame.id s.frames) (hlocal : Full.Demand.LocalIds.TasksOK root cut s.tasks)
  (bound : Full.Demand.Affinity.Bound cut s)
  (hs : Full.Demand.RegionExecution.Resources root cut region saved frames slots s) (hnext : cut ≤ s.nextBinding)
  (hne : s.tasks ≠ saved)
  (eligible :
    ∀ (ctx : Full.Counted.Context) (rest : List Full.Counted.Task),
      s.tasks = Full.Counted.Task.primitive Full.Op.cons ctx :: rest →
        ∃ r,
          List.find? (fun r => r.invocation == ctx.invocation && ctx.branches.contains r.branch) s.reservations =
            some r)
  (ht : Full.Counted.transition p s = Except.ok c) :
  Full.Demand.RegionExecution.Resources root cut region saved frames slots c.state
'Full.Demand.RegionExecution.transition' depends on axioms: [propext, Classical.choice, Quot.sound]
Full.Demand.RegionExecution.variable_step {p : Full.Program} {initial : Trial.Start} {s : Full.Counted.State}
  {root cut : Nat} {region : List Nat} {saved : List Full.Counted.Task} {frames : List Nat}
  {slots : List Full.Counted.Slot} {rest : List Full.Counted.Task} {name : String} {ctx : Full.Counted.Context}
  {c : Full.Counted.Change} (hr : Full.Statements.Reachable p initial s)
  (active : root ∈ List.map Full.Counted.Frame.id s.frames) (hlocal : Full.Demand.LocalIds.TasksOK root cut s.tasks)
  (bound : Full.Demand.Affinity.Bound cut s)
  (hs : Full.Demand.RegionExecution.Resources root cut region saved frames slots s) (hne : s.tasks ≠ saved)
  (htask : s.tasks = Full.Counted.Task.eval (Full.Expr.var name) ctx :: rest)
  (ht : Full.Counted.transition p s = Except.ok c) :
  Full.Demand.RegionExecution.Resources root cut region saved frames slots c.state
'Full.Demand.RegionExecution.variable_step' depends on axioms: [propext, Classical.choice, Quot.sound]
Full.Demand.RegionExecution.variable_step._proof_1_4 {s : Full.Counted.State} {cut : Nat}
  {slots : List Full.Counted.Slot} {ctx : Full.Counted.Context} (n : Nat) (hlen : s.slots.length = n + slots.length)
  (n' id : Nat) (b : Full.Counted.Binding) (hlen' : s.slots.length + 1 = n' + slots.length) : ¬n' = n + 1 → False
'Full.Demand.RegionExecution.variable_step._proof_1_4' depends on axioms: [propext, Quot.sound]
Full.Demand.RegionExecution.variable_step._simp_1_5.{u_1} {α✝ : Type u_1} {b : α✝} {l : List α✝} {a : α✝} :
  (a ∈ b :: l) = (a = b ∨ a ∈ l)
'Full.Demand.RegionExecution.variable_step._simp_1_5' depends on axioms: [propext]
Full.Demand.RegionWork.Clean.brecOn {saved : List Full.Counted.Task} {cut : Nat} {region : List Nat}
  {motive : (a : List Full.Counted.Task) → Full.Demand.RegionWork.Clean saved cut region a → Prop}
  {a✝ : List Full.Counted.Task} (t : Full.Demand.RegionWork.Clean saved cut region a✝)
  (F_1 :
    ∀ (a : List Full.Counted.Task) (t : Full.Demand.RegionWork.Clean saved cut region a),
      Full.Demand.RegionWork.Clean.below t → motive a t) :
  motive a✝ t
'Full.Demand.RegionWork.Clean.brecOn' depends on axioms: [propext]
Full.Demand.RegionWork.Clean.head {saved : List Full.Counted.Task} {cut : Nat} {region : List Nat}
  {task : Full.Counted.Task} {ts : List Full.Counted.Task}
  (h : Full.Demand.RegionWork.Clean saved cut region (task :: ts)) (hne : task :: ts ≠ saved) :
  Full.Demand.RegionWork.TaskOK cut region task ∧ Full.Demand.RegionWork.Clean saved cut region ts
'Full.Demand.RegionWork.Clean.head' depends on axioms: [propext]
Full.Demand.RegionWork.arguments {saved : List Full.Counted.Task} {cut : Nat} {region : List Nat}
  {ts : List Full.Counted.Task} (args : List (Full.Expr × Nat)) (ctx : Full.Counted.Context)
  (hs : Full.Demand.RegionWork.Clean saved cut region ts) :
  Full.Demand.RegionWork.Clean saved cut region
    (List.flatMap
        (fun x =>
          match x with
          | (e, i) => [Full.Counted.Task.eval e (Full.Counted.child ctx i), Full.Counted.Task.capture])
        args ++
      ts)
'Full.Demand.RegionWork.arguments' depends on axioms: [propext]
Full.Demand.RegionWork.before_enter_reservations {p : Full.Program} {initial : Trial.Start} {s : Full.Counted.State}
  {rest : List Full.Counted.Task} {name : String} {arity : Nat} {ctx : Full.Counted.Context}
  {r : Full.Counted.Reservation} (hr : Full.Statements.Reachable p initial s)
  (htask : s.tasks = Full.Counted.Task.enter name arity ctx :: rest) (hm : r ∈ s.reservations) :
  r.invocation < s.nextInvocation
'Full.Demand.RegionWork.before_enter_reservations' depends on axioms: [propext, Classical.choice, Quot.sound]
Full.Demand.RegionWork.before_enter_reservations._proof_1_1 {s : Full.Counted.State} {r : Full.Counted.Reservation}
  (bid : Nat) (inner : Full.Counted.Context) (hi : inner.invocation = r.invocation)
  (hb : inner.invocation < s.nextInvocation) : ¬r.invocation < s.nextInvocation → False
'Full.Demand.RegionWork.before_enter_reservations._proof_1_1' depends on axioms: [propext, Quot.sound]
Full.Demand.RegionWork.dead_prefix {cut : Nat} {saved : List Full.Counted.Task} {region : List Nat}
  {ts : List Full.Counted.Task} (bs : List Full.Counted.Binding) (env : Full.Counted.Env)
  (future : List Full.Counted.Task) (hc : ∀ (pair : String × Nat), pair ∈ env → cut ≤ pair.snd)
  (hs : Full.Demand.RegionWork.Clean saved cut region ts) :
  Full.Demand.RegionWork.Clean saved cut region (Full.Counted.dead bs env future ++ ts)
'Full.Demand.RegionWork.dead_prefix' depends on axioms: [propext, Quot.sound]
Full.Demand.RegionWork.ids_mem {ts : List Full.Counted.Task} {a : Nat} (hm : Full.Counted.Task.freeReserved a ∈ ts) :
  a ∈ Full.Proofs.ReservedReadiness.ids ts
'Full.Demand.RegionWork.ids_mem' depends on axioms: [propext]
Full.Demand.RegionWork.reserved_prefix {region : List Nat} {saved : List Full.Counted.Task} {cut : Nat}
  {ts : List Full.Counted.Task} (rs : List Full.Counted.Reservation)
  (hr : ∀ (r : Full.Counted.Reservation), r ∈ rs → r.addr ∈ region)
  (hs : Full.Demand.RegionWork.Clean saved cut region ts) :
  Full.Demand.RegionWork.Clean saved cut region (List.map (fun r => Full.Counted.Task.freeReserved r.addr) rs ++ ts)
'Full.Demand.RegionWork.reserved_prefix' depends on axioms: [propext]
Full.Demand.Scopes.Work.brecOn
  {motive : (a : List Full.Counted.Task) → (a_1 : List Nat) → Full.Demand.Scopes.Work a a_1 → Prop}
  {a✝ : List Full.Counted.Task} {a✝¹ : List Nat} (t : Full.Demand.Scopes.Work a✝ a✝¹)
  (F_1 :
    ∀ (a : List Full.Counted.Task) (a_1 : List Nat) (t : Full.Demand.Scopes.Work a a_1),
      Full.Demand.Scopes.Work.below t → motive a a_1 t) :
  motive a✝ a✝¹ t
'Full.Demand.Scopes.Work.brecOn' depends on axioms: [propext]
Full.Demand.Scopes.Work.contexts_bound {ts : List Full.Counted.Task} {fs : List Nat} {next : Nat}
  (hs : Full.Demand.Scopes.Work ts fs) (hn : 0 < next) (hb : ∀ (id : Nat), id ∈ fs → id < next)
  (t : Full.Counted.Task) :
  t ∈ ts → ∀ (ctx : Full.Counted.Context), ctx ∈ Full.Demand.Scopes.contexts t → ctx.invocation < next
'Full.Demand.Scopes.Work.contexts_bound' depends on axioms: [propext, Quot.sound]
Full.Demand.Scopes.active_head_ge {p : Full.Program} {initial : Trial.Start} {s : Full.Counted.State} {id : Nat}
  (hr : Full.Statements.Reachable p initial s) (hm : id ∈ List.map Full.Counted.Frame.id s.frames) :
  id ≤ (List.map Full.Counted.Frame.id s.frames).headD 0
'Full.Demand.Scopes.active_head_ge' depends on axioms: [propext, Quot.sound]
Full.Demand.Scopes.advance_work {p : Full.Program} {n : Nat} {s t : Full.Counted.State}
  (hs : Full.Demand.Scopes.Work s.tasks (List.map Full.Counted.Frame.id s.frames))
  (ht : Full.Counted.advance p n s = Except.ok t) :
  Full.Demand.Scopes.Work t.tasks (List.map Full.Counted.Frame.id t.frames)
'Full.Demand.Scopes.advance_work' depends on axioms: [propext, Quot.sound]
Full.Demand.Scopes.after._sparseCasesOn_1.else_eq.{u} {motive : Full.Counted.Task → Sort u} (t : Full.Counted.Task)
  (returning :
    (frame : Full.Counted.Frame) → (ctx : Full.Counted.Context) → motive (Full.Counted.Task.returning frame ctx))
  (else✝ : Nat.hasNotBit 16384 t.ctorIdx → motive t) (h : Nat.hasNotBit 16384 t.ctorIdx) :
  Full.Demand.Scopes.after._sparseCasesOn_1 t returning else✝ = else✝ h
'Full.Demand.Scopes.after._sparseCasesOn_1.else_eq' depends on axioms: [propext]
Full.Demand.Scopes.after.eq_1 (frames : List Nat) (frame : Full.Counted.Frame) (ctx : Full.Counted.Context) :
  Full.Demand.Scopes.after (Full.Counted.Task.returning frame ctx) frames = frames.tail
'Full.Demand.Scopes.after.eq_1' depends on axioms: [propext]
Full.Demand.Scopes.after.eq_2 (t : Full.Counted.Task) (frames : List Nat)
  (x_1 :
    ∀ (frame : Full.Counted.Frame) (ctx : Full.Counted.Context), t = Full.Counted.Task.returning frame ctx → False) :
  Full.Demand.Scopes.after t frames = frames
'Full.Demand.Scopes.after.eq_2' depends on axioms: [propext]
Full.Demand.Scopes.arguments {ts : List Full.Counted.Task} {fs : List Nat} (args : List (Full.Expr × Nat))
  (ctx : Full.Counted.Context) (hc : ctx.invocation = fs.headD 0) (hs : Full.Demand.Scopes.Work ts fs) :
  Full.Demand.Scopes.Work
    (List.flatMap
        (fun x =>
          match x with
          | (a, i) => [Full.Counted.Task.eval a (Full.Counted.child ctx i), Full.Counted.Task.capture])
        args ++
      ts)
    fs
'Full.Demand.Scopes.arguments' depends on axioms: [propext]
Full.Demand.Scopes.begin_work {p : Full.Program} {initial : Trial.Start} {first : Full.Counted.State}
  (hb : Full.Counted.begin p initial = Except.ok first) :
  Full.Demand.Scopes.Work first.tasks (List.map Full.Counted.Frame.id first.frames)
'Full.Demand.Scopes.begin_work' depends on axioms: [propext, Quot.sound]
Full.Demand.Scopes.contexts._sparseCasesOn_1.else_eq.{u} {motive : Full.Counted.Task → Sort u} (t : Full.Counted.Task)
  (eval : (e : Full.Expr) → (ctx : Full.Counted.Context) → motive (Full.Counted.Task.eval e ctx))
  (primitive : (op : Full.Op) → (ctx : Full.Counted.Context) → motive (Full.Counted.Task.primitive op ctx))
  (bind :
    (name : String) → (body : Full.Expr) → (ctx : Full.Counted.Context) → motive (Full.Counted.Task.bind name body ctx))
  (chooseIf : (yes no : Full.Expr) → (ctx : Full.Counted.Context) → motive (Full.Counted.Task.chooseIf yes no ctx))
  (chooseMatch :
    (empty : Full.Expr) →
      (head tail : String) →
        (cell : Full.Expr) →
          (ctx : Full.Counted.Context) → motive (Full.Counted.Task.chooseMatch empty head tail cell ctx))
  (decompose :
    (head tail : String) →
      (body : Full.Expr) →
        (bid : Nat) → (ctx : Full.Counted.Context) → motive (Full.Counted.Task.decompose head tail body bid ctx))
  (matchComplete : (ctx : Full.Counted.Context) → motive (Full.Counted.Task.matchComplete ctx))
  (branchStart : (ctx : Full.Counted.Context) → motive (Full.Counted.Task.branchStart ctx))
  (handoffMatch : (outer : Full.Counted.Context) → motive (Full.Counted.Task.handoffMatch outer))
  (enter :
    (name : String) → (arity : Nat) → (ctx : Full.Counted.Context) → motive (Full.Counted.Task.enter name arity ctx))
  (returning :
    (frame : Full.Counted.Frame) → (ctx : Full.Counted.Context) → motive (Full.Counted.Task.returning frame ctx))
  (branchResult :
    (bid : Nat) → (inner outer : Full.Counted.Context) → motive (Full.Counted.Task.branchResult bid inner outer))
  (else✝ : Nat.hasNotBit 28666 t.ctorIdx → motive t) (h : Nat.hasNotBit 28666 t.ctorIdx) :
  Full.Demand.Scopes.contexts._sparseCasesOn_1 t eval primitive bind chooseIf chooseMatch decompose matchComplete
      branchStart handoffMatch enter returning branchResult else✝ =
    else✝ h
'Full.Demand.Scopes.contexts._sparseCasesOn_1.else_eq' depends on axioms: [propext]
Full.Demand.Scopes.contexts.eq_1 (e : Full.Expr) (ctx : Full.Counted.Context) :
  Full.Demand.Scopes.contexts (Full.Counted.Task.eval e ctx) = [ctx]
'Full.Demand.Scopes.contexts.eq_1' depends on axioms: [propext]
Full.Demand.Scopes.contexts.eq_10 (name : String) (arity : Nat) (ctx : Full.Counted.Context) :
  Full.Demand.Scopes.contexts (Full.Counted.Task.enter name arity ctx) = [ctx]
'Full.Demand.Scopes.contexts.eq_10' depends on axioms: [propext]
Full.Demand.Scopes.contexts.eq_11 (frame : Full.Counted.Frame) (ctx : Full.Counted.Context) :
  Full.Demand.Scopes.contexts (Full.Counted.Task.returning frame ctx) = [ctx]
'Full.Demand.Scopes.contexts.eq_11' depends on axioms: [propext]
Full.Demand.Scopes.contexts.eq_12 (bid : Nat) (inner outer : Full.Counted.Context) :
  Full.Demand.Scopes.contexts (Full.Counted.Task.branchResult bid inner outer) = [inner, outer]
'Full.Demand.Scopes.contexts.eq_12' depends on axioms: [propext]
Full.Demand.Scopes.contexts.eq_13 (x✝ : Full.Counted.Task)
  (x_2 : ∀ (e : Full.Expr) (ctx : Full.Counted.Context), x✝ = Full.Counted.Task.eval e ctx → False)
  (x_3 : ∀ (op : Full.Op) (ctx : Full.Counted.Context), x✝ = Full.Counted.Task.primitive op ctx → False)
  (x_4 :
    ∀ (name : String) (body : Full.Expr) (ctx : Full.Counted.Context),
      x✝ = Full.Counted.Task.bind name body ctx → False)
  (x_5 : ∀ (yes no : Full.Expr) (ctx : Full.Counted.Context), x✝ = Full.Counted.Task.chooseIf yes no ctx → False)
  (x_6 :
    ∀ (empty : Full.Expr) (head tail : String) (cell : Full.Expr) (ctx : Full.Counted.Context),
      x✝ = Full.Counted.Task.chooseMatch empty head tail cell ctx → False)
  (x_7 :
    ∀ (head tail : String) (body : Full.Expr) (bid : Nat) (ctx : Full.Counted.Context),
      x✝ = Full.Counted.Task.decompose head tail body bid ctx → False)
  (x_8 : ∀ (ctx : Full.Counted.Context), x✝ = Full.Counted.Task.matchComplete ctx → False)
  (x_9 : ∀ (ctx : Full.Counted.Context), x✝ = Full.Counted.Task.branchStart ctx → False)
  (x_10 : ∀ (ctx : Full.Counted.Context), x✝ = Full.Counted.Task.handoffMatch ctx → False)
  (x_11 :
    ∀ (name : String) (arity : Nat) (ctx : Full.Counted.Context), x✝ = Full.Counted.Task.enter name arity ctx → False)
  (x_12 :
    ∀ (frame : Full.Counted.Frame) (ctx : Full.Counted.Context), x✝ = Full.Counted.Task.returning frame ctx → False)
  (x_13 :
    ∀ (bid : Nat) (inner outer : Full.Counted.Context), x✝ = Full.Counted.Task.branchResult bid inner outer → False) :
  Full.Demand.Scopes.contexts x✝ = []
'Full.Demand.Scopes.contexts.eq_13' depends on axioms: [propext]
Full.Demand.Scopes.contexts.eq_2 (op : Full.Op) (ctx : Full.Counted.Context) :
  Full.Demand.Scopes.contexts (Full.Counted.Task.primitive op ctx) = [ctx]
'Full.Demand.Scopes.contexts.eq_2' depends on axioms: [propext]
Full.Demand.Scopes.contexts.eq_3 (name : String) (body : Full.Expr) (ctx : Full.Counted.Context) :
  Full.Demand.Scopes.contexts (Full.Counted.Task.bind name body ctx) = [ctx]
'Full.Demand.Scopes.contexts.eq_3' depends on axioms: [propext]
Full.Demand.Scopes.contexts.eq_4 (yes no : Full.Expr) (ctx : Full.Counted.Context) :
  Full.Demand.Scopes.contexts (Full.Counted.Task.chooseIf yes no ctx) = [ctx]
'Full.Demand.Scopes.contexts.eq_4' depends on axioms: [propext]
Full.Demand.Scopes.contexts.eq_5 (empty : Full.Expr) (head tail : String) (cell : Full.Expr)
  (ctx : Full.Counted.Context) :
  Full.Demand.Scopes.contexts (Full.Counted.Task.chooseMatch empty head tail cell ctx) = [ctx]
'Full.Demand.Scopes.contexts.eq_5' depends on axioms: [propext]
Full.Demand.Scopes.contexts.eq_6 (head tail : String) (body : Full.Expr) (bid : Nat) (ctx : Full.Counted.Context) :
  Full.Demand.Scopes.contexts (Full.Counted.Task.decompose head tail body bid ctx) = [ctx]
'Full.Demand.Scopes.contexts.eq_6' depends on axioms: [propext]
Full.Demand.Scopes.contexts.eq_7 (ctx : Full.Counted.Context) :
  Full.Demand.Scopes.contexts (Full.Counted.Task.matchComplete ctx) = [ctx]
'Full.Demand.Scopes.contexts.eq_7' depends on axioms: [propext]
Full.Demand.Scopes.contexts.eq_8 (ctx : Full.Counted.Context) :
  Full.Demand.Scopes.contexts (Full.Counted.Task.branchStart ctx) = [ctx]
'Full.Demand.Scopes.contexts.eq_8' depends on axioms: [propext]
Full.Demand.Scopes.contexts.eq_9 (ctx : Full.Counted.Context) :
  Full.Demand.Scopes.contexts (Full.Counted.Task.handoffMatch ctx) = [ctx]
'Full.Demand.Scopes.contexts.eq_9' depends on axioms: [propext]
Full.Demand.Scopes.dead_prefix {ts : List Full.Counted.Task} {fs : List Nat} (bs : List Full.Counted.Binding)
  (env : Full.Counted.Env) (future : List Full.Counted.Task) (hs : Full.Demand.Scopes.Work ts fs) :
  Full.Demand.Scopes.Work (Full.Counted.dead bs env future ++ ts) fs
'Full.Demand.Scopes.dead_prefix' depends on axioms: [propext, Quot.sound]
Full.Demand.Scopes.headD_bound {next : Nat} (ids : List Nat) (hn : 0 < next) (hb : ∀ (id : Nat), id ∈ ids → id < next) :
  ids.headD 0 < next
'Full.Demand.Scopes.headD_bound' depends on axioms: [propext]
Full.Demand.Scopes.head_scope {p : Full.Program} {initial : Trial.Start} {s : Full.Counted.State}
  {t : Full.Counted.Task} {ts : List Full.Counted.Task} (hr : Full.Statements.Reachable p initial s)
  (ht : s.tasks = t :: ts) : Full.Demand.Scopes.task (List.map Full.Counted.Frame.id s.frames) t
'Full.Demand.Scopes.head_scope' depends on axioms: [propext, Quot.sound]
Full.Demand.Scopes.reachable_contexts_bound {p : Full.Program} {initial : Trial.Start} {s : Full.Counted.State}
  {t : Full.Counted.Task} {ctx : Full.Counted.Context} (hr : Full.Statements.Reachable p initial s) (hm : t ∈ s.tasks)
  (hc : ctx ∈ Full.Demand.Scopes.contexts t) : ctx.invocation < s.nextInvocation
'Full.Demand.Scopes.reachable_contexts_bound' depends on axioms: [propext, Quot.sound]
Full.Demand.Scopes.reachable_work {p : Full.Program} {initial : Trial.Start} {s : Full.Counted.State}
  (hr : Full.Statements.Reachable p initial s) :
  Full.Demand.Scopes.Work s.tasks (List.map Full.Counted.Frame.id s.frames)
'Full.Demand.Scopes.reachable_work' depends on axioms: [propext, Quot.sound]
Full.Demand.Scopes.reserved_prefix {ts : List Full.Counted.Task} {fs : List Nat} (rs : List Full.Counted.Reservation)
  (hs : Full.Demand.Scopes.Work ts fs) :
  Full.Demand.Scopes.Work (List.map (fun r => Full.Counted.Task.freeReserved r.addr) rs ++ ts) fs
'Full.Demand.Scopes.reserved_prefix' depends on axioms: [propext]
Full.Demand.Scopes.task._sparseCasesOn_1.else_eq.{u} {motive : Full.Counted.Task → Sort u} (t : Full.Counted.Task)
  (eval : (e : Full.Expr) → (ctx : Full.Counted.Context) → motive (Full.Counted.Task.eval e ctx))
  (primitive : (op : Full.Op) → (ctx : Full.Counted.Context) → motive (Full.Counted.Task.primitive op ctx))
  (bind :
    (name : String) → (body : Full.Expr) → (ctx : Full.Counted.Context) → motive (Full.Counted.Task.bind name body ctx))
  (chooseIf : (yes no : Full.Expr) → (ctx : Full.Counted.Context) → motive (Full.Counted.Task.chooseIf yes no ctx))
  (chooseMatch :
    (empty : Full.Expr) →
      (head tail : String) →
        (cell : Full.Expr) →
          (ctx : Full.Counted.Context) → motive (Full.Counted.Task.chooseMatch empty head tail cell ctx))
  (decompose :
    (head tail : String) →
      (body : Full.Expr) →
        (bid : Nat) → (ctx : Full.Counted.Context) → motive (Full.Counted.Task.decompose head tail body bid ctx))
  (matchComplete : (ctx : Full.Counted.Context) → motive (Full.Counted.Task.matchComplete ctx))
  (branchStart : (ctx : Full.Counted.Context) → motive (Full.Counted.Task.branchStart ctx))
  (handoffMatch : (outer : Full.Counted.Context) → motive (Full.Counted.Task.handoffMatch outer))
  (enter :
    (name : String) → (arity : Nat) → (ctx : Full.Counted.Context) → motive (Full.Counted.Task.enter name arity ctx))
  (branchResult :
    (bid : Nat) → (inner outer : Full.Counted.Context) → motive (Full.Counted.Task.branchResult bid inner outer))
  (returning :
    (frame : Full.Counted.Frame) → (ctx : Full.Counted.Context) → motive (Full.Counted.Task.returning frame ctx))
  (else✝ : Nat.hasNotBit 28666 t.ctorIdx → motive t) (h : Nat.hasNotBit 28666 t.ctorIdx) :
  Full.Demand.Scopes.task._sparseCasesOn_1 t eval primitive bind chooseIf chooseMatch decompose matchComplete
      branchStart handoffMatch enter branchResult returning else✝ =
    else✝ h
'Full.Demand.Scopes.task._sparseCasesOn_1.else_eq' depends on axioms: [propext]
Full.Demand.Scopes.task.eq_1 (frames : List Nat) (e : Full.Expr) (ctx : Full.Counted.Context) :
  Full.Demand.Scopes.task frames (Full.Counted.Task.eval e ctx) = (ctx.invocation = frames.headD 0)
'Full.Demand.Scopes.task.eq_1' depends on axioms: [propext]
Full.Demand.Scopes.task.eq_10 (frames : List Nat) (name : String) (arity : Nat) (ctx : Full.Counted.Context) :
  Full.Demand.Scopes.task frames (Full.Counted.Task.enter name arity ctx) = (ctx.invocation = frames.headD 0)
'Full.Demand.Scopes.task.eq_10' depends on axioms: [propext]
Full.Demand.Scopes.task.eq_11 (frames : List Nat) (bid : Nat) (inner outer : Full.Counted.Context) :
  Full.Demand.Scopes.task frames (Full.Counted.Task.branchResult bid inner outer) =
    (inner.invocation = frames.headD 0 ∧ outer.invocation = frames.headD 0)
'Full.Demand.Scopes.task.eq_11' depends on axioms: [propext]
Full.Demand.Scopes.task.eq_12 (frames : List Nat) (f : Full.Counted.Frame) (ctx : Full.Counted.Context) :
  Full.Demand.Scopes.task frames (Full.Counted.Task.returning f ctx) =
    (frames.head? = some f.id ∧ ctx.invocation = frames.tail.headD 0)
'Full.Demand.Scopes.task.eq_12' depends on axioms: [propext]
Full.Demand.Scopes.task.eq_13 (frames : List Nat) (x✝ : Full.Counted.Task)
  (x_2 : ∀ (e : Full.Expr) (ctx : Full.Counted.Context), x✝ = Full.Counted.Task.eval e ctx → False)
  (x_3 : ∀ (op : Full.Op) (ctx : Full.Counted.Context), x✝ = Full.Counted.Task.primitive op ctx → False)
  (x_4 :
    ∀ (name : String) (body : Full.Expr) (ctx : Full.Counted.Context),
      x✝ = Full.Counted.Task.bind name body ctx → False)
  (x_5 : ∀ (yes no : Full.Expr) (ctx : Full.Counted.Context), x✝ = Full.Counted.Task.chooseIf yes no ctx → False)
  (x_6 :
    ∀ (empty : Full.Expr) (head tail : String) (cell : Full.Expr) (ctx : Full.Counted.Context),
      x✝ = Full.Counted.Task.chooseMatch empty head tail cell ctx → False)
  (x_7 :
    ∀ (head tail : String) (body : Full.Expr) (bid : Nat) (ctx : Full.Counted.Context),
      x✝ = Full.Counted.Task.decompose head tail body bid ctx → False)
  (x_8 : ∀ (ctx : Full.Counted.Context), x✝ = Full.Counted.Task.matchComplete ctx → False)
  (x_9 : ∀ (ctx : Full.Counted.Context), x✝ = Full.Counted.Task.branchStart ctx → False)
  (x_10 : ∀ (ctx : Full.Counted.Context), x✝ = Full.Counted.Task.handoffMatch ctx → False)
  (x_11 :
    ∀ (name : String) (arity : Nat) (ctx : Full.Counted.Context), x✝ = Full.Counted.Task.enter name arity ctx → False)
  (x_12 :
    ∀ (bid : Nat) (inner outer : Full.Counted.Context), x✝ = Full.Counted.Task.branchResult bid inner outer → False)
  (x_13 : ∀ (f : Full.Counted.Frame) (ctx : Full.Counted.Context), x✝ = Full.Counted.Task.returning f ctx → False) :
  Full.Demand.Scopes.task frames x✝ = True
'Full.Demand.Scopes.task.eq_13' depends on axioms: [propext]
Full.Demand.Scopes.task.eq_2 (frames : List Nat) (op : Full.Op) (ctx : Full.Counted.Context) :
  Full.Demand.Scopes.task frames (Full.Counted.Task.primitive op ctx) = (ctx.invocation = frames.headD 0)
'Full.Demand.Scopes.task.eq_2' depends on axioms: [propext]
Full.Demand.Scopes.task.eq_3 (frames : List Nat) (name : String) (body : Full.Expr) (ctx : Full.Counted.Context) :
  Full.Demand.Scopes.task frames (Full.Counted.Task.bind name body ctx) = (ctx.invocation = frames.headD 0)
'Full.Demand.Scopes.task.eq_3' depends on axioms: [propext]
Full.Demand.Scopes.task.eq_4 (frames : List Nat) (yes no : Full.Expr) (ctx : Full.Counted.Context) :
  Full.Demand.Scopes.task frames (Full.Counted.Task.chooseIf yes no ctx) = (ctx.invocation = frames.headD 0)
'Full.Demand.Scopes.task.eq_4' depends on axioms: [propext]
Full.Demand.Scopes.task.eq_5 (frames : List Nat) (empty : Full.Expr) (head tail : String) (cell : Full.Expr)
  (ctx : Full.Counted.Context) :
  Full.Demand.Scopes.task frames (Full.Counted.Task.chooseMatch empty head tail cell ctx) =
    (ctx.invocation = frames.headD 0)
'Full.Demand.Scopes.task.eq_5' depends on axioms: [propext]
Full.Demand.Scopes.task.eq_6 (frames : List Nat) (head tail : String) (body : Full.Expr) (bid : Nat)
  (ctx : Full.Counted.Context) :
  Full.Demand.Scopes.task frames (Full.Counted.Task.decompose head tail body bid ctx) =
    (ctx.invocation = frames.headD 0)
'Full.Demand.Scopes.task.eq_6' depends on axioms: [propext]
Full.Demand.Scopes.task.eq_7 (frames : List Nat) (ctx : Full.Counted.Context) :
  Full.Demand.Scopes.task frames (Full.Counted.Task.matchComplete ctx) = (ctx.invocation = frames.headD 0)
'Full.Demand.Scopes.task.eq_7' depends on axioms: [propext]
Full.Demand.Scopes.task.eq_8 (frames : List Nat) (ctx : Full.Counted.Context) :
  Full.Demand.Scopes.task frames (Full.Counted.Task.branchStart ctx) = (ctx.invocation = frames.headD 0)
'Full.Demand.Scopes.task.eq_8' depends on axioms: [propext]
Full.Demand.Scopes.task.eq_9 (frames : List Nat) (ctx : Full.Counted.Context) :
  Full.Demand.Scopes.task frames (Full.Counted.Task.handoffMatch ctx) = (ctx.invocation = frames.headD 0)
'Full.Demand.Scopes.task.eq_9' depends on axioms: [propext]
Full.Demand.Scopes.task_bound {fs : List Nat} {t : Full.Counted.Task} {next : Nat} (h : Full.Demand.Scopes.task fs t)
  (hn : 0 < next) (hb : ∀ (id : Nat), id ∈ fs → id < next) (ctx : Full.Counted.Context) :
  ctx ∈ Full.Demand.Scopes.contexts t → ctx.invocation < next
'Full.Demand.Scopes.task_bound' depends on axioms: [propext, Quot.sound]
Full.Demand.Scopes.transition_work {p : Full.Program} {s : Full.Counted.State} {c : Full.Counted.Change}
  (hs : Full.Demand.Scopes.Work s.tasks (List.map Full.Counted.Frame.id s.frames))
  (ht : Full.Counted.transition p s = Except.ok c) :
  Full.Demand.Scopes.Work c.state.tasks (List.map Full.Counted.Frame.id c.state.frames)
'Full.Demand.Scopes.transition_work' depends on axioms: [propext, Quot.sound]
Full.Demand.Soundness.Invariant.bound {root cut : Nat} {p : Full.Program} {out : Full.Kind} {region : List Nat}
  {saved : List Full.Counted.Task} {frames : List Nat} {slots : List Full.Counted.Slot}
  {old : List Full.Counted.Reservation} {s : Full.Counted.State}
  (self : Full.Demand.Soundness.Invariant root cut p out region saved frames slots old s) :
  Full.Demand.Affinity.Bound cut s
'Full.Demand.Soundness.Invariant.bound' depends on axioms: [propext, Quot.sound]
Full.Demand.Soundness.Invariant.certified {root cut : Nat} {p : Full.Program} {out : Full.Kind} {region : List Nat}
  {saved : List Full.Counted.Task} {frames : List Nat} {slots : List Full.Counted.Slot}
  {old : List Full.Counted.Reservation} {s : Full.Counted.State}
  (self : Full.Demand.Soundness.Invariant root cut p out region saved frames slots old s) :
  Full.Demand.Affinity.StateCertified root p out s
'Full.Demand.Soundness.Invariant.certified' depends on axioms: [propext, Quot.sound]
Full.Demand.Soundness.Invariant.commit {root cut : Nat} {p : Full.Program} {out : Full.Kind} {region : List Nat}
  {saved : List Full.Counted.Task} {frames : List Nat} {slots : List Full.Counted.Slot}
  {old : List Full.Counted.Reservation} {c : Full.Counted.Change}
  (h : Full.Demand.Soundness.Invariant root cut p out region saved frames slots old c.state) :
  Full.Demand.Soundness.Invariant root cut p out region saved frames slots old (Full.Counted.commit c)
'Full.Demand.Soundness.Invariant.commit' depends on axioms: [propext, Quot.sound]
Full.Demand.Soundness.Invariant.credit {root cut : Nat} {p : Full.Program} {out : Full.Kind} {region : List Nat}
  {saved : List Full.Counted.Task} {frames : List Nat} {slots : List Full.Counted.Slot}
  {old : List Full.Counted.Reservation} {s : Full.Counted.State}
  (self : Full.Demand.Soundness.Invariant root cut p out region saved frames slots old s) :
  Full.Demand.CreditExecution.Credit root p saved old s
'Full.Demand.Soundness.Invariant.credit' depends on axioms: [propext, Quot.sound]
Full.Demand.Soundness.Invariant.ids {root cut : Nat} {p : Full.Program} {out : Full.Kind} {region : List Nat}
  {saved : List Full.Counted.Task} {frames : List Nat} {slots : List Full.Counted.Slot}
  {old : List Full.Counted.Reservation} {s : Full.Counted.State}
  (self : Full.Demand.Soundness.Invariant root cut p out region saved frames slots old s) :
  Full.Demand.LocalIds.TasksOK root cut s.tasks
'Full.Demand.Soundness.Invariant.ids' depends on axioms: [propext, Quot.sound]
Full.Demand.Soundness.Invariant.next {root cut : Nat} {p : Full.Program} {out : Full.Kind} {region : List Nat}
  {saved : List Full.Counted.Task} {frames : List Nat} {slots : List Full.Counted.Slot}
  {old : List Full.Counted.Reservation} {s : Full.Counted.State}
  (self : Full.Demand.Soundness.Invariant root cut p out region saved frames slots old s) : cut ≤ s.nextBinding
'Full.Demand.Soundness.Invariant.next' depends on axioms: [propext, Quot.sound]
Full.Demand.Soundness.Invariant.resources {root cut : Nat} {p : Full.Program} {out : Full.Kind} {region : List Nat}
  {saved : List Full.Counted.Task} {frames : List Nat} {slots : List Full.Counted.Slot}
  {old : List Full.Counted.Reservation} {s : Full.Counted.State}
  (self : Full.Demand.Soundness.Invariant root cut p out region saved frames slots old s) :
  Full.Demand.RegionExecution.Resources root cut region saved frames slots s
'Full.Demand.Soundness.Invariant.resources' depends on axioms: [propext, Quot.sound]
Full.Demand.Soundness.Invariant.transition {root cut : Nat} {p : Full.Program} {out : Full.Kind} {region : List Nat}
  {saved : List Full.Counted.Task} {frames : List Nat} {slots : List Full.Counted.Slot}
  {old : List Full.Counted.Reservation} {s : Full.Counted.State} {initial : Trial.Start} {c : Full.Counted.Change}
  (h : Full.Demand.Soundness.Invariant root cut p out region saved frames slots old s)
  (hp : Full.Proofs.PlainTyping.FunctionsTyped p) (table : Full.Demand.CertifiedTable p)
  (hr : Full.Statements.Reachable p initial s) (active : root ∈ List.map Full.Counted.Frame.id s.frames)
  (hne : s.tasks ≠ saved) (older : ∀ (r : Full.Counted.Reservation), r ∈ old → r.invocation < root)
  (ht : Full.Counted.transition p s = Except.ok c) :
  Full.Demand.Soundness.Invariant root cut p out region saved frames slots old c.state
'Full.Demand.Soundness.Invariant.transition' depends on axioms: [propext, Classical.choice, Quot.sound]
Full.Demand.Soundness.at_entry {p : Full.Program} {initial : Trial.Start} {s : Full.Counted.State}
  {f : Full.Counted.Frame} (hr : Full.Statements.Reachable p initial s)
  (hl : Option.map Full.Counted.Action.name s.history.getLast? = some "Enter") (hf : s.frames.head? = some f)
  (ha : Full.Demand.accepts p f.name = true) (hu : Full.Statements.uniqueEntry s f = true) :
  ∃ cut out ctx rest old,
    Full.Proofs.PlainTyping.FunctionsTyped p ∧
      (∀ (r : Full.Counted.Reservation), r ∈ old → r.invocation < f.id) ∧
        Full.Demand.Soundness.Invariant f.id cut p out (Full.Demand.Region.addresses s f)
          (Full.Counted.Task.returning f ctx :: rest) (List.map Full.Counted.Frame.id s.frames) s.slots old s
'Full.Demand.Soundness.at_entry' depends on axioms: [propext, Classical.choice, Quot.sound]
Full.Demand.Soundness.conditional : Full.Statements.Conditional Full.Demand.accepts
'Full.Demand.Soundness.conditional' depends on axioms: [propext, Classical.choice, Quot.sound]
Full.Demand.Soundness.creates_preserved {p : Full.Program} {s : Full.Counted.State} {c : Full.Counted.Change}
  {root : Nat}
  (eligible :
    ∀ (ctx : Full.Counted.Context) (rest : List Full.Counted.Task),
      s.tasks = Full.Counted.Task.primitive Full.Op.cons ctx :: rest →
        ∃ r,
          List.find? (fun r => r.invocation == ctx.invocation && ctx.branches.contains r.branch) s.reservations =
            some r)
  (ht : Full.Counted.transition p s = Except.ok c) :
  Full.Statements.creates root c.state.events = Full.Statements.creates root s.events
'Full.Demand.Soundness.creates_preserved' depends on axioms: [propext, Quot.sound]
Full.Demand.Soundness.creates_preserved._simp_1_9.{u_1} {α : Type u_1} [BEq α] [LawfulBEq α] {a b : α} :
  ((a == b) = true) = (a = b)
'Full.Demand.Soundness.creates_preserved._simp_1_9' depends on axioms: [propext]
Full.Demand.Soundness.finite_prefix {p : Full.Program} {old : List Full.Counted.Reservation} {initial : Trial.Start}
  {s : Full.Counted.State} {cut : Nat} {out : Full.Kind} {region : List Nat} {f : Full.Counted.Frame}
  {ctx : Full.Counted.Context} {rest : List Full.Counted.Task} {frames : List Nat} {slots : List Full.Counted.Slot}
  {n : Nat} {t : Full.Counted.State} (hp : Full.Proofs.PlainTyping.FunctionsTyped p)
  (table : Full.Demand.CertifiedTable p) (older : ∀ (r : Full.Counted.Reservation), r ∈ old → r.invocation < f.id)
  (hr : Full.Statements.Reachable p initial s) (fresh : f.id < s.nextInvocation)
  (inv :
    Full.Demand.Soundness.Invariant f.id cut p out region (Full.Counted.Task.returning f ctx :: rest) frames slots old
      s)
  (zero : Full.Statements.creates f.id s.events = 0) (ht : Full.Counted.advance p n s = Except.ok t) :
  Full.Statements.creates f.id t.events = 0
'Full.Demand.Soundness.finite_prefix' depends on axioms: [propext, Classical.choice, Quot.sound]
Full.Demand.Soundness.return_closed {p : Full.Program} {initial : Trial.Start} {s : Full.Counted.State}
  {rest : List Full.Counted.Task} {f : Full.Counted.Frame} {ctx : Full.Counted.Context} {c : Full.Counted.Change}
  (hr : Full.Statements.Reachable p initial s) (htask : s.tasks = Full.Counted.Task.returning f ctx :: rest)
  (ht : Full.Counted.transition p s = Except.ok c) :
  f.id < c.state.nextInvocation ∧
    ¬f.id ∈ List.map Full.Counted.Frame.id c.state.frames ∧
      Full.Statements.creates f.id c.state.events = Full.Statements.creates f.id s.events
'Full.Demand.Soundness.return_closed' depends on axioms: [propext, Quot.sound]
Full.Demand.Soundness.return_closed._simp_1_4.{u_1} {α : Type u_1} [BEq α] [LawfulBEq α] {a b : α} :
  ((a != b) = true) = (a ≠ b)
'Full.Demand.Soundness.return_closed._simp_1_4' depends on axioms: [propext]
Full.Demand.Tickets.Activation.mk.inj {invocation : Nat} {scopes : List Full.Demand.Tickets.Scope} {invocation✝ : Nat}
  {scopes✝ : List Full.Demand.Tickets.Scope} :
  { invocation := invocation, scopes := scopes } = { invocation := invocation✝, scopes := scopes✝ } →
    invocation = invocation✝ ∧ scopes = scopes✝
'Full.Demand.Tickets.Activation.mk.inj' does not depend on any axioms
Full.Demand.Tickets.Activation.mk.injEq (invocation : Nat) (scopes : List Full.Demand.Tickets.Scope) (invocation✝ : Nat)
  (scopes✝ : List Full.Demand.Tickets.Scope) :
  ({ invocation := invocation, scopes := scopes } = { invocation := invocation✝, scopes := scopes✝ }) =
    (invocation = invocation✝ ∧ scopes = scopes✝)
'Full.Demand.Tickets.Activation.mk.injEq' depends on axioms: [propext]
Full.Demand.Tickets.Activation.mk.sizeOf_spec (invocation : Nat) (scopes : List Full.Demand.Tickets.Scope) :
  sizeOf { invocation := invocation, scopes := scopes } = 1 + sizeOf invocation + sizeOf scopes
'Full.Demand.Tickets.Activation.mk.sizeOf_spec' does not depend on any axioms
Full.Demand.Tickets.Budget.mk.inj {invocation : Nat} {branches credits : List Nat} {invocation✝ : Nat}
  {branches✝ credits✝ : List Nat} :
  { invocation := invocation, branches := branches, credits := credits } =
      { invocation := invocation✝, branches := branches✝, credits := credits✝ } →
    invocation = invocation✝ ∧ branches = branches✝ ∧ credits = credits✝
'Full.Demand.Tickets.Budget.mk.inj' does not depend on any axioms
Full.Demand.Tickets.Budget.mk.injEq (invocation : Nat) (branches credits : List Nat) (invocation✝ : Nat)
  (branches✝ credits✝ : List Nat) :
  ({ invocation := invocation, branches := branches, credits := credits } =
      { invocation := invocation✝, branches := branches✝, credits := credits✝ }) =
    (invocation = invocation✝ ∧ branches = branches✝ ∧ credits = credits✝)
'Full.Demand.Tickets.Budget.mk.injEq' depends on axioms: [propext]
Full.Demand.Tickets.Budget.mk.sizeOf_spec (invocation : Nat) (branches credits : List Nat) :
  sizeOf { invocation := invocation, branches := branches, credits := credits } =
    1 + sizeOf invocation + sizeOf branches + sizeOf credits
'Full.Demand.Tickets.Budget.mk.sizeOf_spec' does not depend on any axioms
Full.Demand.Tickets.Scope.mk.inj {branch : Nat} {address : Option Nat} {branch✝ : Nat} {address✝ : Option Nat} :
  { branch := branch, address := address } = { branch := branch✝, address := address✝ } →
    branch = branch✝ ∧ address = address✝
'Full.Demand.Tickets.Scope.mk.inj' does not depend on any axioms
Full.Demand.Tickets.Scope.mk.injEq (branch : Nat) (address : Option Nat) (branch✝ : Nat) (address✝ : Option Nat) :
  ({ branch := branch, address := address } = { branch := branch✝, address := address✝ }) =
    (branch = branch✝ ∧ address = address✝)
'Full.Demand.Tickets.Scope.mk.injEq' depends on axioms: [propext]
Full.Demand.Tickets.Scope.mk.sizeOf_spec (branch : Nat) (address : Option Nat) :
  sizeOf { branch := branch, address := address } = 1 + sizeOf branch + sizeOf address
'Full.Demand.Tickets.Scope.mk.sizeOf_spec' does not depend on any axioms
Full.Demand.Tickets.StackCovers.brecOn
  {motive :
    (a : List Full.Demand.Tickets.Budget) →
      (a_1 : List Full.Demand.Tickets.Activation) → Full.Demand.Tickets.StackCovers a a_1 → Prop}
  {a✝ : List Full.Demand.Tickets.Budget} {a✝¹ : List Full.Demand.Tickets.Activation}
  (t : Full.Demand.Tickets.StackCovers a✝ a✝¹)
  (F_1 :
    ∀ (a : List Full.Demand.Tickets.Budget) (a_1 : List Full.Demand.Tickets.Activation)
      (t : Full.Demand.Tickets.StackCovers a a_1), Full.Demand.Tickets.StackCovers.below t → motive a a_1 t) :
  motive a✝ a✝¹ t
'Full.Demand.Tickets.StackCovers.brecOn' does not depend on any axioms
Full.Demand.Tickets.Valid.eq_1 (root nextInvocation nextBranch : Nat) (stack : List Full.Demand.Tickets.Activation) :
  Full.Demand.Tickets.Valid root nextInvocation nextBranch stack =
    ((List.map Full.Demand.Tickets.Activation.invocation stack).Nodup ∧
      ∀ (a : Full.Demand.Tickets.Activation),
        a ∈ stack →
          root ≤ a.invocation ∧
            a.invocation < nextInvocation ∧
              (List.map Full.Demand.Tickets.Scope.branch a.scopes).Nodup ∧
                ∀ (bid : Nat), bid ∈ List.map Full.Demand.Tickets.Scope.branch a.scopes → bid < nextBranch)
'Full.Demand.Tickets.Valid.eq_1' does not depend on any axioms
Full.Demand.Tickets.Valid.monotone {root ni nb : Nat} {stack : List Full.Demand.Tickets.Activation} {ni' nb' : Nat}
  (h : Full.Demand.Tickets.Valid root ni nb stack) (hi : ni ≤ ni') (hb : nb ≤ nb') :
  Full.Demand.Tickets.Valid root ni' nb' stack
'Full.Demand.Tickets.Valid.monotone' does not depend on any axioms
Full.Demand.Tickets.Valid.pop_scope {root ni nb inv : Nat} {scope : Full.Demand.Tickets.Scope}
  {ss : List Full.Demand.Tickets.Scope} {stack : List Full.Demand.Tickets.Activation}
  (h : Full.Demand.Tickets.Valid root ni nb ({ invocation := inv, scopes := scope :: ss } :: stack)) :
  Full.Demand.Tickets.Valid root ni nb ({ invocation := inv, scopes := ss } :: stack)
'Full.Demand.Tickets.Valid.pop_scope' depends on axioms: [propext]
Full.Demand.Tickets.Valid.push_call {root ni nb : Nat} {stack : List Full.Demand.Tickets.Activation}
  (h : Full.Demand.Tickets.Valid root ni nb stack) (hroot : root ≤ ni) :
  Full.Demand.Tickets.Valid root (ni + 1) nb ({ invocation := ni, scopes := [] } :: stack)
'Full.Demand.Tickets.Valid.push_call' depends on axioms: [propext, Quot.sound]
Full.Demand.Tickets.Valid.push_call._proof_1_2 {root ni : Nat} (a : Full.Demand.Tickets.Activation)
  (hi : a.invocation = ni) (this : a.invocation < ni) : False
'Full.Demand.Tickets.Valid.push_call._proof_1_2' depends on axioms: [propext, Quot.sound]
Full.Demand.Tickets.Valid.push_call._proof_1_3 {root ni : Nat} : ¬ni ≤ ni + 1 → False
'Full.Demand.Tickets.Valid.push_call._proof_1_3' depends on axioms: [propext, Quot.sound]
Full.Demand.Tickets.Valid.push_call._simp_1_1.{u_1} {α : Type u_1} {a : α} {l : List α} :
  (a :: l).Nodup = (¬a ∈ l ∧ l.Nodup)
'Full.Demand.Tickets.Valid.push_call._simp_1_1' depends on axioms: [propext]
Full.Demand.Tickets.Valid.push_scope {root ni nb : Nat} {a : Full.Demand.Tickets.Activation}
  {stack : List Full.Demand.Tickets.Activation} (h : Full.Demand.Tickets.Valid root ni nb (a :: stack)) :
  Full.Demand.Tickets.Valid root ni (nb + 1)
    ({ invocation := a.invocation, scopes := { branch := nb, address := none } :: a.scopes } :: stack)
'Full.Demand.Tickets.Valid.push_scope' depends on axioms: [propext, Quot.sound]
Full.Demand.Tickets.Valid.push_scope._proof_1_2 {root ni : Nat} {a : Full.Demand.Tickets.Activation} (bid : Nat) :
  ¬bid < bid + 1 → False
'Full.Demand.Tickets.Valid.push_scope._proof_1_2' depends on axioms: [propext, Quot.sound]
Full.Demand.Tickets.Valid.push_scope._proof_1_3 {root ni nb : Nat} {a : Full.Demand.Tickets.Activation} (bid : Nat)
  (this : bid < nb) : ¬bid < nb + 1 → False
'Full.Demand.Tickets.Valid.push_scope._proof_1_3' depends on axioms: [propext, Quot.sound]
Full.Demand.Tickets.Valid.push_scope._proof_1_4 {nb : Nat} : ¬nb ≤ nb + 1 → False
'Full.Demand.Tickets.Valid.push_scope._proof_1_4' depends on axioms: [propext, Quot.sound]
Full.Demand.Tickets.Valid.push_scope._simp_1_1.{u_1} {α : Type u_1} {a : α} {l : List α} :
  (a :: l).Nodup = (¬a ∈ l ∧ l.Nodup)
'Full.Demand.Tickets.Valid.push_scope._simp_1_1' depends on axioms: [propext]
Full.Demand.Tickets.Valid.replace {root ni nb : Nat} {a : Full.Demand.Tickets.Activation}
  {stack : List Full.Demand.Tickets.Activation} {a' : Full.Demand.Tickets.Activation}
  (h : Full.Demand.Tickets.Valid root ni nb (a :: stack)) (hi : a'.invocation = a.invocation)
  (hs : List.map Full.Demand.Tickets.Scope.branch a'.scopes = List.map Full.Demand.Tickets.Scope.branch a.scopes) :
  Full.Demand.Tickets.Valid root ni nb (a' :: stack)
'Full.Demand.Tickets.Valid.replace' depends on axioms: [propext, Quot.sound]
Full.Demand.Tickets.Valid.tail {root ni nb : Nat} {a : Full.Demand.Tickets.Activation}
  {stack : List Full.Demand.Tickets.Activation} (h : Full.Demand.Tickets.Valid root ni nb (a :: stack)) :
  Full.Demand.Tickets.Valid root ni nb stack
'Full.Demand.Tickets.Valid.tail' depends on axioms: [propext]
Full.Demand.Tickets.branch_filter {root ni nb inv bid : Nat} {addr : Option Nat} {ss : List Full.Demand.Tickets.Scope}
  {stack : List Full.Demand.Tickets.Activation} {old : List Full.Counted.Reservation}
  (valid :
    Full.Demand.Tickets.Valid root ni nb
      ({ invocation := inv, scopes := { branch := bid, address := addr } :: ss } :: stack))
  (older : ∀ (r : Full.Counted.Reservation), r ∈ old → r.invocation < root) :
  List.filter (fun r => r.invocation == inv && r.branch == bid)
      (Full.Demand.Tickets.reservations inv ({ branch := bid, address := addr } :: ss) ++
          Full.Demand.Tickets.flatten stack ++
        old) =
    Full.Demand.Tickets.reservations inv [{ branch := bid, address := addr }]
'Full.Demand.Tickets.branch_filter' depends on axioms: [propext, Classical.choice, Quot.sound]
Full.Demand.Tickets.branch_filter._proof_1_2 {root ni nb inv bid : Nat} {addr : Option Nat}
  {ss : List Full.Demand.Tickets.Scope}
  (hv :
    root ≤ inv ∧
      inv < ni ∧
        (List.map Full.Demand.Tickets.Scope.branch ({ branch := bid, address := addr } :: ss)).Nodup ∧
          ∀ (bid_1 : Nat),
            bid_1 ∈ List.map Full.Demand.Tickets.Scope.branch ({ branch := bid, address := addr } :: ss) → bid_1 < nb)
  (r : Full.Counted.Reservation) (he : r.invocation = inv ∧ r.branch = bid) (this : r.invocation < root) : False
'Full.Demand.Tickets.branch_filter._proof_1_2' depends on axioms: [propext, Quot.sound]
Full.Demand.Tickets.branch_filter._simp_1_1.{u_1} {α : Type u_1} [BEq α] [LawfulBEq α] {a b : α} :
  ((a == b) = true) = (a = b)
'Full.Demand.Tickets.branch_filter._simp_1_1' depends on axioms: [propext]
Full.Demand.Tickets.consume.eq_1 (inv : Nat) : Full.Demand.Tickets.consume inv [] = none
'Full.Demand.Tickets.consume.eq_1' does not depend on any axioms
Full.Demand.Tickets.consume.eq_2 (inv bid : Nat) (ss : List Full.Demand.Tickets.Scope) :
  Full.Demand.Tickets.consume inv ({ branch := bid, address := none } :: ss) =
    Option.map
      (fun x =>
        match x with
        | (r, ss') => (r, { branch := bid, address := none } :: ss'))
      (Full.Demand.Tickets.consume inv ss)
'Full.Demand.Tickets.consume.eq_2' does not depend on any axioms
Full.Demand.Tickets.consume.eq_3 (inv bid addr : Nat) (ss : List Full.Demand.Tickets.Scope) :
  Full.Demand.Tickets.consume inv ({ branch := bid, address := some addr } :: ss) =
    some ({ invocation := inv, branch := bid, addr := addr }, { branch := bid, address := none } :: ss)
'Full.Demand.Tickets.consume.eq_3' does not depend on any axioms
Full.Demand.Tickets.consume.eq_def (inv : Nat) (x✝ : List Full.Demand.Tickets.Scope) :
  Full.Demand.Tickets.consume inv x✝ =
    match x✝ with
    | [] => none
    | { branch := bid, address := none } :: ss =>
      Option.map
        (fun x =>
          match x with
          | (r, ss') => (r, { branch := bid, address := none } :: ss'))
        (Full.Demand.Tickets.consume inv ss)
    | { branch := bid, address := some addr } :: ss =>
      some ({ invocation := inv, branch := bid, addr := addr }, { branch := bid, address := none } :: ss)
'Full.Demand.Tickets.consume.eq_def' does not depend on any axioms
Full.Demand.Tickets.consume_filter {inv : Nat} {ss : List Full.Demand.Tickets.Scope} {r : Full.Counted.Reservation}
  {ss' : List Full.Demand.Tickets.Scope} {suffix : List Full.Counted.Reservation}
  (h : Full.Demand.Tickets.consume inv ss = some (r, ss'))
  (unique : (List.map Full.Counted.Reservation.addr (Full.Demand.Tickets.reservations inv ss ++ suffix)).Nodup) :
  List.filter (fun q => q.addr != r.addr) (Full.Demand.Tickets.reservations inv ss ++ suffix) =
    Full.Demand.Tickets.reservations inv ss' ++ suffix
'Full.Demand.Tickets.consume_filter' depends on axioms: [propext, Quot.sound]
Full.Demand.Tickets.consume_filter._simp_1_6.{u_1} {α : Type u_1} {a : α} {l : List α} :
  (a :: l).Nodup = (¬a ∈ l ∧ l.Nodup)
'Full.Demand.Tickets.consume_filter._simp_1_6' depends on axioms: [propext]
Full.Demand.Tickets.consume_find {inv : Nat} {ss : List Full.Demand.Tickets.Scope} {r : Full.Counted.Reservation}
  {ss' : List Full.Demand.Tickets.Scope} {suffix : List Full.Counted.Reservation}
  (h : Full.Demand.Tickets.consume inv ss = some (r, ss')) :
  List.find? (fun q => q.invocation == inv && (List.map Full.Demand.Tickets.Scope.branch ss).contains q.branch)
      (Full.Demand.Tickets.reservations inv ss ++ suffix) =
    some r
'Full.Demand.Tickets.consume_find' depends on axioms: [propext, Classical.choice, Quot.sound]
Full.Demand.Tickets.consume_front {inv : Nat} {ss : List Full.Demand.Tickets.Scope} {r : Full.Counted.Reservation}
  {ss' : List Full.Demand.Tickets.Scope} (h : Full.Demand.Tickets.consume inv ss = some (r, ss')) :
  ∃ rest, Full.Demand.Tickets.reservations inv ss = r :: rest
'Full.Demand.Tickets.consume_front' depends on axioms: [propext]
Full.Demand.Tickets.consume_lower {before : List Nat} {ss : List Full.Demand.Tickets.Scope} {after : List Nat}
  {inv : Nat} (lower : Full.Demand.Lower before (Full.Demand.Tickets.counts ss))
  (h : Full.Demand.spend before = Except.ok after) :
  ∃ r ss', Full.Demand.Tickets.consume inv ss = some (r, ss') ∧ Full.Demand.Lower after (Full.Demand.Tickets.counts ss')
'Full.Demand.Tickets.consume_lower' depends on axioms: [propext, Classical.choice, Quot.sound]
Full.Demand.Tickets.consume_of_spend {ss : List Full.Demand.Tickets.Scope} {after : List Nat} {inv : Nat}
  (h : Full.Demand.spend (Full.Demand.Tickets.counts ss) = Except.ok after) :
  ∃ r ss', Full.Demand.Tickets.consume inv ss = some (r, ss') ∧ Full.Demand.Tickets.counts ss' = after
'Full.Demand.Tickets.consume_of_spend' depends on axioms: [propext, Quot.sound]
Full.Demand.Tickets.consume_of_spend._simp_1_2.{u_1} {α β : Type u_1} (x : Except String α) (f : α → Except String β)
  (b : β) : (x >>= f = Except.ok b) = ∃ a, x = Except.ok a ∧ f a = Except.ok b
'Full.Demand.Tickets.consume_of_spend._simp_1_2' depends on axioms: [propext, Quot.sound]
Full.Demand.Tickets.consume_shape {inv : Nat} {ss : List Full.Demand.Tickets.Scope} {r : Full.Counted.Reservation}
  {ss' : List Full.Demand.Tickets.Scope} (h : Full.Demand.Tickets.consume inv ss = some (r, ss')) :
  List.map Full.Demand.Tickets.Scope.branch ss' = List.map Full.Demand.Tickets.Scope.branch ss ∧
    r ∈ Full.Demand.Tickets.reservations inv ss ∧ r.invocation = inv
'Full.Demand.Tickets.consume_shape' depends on axioms: [propext, Quot.sound]
Full.Demand.Tickets.counts.eq_1 (scopes : List Full.Demand.Tickets.Scope) :
  Full.Demand.Tickets.counts scopes = List.map (fun s => if s.address.isSome = true then 1 else 0) scopes
'Full.Demand.Tickets.counts.eq_1' does not depend on any axioms
Full.Demand.Tickets.flatten.eq_1 (stack : List Full.Demand.Tickets.Activation) :
  Full.Demand.Tickets.flatten stack =
    List.flatMap (fun a => Full.Demand.Tickets.reservations a.invocation a.scopes) stack
'Full.Demand.Tickets.flatten.eq_1' does not depend on any axioms
Full.Demand.Tickets.flatten_fields {stack : List Full.Demand.Tickets.Activation} {r : Full.Counted.Reservation}
  (hr : r ∈ Full.Demand.Tickets.flatten stack) :
  ∃ a, a ∈ stack ∧ r.invocation = a.invocation ∧ r.branch ∈ List.map Full.Demand.Tickets.Scope.branch a.scopes
'Full.Demand.Tickets.flatten_fields' depends on axioms: [propext, Quot.sound]
Full.Demand.Tickets.reservation_fields {inv : Nat} {scopes : List Full.Demand.Tickets.Scope}
  {r : Full.Counted.Reservation} (hr : r ∈ Full.Demand.Tickets.reservations inv scopes) :
  r.invocation = inv ∧ r.branch ∈ List.map Full.Demand.Tickets.Scope.branch scopes
'Full.Demand.Tickets.reservation_fields' depends on axioms: [propext, Quot.sound]
Full.Demand.Tickets.reservations.eq_1 (inv : Nat) (scopes : List Full.Demand.Tickets.Scope) :
  Full.Demand.Tickets.reservations inv scopes =
    List.filterMap (fun s => Option.map (fun a => { invocation := inv, branch := s.branch, addr := a }) s.address)
      scopes
'Full.Demand.Tickets.reservations.eq_1' does not depend on any axioms
Full.Demand.accepts.eq_1 (p : Full.Program) (name : String) :
  Full.Demand.accepts p name = (Full.Demand.check p name).isOk
'Full.Demand.accepts.eq_1' depends on axioms: [propext, Quot.sound]
Full.Demand.accepts_certificates {p : Full.Program} {name : String} (h : Full.Demand.accepts p name = true) :
  Full.Demand.CertifiedTable p
'Full.Demand.accepts_certificates' depends on axioms: [propext, Quot.sound]
Full.Demand.accepts_certificates._simp_1_5.{u_1} {α β : Type u_1} (x : Except String α) (f : α → Except String β)
  (b : β) : (x >>= f = Except.ok b) = ∃ a, x = Except.ok a ∧ f a = Except.ok b
'Full.Demand.accepts_certificates._simp_1_5' depends on axioms: [propext, Quot.sound]
Full.Demand.accepts_target {p : Full.Program} {name : String} (h : Full.Demand.accepts p name = true) :
  ∃ f, Full.signature p.functions name = some f ∧ f.demanded = true
'Full.Demand.accepts_target' depends on axioms: [propext, Quot.sound]
Full.Demand.accepts_target._simp_1_5.{u_1} {α β : Type u_1} (x : Except String α) (f : α → Except String β) (b : β) :
  (x >>= f = Except.ok b) = ∃ a, x = Except.ok a ∧ f a = Except.ok b
'Full.Demand.accepts_target._simp_1_5' depends on axioms: [propext, Quot.sound]
Full.Demand.affine.eq_1 (name : String) (kind : Full.Kind) (body : Full.Expr) :
  Full.Demand.affine name kind body =
    if (kind == Trial.Kind.list && decide (Full.Demand.occurrences body [(name, some 0)] 0 > 1)) = true then
      Except.error (toString "list used more than once: " ++ toString name)
    else Except.ok ()
'Full.Demand.affine.eq_1' depends on axioms: [propext, Quot.sound]
Full.Demand.affine_list_bound {name : String} {body : Full.Expr}
  (h : Full.Demand.affine name Trial.Kind.list body = Except.ok ()) :
  Full.Demand.occurrences body [(name, some 0)] 0 ≤ 1
'Full.Demand.affine_list_bound' depends on axioms: [propext, Quot.sound]
Full.Demand.analyzed_bin {fs : List Full.Function} {static : List (String × Full.Kind)} {op : Full.Op} {a b : Full.Expr}
  (h : Full.Demand.Analyzed fs static (Full.Expr.bin op a b)) :
  Full.Demand.Analyzed fs static a ∧ Full.Demand.Analyzed fs static b
'Full.Demand.analyzed_bin' depends on axioms: [propext, Quot.sound]
Full.Demand.analyzed_bin._simp_1_1.{u_1} {α β : Type u_1} (x : Except String α) (f : α → Except String β) (b : β) :
  (x >>= f = Except.ok b) = ∃ a, x = Except.ok a ∧ f a = Except.ok b
'Full.Demand.analyzed_bin._simp_1_1' depends on axioms: [propext, Quot.sound]
Full.Demand.analyzed_call {fs : List Full.Function} {static : List (String × Full.Kind)} {name : String}
  {args : List Full.Expr} {f : Full.Function} (h : Full.Demand.Analyzed fs static (Full.Expr.call name args))
  (hf : Full.signature fs name = some f) :
  f.demanded = true ∧ ∀ (arg : Full.Expr), arg ∈ args → Full.Demand.Analyzed fs static arg
'Full.Demand.analyzed_call' depends on axioms: [propext, Quot.sound]
Full.Demand.analyzed_if {fs : List Full.Function} {static : List (String × Full.Kind)} {c a b : Full.Expr}
  (h : Full.Demand.Analyzed fs static (c.ifE a b)) :
  Full.Demand.Analyzed fs static c ∧ Full.Demand.Analyzed fs static a ∧ Full.Demand.Analyzed fs static b
'Full.Demand.analyzed_if' depends on axioms: [propext, Quot.sound]
Full.Demand.analyzed_if._simp_1_1.{u_1} {α β : Type u_1} (x : Except String α) (f : α → Except String β) (b : β) :
  (x >>= f = Except.ok b) = ∃ a, x = Except.ok a ∧ f a = Except.ok b
'Full.Demand.analyzed_if._simp_1_1' depends on axioms: [propext, Quot.sound]
Full.Demand.analyzed_let {fs : List Full.Function} {static : List (String × Full.Kind)} {x : String} {a b : Full.Expr}
  {k : Full.Kind} (h : Full.Demand.Analyzed fs static (Full.Expr.letE x a b))
  (hk : Full.check fs static a = Except.ok k) :
  Full.Demand.affine x k b = Except.ok () ∧
    Full.Demand.Analyzed fs static a ∧ Full.Demand.Analyzed fs ((x, k) :: static) b
'Full.Demand.analyzed_let' depends on axioms: [propext, Quot.sound]
Full.Demand.analyzed_let._simp_1_1.{u_1} {α β : Type u_1} (x : Except String α) (f : α → Except String β) (b : β) :
  (x >>= f = Except.ok b) = ∃ a, x = Except.ok a ∧ f a = Except.ok b
'Full.Demand.analyzed_let._simp_1_1' depends on axioms: [propext, Quot.sound]
Full.Demand.analyzed_match {fs : List Full.Function} {static : List (String × Full.Kind)} {s n : Full.Expr}
  {head tail : String} {c : Full.Expr} (h : Full.Demand.Analyzed fs static (s.matchE n head tail c)) :
  Full.Demand.affine tail Trial.Kind.list c = Except.ok () ∧
    Full.Demand.Analyzed fs static s ∧
      Full.Demand.Analyzed fs static n ∧
        Full.Demand.Analyzed fs ((tail, Trial.Kind.list) :: (head, Trial.Kind.number) :: static) c
'Full.Demand.analyzed_match' depends on axioms: [propext, Quot.sound]
Full.Demand.analyzed_match._simp_1_1.{u_1} {α β : Type u_1} (x : Except String α) (f : α → Except String β) (b : β) :
  (x >>= f = Except.ok b) = ∃ a, x = Except.ok a ∧ f a = Except.ok b
'Full.Demand.analyzed_match._simp_1_1' depends on axioms: [propext, Quot.sound]
Full.Demand.arguments_occurrences (id : Nat) (args : List (Full.Expr × Nat)) (ctx : Full.Counted.Context) :
  Full.Demand.futureOccurrences id
      (List.flatMap
        (fun x =>
          match x with
          | (a, i) => [Full.Counted.Task.eval a (Full.Counted.child ctx i), Full.Counted.Task.capture])
        args) =
    (List.map (fun a => Full.Demand.occurrences a.fst (Trial.toFEnv ctx.env) id) args).sum
'Full.Demand.arguments_occurrences' depends on axioms: [propext, Quot.sound]
Full.Demand.call_occurrences (id : Nat) (args : List Full.Expr) (ctx : Full.Counted.Context) :
  Full.Demand.futureOccurrences id
      (List.flatMap
        (fun x =>
          match x with
          | (a, i) => [Full.Counted.Task.eval a (Full.Counted.child ctx i), Full.Counted.Task.capture])
        args.zipIdx) =
    (List.map (fun a => Full.Demand.occurrences a.val (Trial.toFEnv ctx.env) id) args.attach).sum
'Full.Demand.call_occurrences' depends on axioms: [propext, Quot.sound]
Full.Demand.expression._sparseCasesOn_1.else_eq.{u_1, u} {α : Type u} {motive : Option α → Sort u_1} (t : Option α)
  (some : (val : α) → motive (some val)) (else✝ : Nat.hasNotBit 2 t.ctorIdx → motive t)
  (h : Nat.hasNotBit 2 t.ctorIdx) : Full.Demand.expression._sparseCasesOn_1 t some else✝ = else✝ h
'Full.Demand.expression._sparseCasesOn_1.else_eq' depends on axioms: [propext]
Full.Demand.expression._unary._proof_1 (env : List (String × Full.Kind)) (credits : List Nat) (op : Full.Op)
  (left right : Full.Expr) :
  InvImage (fun x1 x2 => x1 < x2)
    (fun x => PSigma.casesOn x fun env credits => PSigma.casesOn credits fun credits a => sizeOf a)
    ⟨env, ⟨credits, left⟩⟩ ⟨env, ⟨credits, Full.Expr.bin op left right⟩⟩
'Full.Demand.expression._unary._proof_1' depends on axioms: [propext, Quot.sound]
Full.Demand.expression._unary._proof_10 (env : List (String × Full.Kind)) (credits : List Nat) (scrut empty : Full.Expr)
  (head tail : String) (cell : Full.Expr) (credits✝ : List Nat) :
  InvImage (fun x1 x2 => x1 < x2)
    (fun x => PSigma.casesOn x fun env credits => PSigma.casesOn credits fun credits a => sizeOf a)
    ⟨(tail, Trial.Kind.list) :: (head, Trial.Kind.number) :: env, ⟨1 :: credits✝, cell⟩⟩
    ⟨env, ⟨credits, scrut.matchE empty head tail cell⟩⟩
'Full.Demand.expression._unary._proof_10' depends on axioms: [propext, Quot.sound]
Full.Demand.expression._unary._proof_11 (env : List (String × Full.Kind)) (credits : List Nat) (name : String)
  (args : List Full.Expr) (credits✝ : List Nat) (arg : { x // x ∈ args }) :
  InvImage (fun x1 x2 => x1 < x2)
    (fun x => PSigma.casesOn x fun env credits => PSigma.casesOn credits fun credits a => sizeOf a)
    ⟨env, ⟨credits✝, arg.val⟩⟩ ⟨env, ⟨credits, Full.Expr.call name args⟩⟩
'Full.Demand.expression._unary._proof_11' depends on axioms: [propext, Quot.sound]
Full.Demand.expression._unary._proof_2 (env : List (String × Full.Kind)) (credits : List Nat) (op : Full.Op)
  (left right : Full.Expr) (credits✝ : List Nat) :
  InvImage (fun x1 x2 => x1 < x2)
    (fun x => PSigma.casesOn x fun env credits => PSigma.casesOn credits fun credits a => sizeOf a)
    ⟨env, ⟨credits✝, right⟩⟩ ⟨env, ⟨credits, Full.Expr.bin op left right⟩⟩
'Full.Demand.expression._unary._proof_2' depends on axioms: [propext, Quot.sound]
Full.Demand.expression._unary._proof_3 (env : List (String × Full.Kind)) (credits : List Nat) (name : String)
  (bound body : Full.Expr) :
  InvImage (fun x1 x2 => x1 < x2)
    (fun x => PSigma.casesOn x fun env credits => PSigma.casesOn credits fun credits a => sizeOf a)
    ⟨env, ⟨credits, bound⟩⟩ ⟨env, ⟨credits, Full.Expr.letE name bound body⟩⟩
'Full.Demand.expression._unary._proof_3' depends on axioms: [propext, Quot.sound]
Full.Demand.expression._unary._proof_4 (env : List (String × Full.Kind)) (credits : List Nat) (name : String)
  (bound body : Full.Expr) (kind : Full.Kind) (credits✝ : List Nat) :
  InvImage (fun x1 x2 => x1 < x2)
    (fun x => PSigma.casesOn x fun env credits => PSigma.casesOn credits fun credits a => sizeOf a)
    ⟨(name, kind) :: env, ⟨credits✝, body⟩⟩ ⟨env, ⟨credits, Full.Expr.letE name bound body⟩⟩
'Full.Demand.expression._unary._proof_4' depends on axioms: [propext, Quot.sound]
Full.Demand.expression._unary._proof_5 (env : List (String × Full.Kind)) (credits : List Nat)
  (cond yes no : Full.Expr) :
  InvImage (fun x1 x2 => x1 < x2)
    (fun x => PSigma.casesOn x fun env credits => PSigma.casesOn credits fun credits a => sizeOf a)
    ⟨env, ⟨credits, cond⟩⟩ ⟨env, ⟨credits, cond.ifE yes no⟩⟩
'Full.Demand.expression._unary._proof_5' depends on axioms: [propext, Quot.sound]
Full.Demand.expression._unary._proof_6 (env : List (String × Full.Kind)) (credits : List Nat) (cond yes no : Full.Expr)
  (credits✝ : List Nat) :
  InvImage (fun x1 x2 => x1 < x2)
    (fun x => PSigma.casesOn x fun env credits => PSigma.casesOn credits fun credits a => sizeOf a)
    ⟨env, ⟨credits✝, yes⟩⟩ ⟨env, ⟨credits, cond.ifE yes no⟩⟩
'Full.Demand.expression._unary._proof_6' depends on axioms: [propext, Quot.sound]
Full.Demand.expression._unary._proof_7 (env : List (String × Full.Kind)) (credits : List Nat) (cond yes no : Full.Expr)
  (credits✝ : List Nat) :
  InvImage (fun x1 x2 => x1 < x2)
    (fun x => PSigma.casesOn x fun env credits => PSigma.casesOn credits fun credits a => sizeOf a)
    ⟨env, ⟨credits✝, no⟩⟩ ⟨env, ⟨credits, cond.ifE yes no⟩⟩
'Full.Demand.expression._unary._proof_7' depends on axioms: [propext, Quot.sound]
Full.Demand.expression._unary._proof_8 (env : List (String × Full.Kind)) (credits : List Nat) (scrut empty : Full.Expr)
  (head tail : String) (cell : Full.Expr) :
  InvImage (fun x1 x2 => x1 < x2)
    (fun x => PSigma.casesOn x fun env credits => PSigma.casesOn credits fun credits a => sizeOf a)
    ⟨env, ⟨credits, scrut⟩⟩ ⟨env, ⟨credits, scrut.matchE empty head tail cell⟩⟩
'Full.Demand.expression._unary._proof_8' depends on axioms: [propext, Quot.sound]
Full.Demand.expression._unary._proof_9 (env : List (String × Full.Kind)) (credits : List Nat) (scrut empty : Full.Expr)
  (head tail : String) (cell : Full.Expr) (credits✝ : List Nat) :
  InvImage (fun x1 x2 => x1 < x2)
    (fun x => PSigma.casesOn x fun env credits => PSigma.casesOn credits fun credits a => sizeOf a)
    ⟨env, ⟨0 :: credits✝, empty⟩⟩ ⟨env, ⟨credits, scrut.matchE empty head tail cell⟩⟩
'Full.Demand.expression._unary._proof_9' depends on axioms: [propext, Quot.sound]
Full.Demand.expression._unary.eq_def (fs : List Full.Function)
  (_x : (_ : List (String × Full.Kind)) ×' (_ : List Nat) ×' Full.Expr) :
  Full.Demand.expression._unary fs _x =
    PSigma.casesOn _x fun env credits =>
      PSigma.casesOn credits fun credits a =>
        match a with
        | Full.Expr.num n => pure credits
        | Full.Expr.bool b => pure credits
        | Full.Expr.nil => pure credits
        | Full.Expr.var name => pure credits
        | Full.Expr.bin op left right => do
          let credits ← Full.Demand.expression._unary fs ⟨env, ⟨credits, left⟩⟩
          let credits ← Full.Demand.expression._unary fs ⟨env, ⟨credits, right⟩⟩
          if (op == Full.Op.cons) = true then Full.Demand.spend credits else pure credits
        | Full.Expr.letE name bound body => do
          let kind ← Full.check fs env bound
          Full.Demand.affine name kind body
          let credits ← Full.Demand.expression._unary fs ⟨env, ⟨credits, bound⟩⟩
          Full.Demand.expression._unary fs ⟨(name, kind) :: env, ⟨credits, body⟩⟩
        | cond.ifE yes no => do
          let credits ← Full.Demand.expression._unary fs ⟨env, ⟨credits, cond⟩⟩
          let yes ← Full.Demand.expression._unary fs ⟨env, ⟨credits, yes⟩⟩
          let no ← Full.Demand.expression._unary fs ⟨env, ⟨credits, no⟩⟩
          pure (List.zipWith min yes no)
        | scrut.matchE empty head tail cell => do
          Full.Demand.affine tail Trial.Kind.list cell
          let credits ← Full.Demand.expression._unary fs ⟨env, ⟨credits, scrut⟩⟩
          let empty ← Full.Demand.expression._unary fs ⟨env, ⟨0 :: credits, empty⟩⟩
          let cell ←
            Full.Demand.expression._unary fs
                ⟨(tail, Trial.Kind.list) :: (head, Trial.Kind.number) :: env, ⟨1 :: credits, cell⟩⟩
          pure (List.zipWith min empty.tail cell.tail)
        | Full.Expr.call name args =>
          match Full.signature fs name with
          | some f =>
            have __do_jp := fun __r =>
              List.foldlM (fun credits arg => Full.Demand.expression._unary fs ⟨env, ⟨credits, arg.val⟩⟩) credits
                args.attach;
            if (!f.demanded) = true then do
              let __r ← throw (toString "ordinary callee has no demand certificate: " ++ toString name)
              __do_jp __r
            else __do_jp ()
          | x => throw (toString "unknown function " ++ toString name)
'Full.Demand.expression._unary.eq_def' depends on axioms: [propext, Quot.sound]
Full.Demand.expression.eq_1 (fs : List Full.Function) (env : List (String × Full.Kind)) (credits : List Nat) (n : Int) :
  Full.Demand.expression fs env credits (Full.Expr.num n) = pure credits
'Full.Demand.expression.eq_1' depends on axioms: [propext, Quot.sound]
Full.Demand.expression.eq_2 (fs : List Full.Function) (env : List (String × Full.Kind)) (credits : List Nat)
  (b : Bool) : Full.Demand.expression fs env credits (Full.Expr.bool b) = pure credits
'Full.Demand.expression.eq_2' depends on axioms: [propext, Quot.sound]
Full.Demand.expression.eq_3 (fs : List Full.Function) (env : List (String × Full.Kind)) (credits : List Nat) :
  Full.Demand.expression fs env credits Full.Expr.nil = pure credits
'Full.Demand.expression.eq_3' depends on axioms: [propext, Quot.sound]
Full.Demand.expression.eq_4 (fs : List Full.Function) (env : List (String × Full.Kind)) (credits : List Nat)
  (x : String) : Full.Demand.expression fs env credits (Full.Expr.var x) = pure credits
'Full.Demand.expression.eq_4' depends on axioms: [propext, Quot.sound]
Full.Demand.expression.eq_5 (fs : List Full.Function) (env : List (String × Full.Kind)) (credits : List Nat)
  (op : Full.Op) (a b : Full.Expr) :
  Full.Demand.expression fs env credits (Full.Expr.bin op a b) = do
    let credits ← Full.Demand.expression fs env credits a
    let credits ← Full.Demand.expression fs env credits b
    if (op == Full.Op.cons) = true then Full.Demand.spend credits else pure credits
'Full.Demand.expression.eq_5' depends on axioms: [propext, Quot.sound]
Full.Demand.expression.eq_6 (fs : List Full.Function) (env : List (String × Full.Kind)) (credits : List Nat)
  (x : String) (a b : Full.Expr) :
  Full.Demand.expression fs env credits (Full.Expr.letE x a b) = do
    let kind ← Full.check fs env a
    Full.Demand.affine x kind b
    let credits ← Full.Demand.expression fs env credits a
    Full.Demand.expression fs ((x, kind) :: env) credits b
'Full.Demand.expression.eq_6' depends on axioms: [propext, Quot.sound]
Full.Demand.expression.eq_7 (fs : List Full.Function) (env : List (String × Full.Kind)) (credits : List Nat)
  (c t e_1 : Full.Expr) :
  Full.Demand.expression fs env credits (c.ifE t e_1) = do
    let credits ← Full.Demand.expression fs env credits c
    let yes ← Full.Demand.expression fs env credits t
    let no ← Full.Demand.expression fs env credits e_1
    pure (List.zipWith min yes no)
'Full.Demand.expression.eq_7' depends on axioms: [propext, Quot.sound]
Full.Demand.expression.eq_8 (fs : List Full.Function) (env : List (String × Full.Kind)) (credits : List Nat)
  (s n : Full.Expr) (h t : String) (c : Full.Expr) :
  Full.Demand.expression fs env credits (s.matchE n h t c) = do
    Full.Demand.affine t Trial.Kind.list c
    let credits ← Full.Demand.expression fs env credits s
    let empty ← Full.Demand.expression fs env (0 :: credits) n
    let cell ← Full.Demand.expression fs ((t, Trial.Kind.list) :: (h, Trial.Kind.number) :: env) (1 :: credits) c
    pure (List.zipWith min empty.tail cell.tail)
'Full.Demand.expression.eq_8' depends on axioms: [propext, Quot.sound]
Full.Demand.expression.eq_9 (fs : List Full.Function) (env : List (String × Full.Kind)) (credits : List Nat)
  (name : String) (args : List Full.Expr) :
  Full.Demand.expression fs env credits (Full.Expr.call name args) =
    match Full.signature fs name with
    | some f =>
      have __do_jp := fun __r =>
        List.foldlM (fun credits arg => Full.Demand.expression fs env credits arg.val) credits args.attach;
      if (!f.demanded) = true then do
        let __r ← throw (toString "ordinary callee has no demand certificate: " ++ toString name)
        __do_jp __r
      else __do_jp ()
    | x => throw (toString "unknown function " ++ toString name)
'Full.Demand.expression.eq_9' depends on axioms: [propext, Quot.sound]
Full.Demand.expression.eq_def (fs : List Full.Function) (env : List (String × Full.Kind)) (credits : List Nat)
  (x✝ : Full.Expr) :
  Full.Demand.expression fs env credits x✝ =
    match x✝ with
    | Full.Expr.num n => pure credits
    | Full.Expr.bool b => pure credits
    | Full.Expr.nil => pure credits
    | Full.Expr.var name => pure credits
    | Full.Expr.bin op left right => do
      let credits ← Full.Demand.expression fs env credits left
      let credits ← Full.Demand.expression fs env credits right
      if (op == Full.Op.cons) = true then Full.Demand.spend credits else pure credits
    | Full.Expr.letE name bound body => do
      let kind ← Full.check fs env bound
      Full.Demand.affine name kind body
      let credits ← Full.Demand.expression fs env credits bound
      Full.Demand.expression fs ((name, kind) :: env) credits body
    | cond.ifE yes no => do
      let credits ← Full.Demand.expression fs env credits cond
      let yes ← Full.Demand.expression fs env credits yes
      let no ← Full.Demand.expression fs env credits no
      pure (List.zipWith min yes no)
    | scrut.matchE empty head tail cell => do
      Full.Demand.affine tail Trial.Kind.list cell
      let credits ← Full.Demand.expression fs env credits scrut
      let empty ← Full.Demand.expression fs env (0 :: credits) empty
      let cell ←
        Full.Demand.expression fs ((tail, Trial.Kind.list) :: (head, Trial.Kind.number) :: env) (1 :: credits) cell
      pure (List.zipWith min empty.tail cell.tail)
    | Full.Expr.call name args =>
      match Full.signature fs name with
      | some f =>
        have __do_jp := fun __r =>
          List.foldlM (fun credits arg => Full.Demand.expression fs env credits arg.val) credits args.attach;
        if (!f.demanded) = true then do
          let __r ← throw (toString "ordinary callee has no demand certificate: " ++ toString name)
          __do_jp __r
        else __do_jp ()
      | x => throw (toString "unknown function " ++ toString name)
'Full.Demand.expression.eq_def' depends on axioms: [propext, Quot.sound]
Full.Demand.expression_length (e : Full.Expr) (fs : List Full.Function) (env : List (String × Full.Kind))
  (a b : List Nat) (h : Full.Demand.expression fs env a e = Except.ok b) : b.length = a.length
'Full.Demand.expression_length' depends on axioms: [propext, Quot.sound]
Full.Demand.expression_length._simp_1_11.{u_1} {α β : Type u_1} (x : Except String α) (f : α → Except String β)
  (b : β) : (x >>= f = Except.ok b) = ∃ a, x = Except.ok a ∧ f a = Except.ok b
'Full.Demand.expression_length._simp_1_11' depends on axioms: [propext, Quot.sound]
Full.Demand.expression_length._unary (fs : List Full.Function)
  (_x :
    (e : Full.Expr) ×'
      (env : List (String × Full.Kind)) ×'
        (a : List Nat) ×' (b : List Nat) ×' Full.Demand.expression fs env a e = Except.ok b) :
  _x.2.2.2.1.length = _x.2.2.1.length
'Full.Demand.expression_length._unary' depends on axioms: [propext, Quot.sound]
Full.Demand.fold_analyzed.{u_1} {α : Type u_1} {fs : List Full.Function} {static : List (String × Full.Kind)}
  {before after : List Nat} (xs : List α) (get : α → Full.Expr)
  (h : List.foldlM (fun credits x => Full.Demand.expression fs static credits (get x)) before xs = Except.ok after)
  (x : α) : x ∈ xs → Full.Demand.Analyzed fs static (get x)
'Full.Demand.fold_analyzed' depends on axioms: [propext, Quot.sound]
Full.Demand.fold_analyzed._simp_1_1.{u_1} {α β : Type u_1} (x : Except String α) (f : α → Except String β) (b : β) :
  (x >>= f = Except.ok b) = ∃ a, x = Except.ok a ∧ f a = Except.ok b
'Full.Demand.fold_analyzed._simp_1_1' depends on axioms: [propext, Quot.sound]
Full.Demand.fold_length.{u_1} {α : Type u_1} {a b : List Nat} (xs : List α)
  (f : List Nat → α → Except String (List Nat))
  (step : ∀ (x : α), x ∈ xs → ∀ (a b : List Nat), f a x = Except.ok b → b.length = a.length)
  (h : List.foldlM f a xs = Except.ok b) : b.length = a.length
'Full.Demand.fold_length' depends on axioms: [propext, Quot.sound]
Full.Demand.fold_length._simp_1_1.{u_1} {α β : Type u_1} (x : Except String α) (f : α → Except String β) (b : β) :
  (x >>= f = Except.ok b) = ∃ a, x = Except.ok a ∧ f a = Except.ok b
'Full.Demand.fold_length._simp_1_1' depends on axioms: [propext, Quot.sound]
Full.Demand.freeReserved_occurrences (id : Nat) (rs : List Full.Counted.Reservation) :
  Full.Demand.futureOccurrences id (List.map (fun r => Full.Counted.Task.freeReserved r.addr) rs) = 0
'Full.Demand.freeReserved_occurrences' depends on axioms: [propext, Quot.sound]
Full.Demand.fresh_future_zero {p : Full.Program} {initial : Trial.Start} {s : Full.Counted.State}
  {task : Full.Counted.Task} {rest : List Full.Counted.Task} {id : Nat} (hr : Full.Statements.Reachable p initial s)
  (ht : s.tasks = task :: rest) (hf : s.nextBinding ≤ id) : Full.Demand.futureOccurrences id rest = 0
'Full.Demand.fresh_future_zero' depends on axioms: [propext, Classical.choice, Quot.sound]
Full.Demand.futureOccurrences.eq_1 (id : Nat) (tasks : List Full.Counted.Task) :
  Full.Demand.futureOccurrences id tasks = (List.map (Full.Demand.taskOccurrences id) tasks).sum
'Full.Demand.futureOccurrences.eq_1' depends on axioms: [propext, Quot.sound]
Full.Demand.futureUses_zero (id : Nat) (tasks : List Full.Counted.Task) :
  tasks.any (Full.Counted.taskUses id) = false ↔ Full.Demand.futureOccurrences id tasks = 0
'Full.Demand.futureUses_zero' depends on axioms: [propext, Classical.choice, Quot.sound]
Full.Demand.futureUses_zero._simp_1_2.{u_1} {α : Type u_1} {p : α → Bool} {l : List α} :
  (l.any p = false) = ∀ (x : α), x ∈ l → ¬p x = true
'Full.Demand.futureUses_zero._simp_1_2' depends on axioms: [propext, Quot.sound]
Full.Demand.futureUses_zero._simp_1_3.{u_1} {α : Type u_1} (xs : List α) (f : α → Nat) :
  ((List.map f xs).sum = 0) = ∀ (x : α), x ∈ xs → f x = 0
'Full.Demand.futureUses_zero._simp_1_3' depends on axioms: [propext, Quot.sound]
Full.Demand.futureUses_zero._simp_1_4 (id : Nat) (task : Full.Counted.Task) :
  (Full.Counted.taskUses id task = false) = (Full.Demand.taskOccurrences id task = 0)
'Full.Demand.futureUses_zero._simp_1_4' depends on axioms: [propext, Classical.choice, Quot.sound]
Full.Demand.future_append (id : Nat) (a b : List Full.Counted.Task) :
  Full.Demand.futureOccurrences id (a ++ b) = Full.Demand.futureOccurrences id a + Full.Demand.futureOccurrences id b
'Full.Demand.future_append' depends on axioms: [propext, Quot.sound]
Full.Demand.future_cons (id : Nat) (t : Full.Counted.Task) (ts : List Full.Counted.Task) :
  Full.Demand.futureOccurrences id (t :: ts) = Full.Demand.taskOccurrences id t + Full.Demand.futureOccurrences id ts
'Full.Demand.future_cons' depends on axioms: [propext, Quot.sound]
Full.Demand.future_dead (id : Nat) (bs : List Full.Counted.Binding) (env : Full.Counted.Env)
  (ts : List Full.Counted.Task) : Full.Demand.futureOccurrences id (Full.Counted.dead bs env ts) = 0
'Full.Demand.future_dead' depends on axioms: [propext, Classical.choice, Quot.sound]
Full.Demand.future_nil (id : Nat) : Full.Demand.futureOccurrences id [] = 0
'Full.Demand.future_nil' depends on axioms: [propext, Quot.sound]
Full.Demand.hide_lookup (a b : Trial.FEnv) (i j : Nat) (name : String)
  (h : ∀ (x : String), (Trial.lookupF a x == some (some i)) = (Trial.lookupF b x == some (some j))) (x : String) :
  (Trial.lookupF ((name, none) :: a) x == some (some i)) = (Trial.lookupF ((name, none) :: b) x == some (some j))
'Full.Demand.hide_lookup' depends on axioms: [propext]
Full.Demand.hide_lookup_imp (a b : Trial.FEnv) (i j : Nat) (name : String)
  (h : ∀ (x : String), Trial.lookupF a x = some (some i) → Trial.lookupF b x = some (some j)) (x : String) :
  Trial.lookupF ((name, none) :: a) x = some (some i) → Trial.lookupF ((name, none) :: b) x = some (some j)
'Full.Demand.hide_lookup_imp' depends on axioms: [propext]
Full.Demand.join_lower (a b : List Nat) (hl : a.length = b.length) :
  Full.Demand.Lower (List.zipWith min a b) a ∧ Full.Demand.Lower (List.zipWith min a b) b
'Full.Demand.join_lower' depends on axioms: [propext, Classical.choice, Quot.sound]
Full.Demand.last_use (env : Trial.Env) (id : Nat) (name : String) (ctx : Full.Counted.Context)
  (rest : List Full.Counted.Task) (he : ctx.env = env) (hx : Trial.lookupF (Trial.toFEnv env) name = some (some id))
  (hb : Full.Demand.futureOccurrences id (Full.Counted.Task.eval (Full.Expr.var name) ctx :: rest) ≤ 1) :
  rest.any (Full.Counted.taskUses id) = false
'Full.Demand.last_use' depends on axioms: [propext, Classical.choice, Quot.sound]
Full.Demand.last_use._proof_1_19 (id : Nat) (rest : List Full.Counted.Task)
  (hb : 1 + (List.map (Full.Demand.taskOccurrences id) rest).sum ≤ 1) :
  ¬(List.map (Full.Demand.taskOccurrences id) rest).sum = 0 → False
'Full.Demand.last_use._proof_1_19' depends on axioms: [propext, Quot.sound]
Full.Demand.occurrences._unary._proof_1 (env : Trial.FEnv) (op✝ : Full.Op) (a b : Full.Expr) :
  InvImage (fun x1 x2 => x1 < x2) (fun x => PSigma.casesOn x fun e env => sizeOf e) ⟨a, env⟩
    ⟨Full.Expr.bin op✝ a b, env⟩
'Full.Demand.occurrences._unary._proof_1' depends on axioms: [propext, Quot.sound]
Full.Demand.occurrences._unary._proof_10 (env : Trial.FEnv) (s n : Full.Expr) (h t : String) (c : Full.Expr) :
  InvImage (fun x1 x2 => x1 < x2) (fun x => PSigma.casesOn x fun e env => sizeOf e) ⟨c, (t, none) :: (h, none) :: env⟩
    ⟨s.matchE n h t c, env⟩
'Full.Demand.occurrences._unary._proof_10' depends on axioms: [propext, Quot.sound]
Full.Demand.occurrences._unary._proof_11 (env : Trial.FEnv) (name✝ : String) (args : List Full.Expr)
  (a : { x // x ∈ args }) :
  InvImage (fun x1 x2 => x1 < x2) (fun x => PSigma.casesOn x fun e env => sizeOf e) ⟨a.val, env⟩
    ⟨Full.Expr.call name✝ args, env⟩
'Full.Demand.occurrences._unary._proof_11' depends on axioms: [propext, Quot.sound]
Full.Demand.occurrences._unary._proof_2 (env : Trial.FEnv) (op✝ : Full.Op) (a b : Full.Expr) :
  InvImage (fun x1 x2 => x1 < x2) (fun x => PSigma.casesOn x fun e env => sizeOf e) ⟨b, env⟩
    ⟨Full.Expr.bin op✝ a b, env⟩
'Full.Demand.occurrences._unary._proof_2' depends on axioms: [propext, Quot.sound]
Full.Demand.occurrences._unary._proof_3 (env : Trial.FEnv) (x : String) (a b : Full.Expr) :
  InvImage (fun x1 x2 => x1 < x2) (fun x => PSigma.casesOn x fun e env => sizeOf e) ⟨a, env⟩ ⟨Full.Expr.letE x a b, env⟩
'Full.Demand.occurrences._unary._proof_3' depends on axioms: [propext, Quot.sound]
Full.Demand.occurrences._unary._proof_4 (env : Trial.FEnv) (x : String) (a b : Full.Expr) :
  InvImage (fun x1 x2 => x1 < x2) (fun x => PSigma.casesOn x fun e env => sizeOf e) ⟨b, (x, none) :: env⟩
    ⟨Full.Expr.letE x a b, env⟩
'Full.Demand.occurrences._unary._proof_4' depends on axioms: [propext, Quot.sound]
Full.Demand.occurrences._unary._proof_5 (env : Trial.FEnv) (c t e : Full.Expr) :
  InvImage (fun x1 x2 => x1 < x2) (fun x => PSigma.casesOn x fun e env => sizeOf e) ⟨c, env⟩ ⟨c.ifE t e, env⟩
'Full.Demand.occurrences._unary._proof_5' depends on axioms: [propext, Quot.sound]
Full.Demand.occurrences._unary._proof_6 (env : Trial.FEnv) (c t e : Full.Expr) :
  InvImage (fun x1 x2 => x1 < x2) (fun x => PSigma.casesOn x fun e env => sizeOf e) ⟨t, env⟩ ⟨c.ifE t e, env⟩
'Full.Demand.occurrences._unary._proof_6' depends on axioms: [propext, Quot.sound]
Full.Demand.occurrences._unary._proof_7 (env : Trial.FEnv) (c t e : Full.Expr) :
  InvImage (fun x1 x2 => x1 < x2) (fun x => PSigma.casesOn x fun e env => sizeOf e) ⟨e, env⟩ ⟨c.ifE t e, env⟩
'Full.Demand.occurrences._unary._proof_7' depends on axioms: [propext, Quot.sound]
Full.Demand.occurrences._unary._proof_8 (env : Trial.FEnv) (s n : Full.Expr) (h t : String) (c : Full.Expr) :
  InvImage (fun x1 x2 => x1 < x2) (fun x => PSigma.casesOn x fun e env => sizeOf e) ⟨s, env⟩ ⟨s.matchE n h t c, env⟩
'Full.Demand.occurrences._unary._proof_8' depends on axioms: [propext, Quot.sound]
Full.Demand.occurrences._unary._proof_9 (env : Trial.FEnv) (s n : Full.Expr) (h t : String) (c : Full.Expr) :
  InvImage (fun x1 x2 => x1 < x2) (fun x => PSigma.casesOn x fun e env => sizeOf e) ⟨n, env⟩ ⟨s.matchE n h t c, env⟩
'Full.Demand.occurrences._unary._proof_9' depends on axioms: [propext, Quot.sound]
Full.Demand.occurrences._unary.eq_def (id : Nat) (_x : (_ : Full.Expr) ×' Trial.FEnv) :
  Full.Demand.occurrences._unary id _x =
    PSigma.casesOn _x fun e env =>
      match e with
      | Full.Expr.num n => 0
      | Full.Expr.bool b => 0
      | Full.Expr.nil => 0
      | Full.Expr.var x => if (Trial.lookupF env x == some (some id)) = true then 1 else 0
      | Full.Expr.bin op a b => Full.Demand.occurrences._unary id ⟨a, env⟩ + Full.Demand.occurrences._unary id ⟨b, env⟩
      | Full.Expr.letE x a b =>
        Full.Demand.occurrences._unary id ⟨a, env⟩ + Full.Demand.occurrences._unary id ⟨b, (x, none) :: env⟩
      | c.ifE t e =>
        Full.Demand.occurrences._unary id ⟨c, env⟩ +
          max (Full.Demand.occurrences._unary id ⟨t, env⟩) (Full.Demand.occurrences._unary id ⟨e, env⟩)
      | s.matchE n h t c =>
        Full.Demand.occurrences._unary id ⟨s, env⟩ +
          max (Full.Demand.occurrences._unary id ⟨n, env⟩)
            (Full.Demand.occurrences._unary id ⟨c, (t, none) :: (h, none) :: env⟩)
      | Full.Expr.call name args => (List.map (fun a => Full.Demand.occurrences._unary id ⟨a.val, env⟩) args.attach).sum
'Full.Demand.occurrences._unary.eq_def' depends on axioms: [propext, Quot.sound]
Full.Demand.occurrences.eq_1 (env : Trial.FEnv) (id : Nat) (n : Int) :
  Full.Demand.occurrences (Full.Expr.num n) env id = 0
'Full.Demand.occurrences.eq_1' depends on axioms: [propext, Quot.sound]
Full.Demand.occurrences.eq_2 (env : Trial.FEnv) (id : Nat) (b : Bool) :
  Full.Demand.occurrences (Full.Expr.bool b) env id = 0
'Full.Demand.occurrences.eq_2' depends on axioms: [propext, Quot.sound]
Full.Demand.occurrences.eq_3 (env : Trial.FEnv) (id : Nat) : Full.Demand.occurrences Full.Expr.nil env id = 0
'Full.Demand.occurrences.eq_3' depends on axioms: [propext, Quot.sound]
Full.Demand.occurrences.eq_4 (env : Trial.FEnv) (id : Nat) (x : String) :
  Full.Demand.occurrences (Full.Expr.var x) env id = if (Trial.lookupF env x == some (some id)) = true then 1 else 0
'Full.Demand.occurrences.eq_4' depends on axioms: [propext, Quot.sound]
Full.Demand.occurrences.eq_5 (env : Trial.FEnv) (id : Nat) (op : Full.Op) (a b : Full.Expr) :
  Full.Demand.occurrences (Full.Expr.bin op a b) env id =
    Full.Demand.occurrences a env id + Full.Demand.occurrences b env id
'Full.Demand.occurrences.eq_5' depends on axioms: [propext, Quot.sound]
Full.Demand.occurrences.eq_6 (env : Trial.FEnv) (id : Nat) (x : String) (a b : Full.Expr) :
  Full.Demand.occurrences (Full.Expr.letE x a b) env id =
    Full.Demand.occurrences a env id + Full.Demand.occurrences b ((x, none) :: env) id
'Full.Demand.occurrences.eq_6' depends on axioms: [propext, Quot.sound]
Full.Demand.occurrences.eq_7 (env : Trial.FEnv) (id : Nat) (c t e_2 : Full.Expr) :
  Full.Demand.occurrences (c.ifE t e_2) env id =
    Full.Demand.occurrences c env id + max (Full.Demand.occurrences t env id) (Full.Demand.occurrences e_2 env id)
'Full.Demand.occurrences.eq_7' depends on axioms: [propext, Quot.sound]
Full.Demand.occurrences.eq_8 (env : Trial.FEnv) (id : Nat) (s n : Full.Expr) (h t : String) (c : Full.Expr) :
  Full.Demand.occurrences (s.matchE n h t c) env id =
    Full.Demand.occurrences s env id +
      max (Full.Demand.occurrences n env id) (Full.Demand.occurrences c ((t, none) :: (h, none) :: env) id)
'Full.Demand.occurrences.eq_8' depends on axioms: [propext, Quot.sound]
Full.Demand.occurrences.eq_9 (env : Trial.FEnv) (id : Nat) (name : String) (args : List Full.Expr) :
  Full.Demand.occurrences (Full.Expr.call name args) env id =
    (List.map (fun a => Full.Demand.occurrences a.val env id) args.attach).sum
'Full.Demand.occurrences.eq_9' depends on axioms: [propext, Quot.sound]
Full.Demand.occurrences.eq_def (e : Full.Expr) (env : Trial.FEnv) (id : Nat) :
  Full.Demand.occurrences e env id =
    match e with
    | Full.Expr.num n => 0
    | Full.Expr.bool b => 0
    | Full.Expr.nil => 0
    | Full.Expr.var x => if (Trial.lookupF env x == some (some id)) = true then 1 else 0
    | Full.Expr.bin op a b => Full.Demand.occurrences a env id + Full.Demand.occurrences b env id
    | Full.Expr.letE x a b => Full.Demand.occurrences a env id + Full.Demand.occurrences b ((x, none) :: env) id
    | c.ifE t e =>
      Full.Demand.occurrences c env id + max (Full.Demand.occurrences t env id) (Full.Demand.occurrences e env id)
    | s.matchE n h t c =>
      Full.Demand.occurrences s env id +
        max (Full.Demand.occurrences n env id) (Full.Demand.occurrences c ((t, none) :: (h, none) :: env) id)
    | Full.Expr.call name args => (List.map (fun a => Full.Demand.occurrences a.val env id) args.attach).sum
'Full.Demand.occurrences.eq_def' depends on axioms: [propext, Quot.sound]
Full.Demand.occurrences_ext (e : Full.Expr) (a b : Trial.FEnv) (i j : Nat)
  (h : ∀ (x : String), (Trial.lookupF a x == some (some i)) = (Trial.lookupF b x == some (some j))) :
  Full.Demand.occurrences e a i = Full.Demand.occurrences e b j
'Full.Demand.occurrences_ext' depends on axioms: [propext, Quot.sound]
Full.Demand.occurrences_ext._unary (i j : Nat)
  (_x :
    (_ : Full.Expr) ×'
      (a : Trial.FEnv) ×'
        (b : Trial.FEnv) ×'
          ∀ (x : String), (Trial.lookupF a x == some (some i)) = (Trial.lookupF b x == some (some j))) :
  Full.Demand.occurrences _x.1 _x.2.1 i = Full.Demand.occurrences _x.1 _x.2.2.1 j
'Full.Demand.occurrences_ext._unary' depends on axioms: [propext, Quot.sound]
Full.Demand.occurrences_fresh_pair (e : Full.Expr) (env : Trial.FEnv) (head tail : String) (hid tid id : Nat)
  (hh : hid ≠ id) (ht : tid ≠ id) :
  Full.Demand.occurrences e ((tail, some tid) :: (head, some hid) :: env) id =
    Full.Demand.occurrences e ((tail, none) :: (head, none) :: env) id
'Full.Demand.occurrences_fresh_pair' depends on axioms: [propext, Quot.sound]
Full.Demand.occurrences_fresh_shadow (e : Full.Expr) (env : Trial.FEnv) (name : String) (fresh id : Nat)
  (hne : fresh ≠ id) :
  Full.Demand.occurrences e ((name, some fresh) :: env) id = Full.Demand.occurrences e ((name, none) :: env) id
'Full.Demand.occurrences_fresh_shadow' depends on axioms: [propext, Quot.sound]
Full.Demand.occurrences_le (e : Full.Expr) (a b : Trial.FEnv) (i j : Nat)
  (h : ∀ (x : String), Trial.lookupF a x = some (some i) → Trial.lookupF b x = some (some j)) :
  Full.Demand.occurrences e a i ≤ Full.Demand.occurrences e b j
'Full.Demand.occurrences_le' depends on axioms: [propext, Classical.choice, Quot.sound]
Full.Demand.occurrences_le._proof_1_1 (b : Trial.FEnv) (j : Nat) (x : String) :
  (¬0 ≤ if (Trial.lookupF b x == some (some j)) = true then 1 else 0) → False
'Full.Demand.occurrences_le._proof_1_1' depends on axioms: [propext, Quot.sound]
Full.Demand.occurrences_le._proof_1_2 (a b : Trial.FEnv) (i j : Nat) (l r : Full.Expr)
  (hl : Full.Demand.occurrences l a i ≤ Full.Demand.occurrences l b j)
  (hr : Full.Demand.occurrences r a i ≤ Full.Demand.occurrences r b j) :
  ¬Full.Demand.occurrences l a i + Full.Demand.occurrences r a i ≤
        Full.Demand.occurrences l b j + Full.Demand.occurrences r b j →
    False
'Full.Demand.occurrences_le._proof_1_2' depends on axioms: [propext, Quot.sound]
Full.Demand.occurrences_le._proof_1_3 (a b : Trial.FEnv) (i j : Nat) (x : String) (l r : Full.Expr)
  (hl : Full.Demand.occurrences l a i ≤ Full.Demand.occurrences l b j)
  (hr : Full.Demand.occurrences r ((x, none) :: a) i ≤ Full.Demand.occurrences r ((x, none) :: b) j) :
  ¬Full.Demand.occurrences l a i + Full.Demand.occurrences r ((x, none) :: a) i ≤
        Full.Demand.occurrences l b j + Full.Demand.occurrences r ((x, none) :: b) j →
    False
'Full.Demand.occurrences_le._proof_1_3' depends on axioms: [propext, Quot.sound]
Full.Demand.occurrences_le._proof_1_4 (a b : Trial.FEnv) (i j : Nat) (c t e : Full.Expr)
  (hc : Full.Demand.occurrences c a i ≤ Full.Demand.occurrences c b j)
  (ht : Full.Demand.occurrences t a i ≤ Full.Demand.occurrences t b j)
  (he : Full.Demand.occurrences e a i ≤ Full.Demand.occurrences e b j) :
  ¬Full.Demand.occurrences c a i + max (Full.Demand.occurrences t a i) (Full.Demand.occurrences e a i) ≤
        Full.Demand.occurrences c b j + max (Full.Demand.occurrences t b j) (Full.Demand.occurrences e b j) →
    False
'Full.Demand.occurrences_le._proof_1_4' depends on axioms: [propext, Quot.sound]
Full.Demand.occurrences_le._proof_1_5 (a b : Trial.FEnv) (i j : Nat) (s n : Full.Expr) (head tail : String)
  (c : Full.Expr) (hs : Full.Demand.occurrences s a i ≤ Full.Demand.occurrences s b j)
  (hn : Full.Demand.occurrences n a i ≤ Full.Demand.occurrences n b j)
  (hc :
    Full.Demand.occurrences c ((tail, none) :: (head, none) :: a) i ≤
      Full.Demand.occurrences c ((tail, none) :: (head, none) :: b) j) :
  ¬Full.Demand.occurrences s a i +
          max (Full.Demand.occurrences n a i) (Full.Demand.occurrences c ((tail, none) :: (head, none) :: a) i) ≤
        Full.Demand.occurrences s b j +
          max (Full.Demand.occurrences n b j) (Full.Demand.occurrences c ((tail, none) :: (head, none) :: b) j) →
    False
'Full.Demand.occurrences_le._proof_1_5' depends on axioms: [propext, Quot.sound]
Full.Demand.occurrences_le._unary (i j : Nat)
  (_x :
    (_ : Full.Expr) ×'
      (a : Trial.FEnv) ×'
        (b : Trial.FEnv) ×' ∀ (x : String), Trial.lookupF a x = some (some i) → Trial.lookupF b x = some (some j)) :
  Full.Demand.occurrences _x.1 _x.2.1 i ≤ Full.Demand.occurrences _x.1 _x.2.2.1 j
'Full.Demand.occurrences_le._unary' depends on axioms: [propext, Classical.choice, Quot.sound]
Full.Demand.occurrences_member_bound (e : Full.Expr) (env : Full.Counted.Env) (name : String) (id : Nat)
  (hu : (List.map Prod.snd env).Nodup) (hm : (name, id) ∈ env) :
  Full.Demand.occurrences e (Trial.toFEnv env) id ≤ Full.Demand.occurrences e [(name, some 0)] 0
'Full.Demand.occurrences_member_bound' depends on axioms: [propext, Classical.choice, Quot.sound]
Full.Demand.parameter_body_bound {b : Full.Counted.Binding} (pairs : List ((String × Full.Kind) × Full.Counted.Slot))
  (next invocation : Nat) (name : String) (body : Full.Expr)
  (hk :
    ∀ (pair : (String × Full.Kind) × Full.Counted.Slot), pair ∈ pairs → Trial.RawValue.kind pair.snd.raw = pair.fst.snd)
  (ha :
    ∀ (pair : (String × Full.Kind) × Full.Counted.Slot),
      pair ∈ pairs → Full.Demand.affine pair.fst.fst pair.fst.snd body = Except.ok ())
  (hm :
    b ∈
      List.map
        (fun x =>
          match x with
          | (((x, snd), v), i) =>
            Full.Counted.makeBinding (next + i) x v invocation (toString name ++ toString "/parameter/" ++ toString x))
        pairs.zipIdx)
  (hl : b.record.value.kind = Trial.Kind.list) :
  Full.Demand.occurrences body
      (Trial.toFEnv
        (List.map (fun b => (b.record.name, b.record.id))
          (List.map
              (fun x =>
                match x with
                | (((x, snd), v), i) =>
                  Full.Counted.makeBinding (next + i) x v invocation
                    (toString name ++ toString "/parameter/" ++ toString x))
              pairs.zipIdx).reverse))
      b.record.id ≤
    1
'Full.Demand.parameter_body_bound' depends on axioms: [propext, Classical.choice, Quot.sound]
Full.Demand.parameter_occurrences {id : Nat} (pairs : List ((String × Full.Kind) × Full.Counted.Slot))
  (next invocation : Nat) (name : String) (e : Full.Expr) (hb : id < next) :
  Full.Demand.occurrences e
      (Trial.toFEnv
        (List.map (fun b => (b.record.name, b.record.id))
          (List.map
              (fun x =>
                match x with
                | (((x, snd), v), i) =>
                  Full.Counted.makeBinding (next + i) x v invocation
                    (toString name ++ toString "/parameter/" ++ toString x))
              pairs.zipIdx).reverse))
      id =
    0
'Full.Demand.parameter_occurrences' depends on axioms: [propext, Classical.choice, Quot.sound]
Full.Demand.spend.eq_1 : Full.Demand.spend [] = Except.error "Cons has no eligible reservation in this invocation"
'Full.Demand.spend.eq_1' does not depend on any axioms
Full.Demand.spend.eq_2 (rest : List Nat) :
  Full.Demand.spend (0 :: rest) = do
    let __do_lift ← Full.Demand.spend rest
    pure (0 :: __do_lift)
'Full.Demand.spend.eq_2' does not depend on any axioms
Full.Demand.spend.eq_3 (n : Nat) (rest : List Nat) : Full.Demand.spend (n.succ :: rest) = Except.ok (n :: rest)
'Full.Demand.spend.eq_3' does not depend on any axioms
Full.Demand.spend.eq_def (x✝ : List Nat) :
  Full.Demand.spend x✝ =
    match x✝ with
    | [] => Except.error "Cons has no eligible reservation in this invocation"
    | 0 :: rest => do
      let __do_lift ← Full.Demand.spend rest
      pure (0 :: __do_lift)
    | n.succ :: rest => Except.ok (n :: rest)
'Full.Demand.spend.eq_def' does not depend on any axioms
Full.Demand.spend_length (xs ys : List Nat) (h : Full.Demand.spend xs = Except.ok ys) : ys.length = xs.length
'Full.Demand.spend_length' depends on axioms: [propext, Quot.sound]
Full.Demand.spend_length._simp_1_5.{u_1} {α β : Type u_1} (x : Except String α) (f : α → Except String β) (b : β) :
  (x >>= f = Except.ok b) = ∃ a, x = Except.ok a ∧ f a = Except.ok b
'Full.Demand.spend_length._simp_1_5' depends on axioms: [propext, Quot.sound]
Full.Demand.spend_lower {a b : List Nat} (h : Full.Demand.spend a = Except.ok b) : Full.Demand.Lower b a
'Full.Demand.spend_lower' depends on axioms: [propext, Quot.sound]
Full.Demand.spend_lower._proof_1_6 (n : Nat) : ¬n ≤ n + 1 → False
'Full.Demand.spend_lower._proof_1_6' depends on axioms: [propext, Quot.sound]
Full.Demand.spend_lower._simp_1_5.{u_1} {α β : Type u_1} (x : Except String α) (f : α → Except String β) (b : β) :
  (x >>= f = Except.ok b) = ∃ a, x = Except.ok a ∧ f a = Except.ok b
'Full.Demand.spend_lower._simp_1_5' depends on axioms: [propext, Quot.sound]
Full.Demand.spend_monotone {a b a' : List Nat} (hl : Full.Demand.Lower a b) (ha : Full.Demand.spend a = Except.ok a') :
  ∃ b', Full.Demand.spend b = Except.ok b' ∧ Full.Demand.Lower a' b'
'Full.Demand.spend_monotone' depends on axioms: [propext, Classical.choice, Quot.sound]
Full.Demand.spend_monotone._proof_1_6 (n : Nat) (hxy : n + 1 ≤ 0) : False
'Full.Demand.spend_monotone._proof_1_6' depends on axioms: [propext, Quot.sound]
Full.Demand.spend_monotone._proof_1_7 (n m : Nat) (hxy : n + 1 ≤ m + 1) : ¬n ≤ m → False
'Full.Demand.spend_monotone._proof_1_7' depends on axioms: [propext, Quot.sound]
Full.Demand.spend_monotone._simp_1_5.{u_1} {α β : Type u_1} (x : Except String α) (f : α → Except String β) (b : β) :
  (x >>= f = Except.ok b) = ∃ a, x = Except.ok a ∧ f a = Except.ok b
'Full.Demand.spend_monotone._simp_1_5' depends on axioms: [propext, Quot.sound]
Full.Demand.sum_map_le.{u_1} {α : Type u_1} (xs : List α) (f g : α → Nat) (h : ∀ (x : α), x ∈ xs → f x ≤ g x) :
  (List.map f xs).sum ≤ (List.map g xs).sum
'Full.Demand.sum_map_le' depends on axioms: [propext, Quot.sound]
Full.Demand.sum_map_zero.{u_1} {α : Type u_1} (xs : List α) (f : α → Nat) :
  (List.map f xs).sum = 0 ↔ ∀ (x : α), x ∈ xs → f x = 0
'Full.Demand.sum_map_zero' depends on axioms: [propext, Quot.sound]
Full.Demand.taskOccurrences._sparseCasesOn_1.else_eq.{u} {motive : Full.Counted.Task → Sort u} (t : Full.Counted.Task)
  (eval : (e : Full.Expr) → (ctx : Full.Counted.Context) → motive (Full.Counted.Task.eval e ctx))
  (bind :
    (name : String) → (body : Full.Expr) → (ctx : Full.Counted.Context) → motive (Full.Counted.Task.bind name body ctx))
  (chooseIf : (yes no : Full.Expr) → (ctx : Full.Counted.Context) → motive (Full.Counted.Task.chooseIf yes no ctx))
  (chooseMatch :
    (empty : Full.Expr) →
      (head tail : String) →
        (cell : Full.Expr) →
          (ctx : Full.Counted.Context) → motive (Full.Counted.Task.chooseMatch empty head tail cell ctx))
  (decompose :
    (head tail : String) →
      (body : Full.Expr) →
        (bid : Nat) → (ctx : Full.Counted.Context) → motive (Full.Counted.Task.decompose head tail body bid ctx))
  (else✝ : Nat.hasNotBit 242 t.ctorIdx → motive t) (h : Nat.hasNotBit 242 t.ctorIdx) :
  Full.Demand.taskOccurrences._sparseCasesOn_1 t eval bind chooseIf chooseMatch decompose else✝ = else✝ h
'Full.Demand.taskOccurrences._sparseCasesOn_1.else_eq' depends on axioms: [propext]
Full.Demand.taskOccurrences.eq_1 (id : Nat) (e : Full.Expr) (ctx : Full.Counted.Context) :
  Full.Demand.taskOccurrences id (Full.Counted.Task.eval e ctx) = Full.Demand.occurrences e (Trial.toFEnv ctx.env) id
'Full.Demand.taskOccurrences.eq_1' depends on axioms: [propext, Quot.sound]
Full.Demand.taskOccurrences.eq_2 (id : Nat) (x_1 : String) (body : Full.Expr) (ctx : Full.Counted.Context) :
  Full.Demand.taskOccurrences id (Full.Counted.Task.bind x_1 body ctx) =
    Full.Demand.occurrences body ((x_1, none) :: Trial.toFEnv ctx.env) id
'Full.Demand.taskOccurrences.eq_2' depends on axioms: [propext, Quot.sound]
Full.Demand.taskOccurrences.eq_3 (id : Nat) (t e : Full.Expr) (ctx : Full.Counted.Context) :
  Full.Demand.taskOccurrences id (Full.Counted.Task.chooseIf t e ctx) =
    max (Full.Demand.occurrences t (Trial.toFEnv ctx.env) id) (Full.Demand.occurrences e (Trial.toFEnv ctx.env) id)
'Full.Demand.taskOccurrences.eq_3' depends on axioms: [propext, Quot.sound]
Full.Demand.taskOccurrences.eq_4 (id : Nat) (n : Full.Expr) (h t : String) (c : Full.Expr)
  (ctx : Full.Counted.Context) :
  Full.Demand.taskOccurrences id (Full.Counted.Task.chooseMatch n h t c ctx) =
    max (Full.Demand.occurrences n (Trial.toFEnv ctx.env) id)
      (Full.Demand.occurrences c ((t, none) :: (h, none) :: Trial.toFEnv ctx.env) id)
'Full.Demand.taskOccurrences.eq_4' depends on axioms: [propext, Quot.sound]
Full.Demand.taskOccurrences.eq_5 (id : Nat) (h t : String) (c : Full.Expr) (bid : Nat) (ctx : Full.Counted.Context) :
  Full.Demand.taskOccurrences id (Full.Counted.Task.decompose h t c bid ctx) =
    Full.Demand.occurrences c ((t, none) :: (h, none) :: Trial.toFEnv ctx.env) id
'Full.Demand.taskOccurrences.eq_5' depends on axioms: [propext, Quot.sound]
Full.Demand.taskOccurrences.eq_6 (id : Nat) (x✝ : Full.Counted.Task)
  (x_2 : ∀ (e : Full.Expr) (ctx : Full.Counted.Context), x✝ = Full.Counted.Task.eval e ctx → False)
  (x_3 : ∀ (x : String) (body : Full.Expr) (ctx : Full.Counted.Context), x✝ = Full.Counted.Task.bind x body ctx → False)
  (x_4 : ∀ (t e : Full.Expr) (ctx : Full.Counted.Context), x✝ = Full.Counted.Task.chooseIf t e ctx → False)
  (x_5 :
    ∀ (n : Full.Expr) (h t : String) (c : Full.Expr) (ctx : Full.Counted.Context),
      x✝ = Full.Counted.Task.chooseMatch n h t c ctx → False)
  (x_6 :
    ∀ (h t : String) (c : Full.Expr) (bid : Nat) (ctx : Full.Counted.Context),
      x✝ = Full.Counted.Task.decompose h t c bid ctx → False) :
  Full.Demand.taskOccurrences id x✝ = 0
'Full.Demand.taskOccurrences.eq_6' depends on axioms: [propext, Quot.sound]
Full.Demand.taskUses_zero (id : Nat) (task : Full.Counted.Task) :
  Full.Counted.taskUses id task = false ↔ Full.Demand.taskOccurrences id task = 0
'Full.Demand.taskUses_zero' depends on axioms: [propext, Classical.choice, Quot.sound]
Full.Demand.taskUses_zero._simp_1_15 {x y : Bool} : ((x || y) = false) = (x = false ∧ y = false)
'Full.Demand.taskUses_zero._simp_1_15' depends on axioms: [propext]
Full.Demand.taskUses_zero._simp_1_16 (e : Full.Expr) (env : Trial.FEnv) (id : Nat) :
  (Full.uses e env id = false) = (Full.Demand.occurrences e env id = 0)
'Full.Demand.taskUses_zero._simp_1_16' depends on axioms: [propext, Classical.choice, Quot.sound]
Full.Demand.transition_bind_new_bound {p : Full.Program} {initial : Trial.Start} {s : Full.Counted.State}
  {c : Full.Counted.Change} {rest : List Full.Counted.Task} {name : String} {body : Full.Expr}
  {ctx : Full.Counted.Context} (hr : Full.Statements.Reachable p initial s)
  (ht : Full.Counted.transition p s = Except.ok c) (hs : s.tasks = Full.Counted.Task.bind name body ctx :: rest)
  (ha : Full.Demand.affine name Trial.Kind.list body = Except.ok ()) :
  Full.Demand.futureOccurrences s.nextBinding c.state.tasks ≤ 1
'Full.Demand.transition_bind_new_bound' depends on axioms: [propext, Classical.choice, Quot.sound]
Full.Demand.transition_bind_new_bound._proof_1_3 {s : Full.Counted.State} {rest : List Full.Counted.Task}
  {name : String} {body : Full.Expr} {ctx : Full.Counted.Context}
  (hrest : Full.Demand.futureOccurrences s.nextBinding rest = 0)
  (hbound : Full.Demand.occurrences body [(name, some 0)] 0 ≤ 1)
  (hb :
    Full.Demand.occurrences body ((name, some s.nextBinding) :: List.map (fun p => (p.fst, some p.snd)) ctx.env)
        s.nextBinding ≤
      Full.Demand.occurrences body [(name, some 0)] 0) :
  ¬0 +
          (Full.Demand.occurrences body ((name, some s.nextBinding) :: List.map (fun p => (p.fst, some p.snd)) ctx.env)
                s.nextBinding +
              (0 + 0) +
            Full.Demand.futureOccurrences s.nextBinding rest) ≤
        1 →
    False
'Full.Demand.transition_bind_new_bound._proof_1_3' depends on axioms: [propext, Quot.sound]
Full.Demand.transition_old_occurrences {p : Full.Program} {s : Full.Counted.State} {c : Full.Counted.Change} {id : Nat}
  (hb : id < s.nextBinding) (ht : Full.Counted.transition p s = Except.ok c) :
  Full.Demand.futureOccurrences id c.state.tasks ≤ Full.Demand.futureOccurrences id s.tasks
'Full.Demand.transition_old_occurrences' depends on axioms: [propext, Classical.choice, Quot.sound]
Full.Demand.transition_old_occurrences._proof_1_1 {s : Full.Counted.State} {id : Nat} (hb : id < s.nextBinding) :
  s.nextBinding = id → False
'Full.Demand.transition_old_occurrences._proof_1_1' depends on axioms: [propext, Quot.sound]
Full.Demand.transition_old_occurrences._proof_1_2 {s : Full.Counted.State} {id : Nat} (hb : id < s.nextBinding) :
  s.nextBinding + 1 = id → False
'Full.Demand.transition_old_occurrences._proof_1_2' depends on axioms: [propext, Quot.sound]
Full.Demand.transition_old_occurrences._proof_1_21 {s : Full.Counted.State} {id : Nat} (rest : List Full.Counted.Task) :
  ¬Full.Demand.futureOccurrences id rest ≤ Full.Demand.futureOccurrences id rest → False
'Full.Demand.transition_old_occurrences._proof_1_21' depends on axioms: [propext, Quot.sound]
Full.Demand.transition_old_occurrences._proof_1_22 {s : Full.Counted.State} {id : Nat} (rest : List Full.Counted.Task) :
  ¬Full.Demand.futureOccurrences id rest ≤ 0 + Full.Demand.futureOccurrences id rest → False
'Full.Demand.transition_old_occurrences._proof_1_22' depends on axioms: [propext, Quot.sound]
Full.Demand.transition_old_occurrences._proof_1_23 {s : Full.Counted.State} {id : Nat} (rest : List Full.Counted.Task)
  (ctx✝ : Full.Counted.Context) (x✝ : String) :
  ¬Full.Demand.futureOccurrences id rest ≤
        (if (Trial.lookupF (List.map (fun p => (p.fst, some p.snd)) ctx✝.env) x✝ == some (some id)) = true then 1
          else 0) +
          Full.Demand.futureOccurrences id rest →
    False
'Full.Demand.transition_old_occurrences._proof_1_23' depends on axioms: [propext, Quot.sound]
Full.Demand.transition_old_occurrences._proof_1_24 {s : Full.Counted.State} {id : Nat} (rest : List Full.Counted.Task)
  (ctx✝ : Full.Counted.Context) (a✝ b✝ : Full.Expr) :
  ¬Full.Demand.occurrences a✝ (List.map (fun p => (p.fst, some p.snd)) ctx✝.env) id +
            Full.Demand.occurrences b✝ (List.map (fun p => (p.fst, some p.snd)) ctx✝.env) id +
          Full.Demand.futureOccurrences id rest ≤
        Full.Demand.occurrences a✝ (List.map (fun p => (p.fst, some p.snd)) ctx✝.env) id +
            Full.Demand.occurrences b✝ (List.map (fun p => (p.fst, some p.snd)) ctx✝.env) id +
          Full.Demand.futureOccurrences id rest →
    False
'Full.Demand.transition_old_occurrences._proof_1_24' depends on axioms: [propext, Quot.sound]
Full.Demand.transition_old_occurrences._proof_1_25 {s : Full.Counted.State} {id : Nat} (rest : List Full.Counted.Task)
  (ctx✝ : Full.Counted.Context) (x✝ : String) (a✝ b✝ : Full.Expr) :
  ¬Full.Demand.occurrences a✝ (List.map (fun p => (p.fst, some p.snd)) ctx✝.env) id +
            Full.Demand.occurrences b✝ ((x✝, none) :: List.map (fun p => (p.fst, some p.snd)) ctx✝.env) id +
          Full.Demand.futureOccurrences id rest ≤
        Full.Demand.occurrences a✝ (List.map (fun p => (p.fst, some p.snd)) ctx✝.env) id +
            Full.Demand.occurrences b✝ ((x✝, none) :: List.map (fun p => (p.fst, some p.snd)) ctx✝.env) id +
          Full.Demand.futureOccurrences id rest →
    False
'Full.Demand.transition_old_occurrences._proof_1_25' depends on axioms: [propext, Quot.sound]
Full.Demand.transition_old_occurrences._proof_1_26 {s : Full.Counted.State} {id : Nat} (rest : List Full.Counted.Task)
  (ctx✝ : Full.Counted.Context) (c✝ t✝ e✝ : Full.Expr) :
  ¬Full.Demand.occurrences c✝ (List.map (fun p => (p.fst, some p.snd)) ctx✝.env) id +
            max (Full.Demand.occurrences t✝ (List.map (fun p => (p.fst, some p.snd)) ctx✝.env) id)
              (Full.Demand.occurrences e✝ (List.map (fun p => (p.fst, some p.snd)) ctx✝.env) id) +
          Full.Demand.futureOccurrences id rest ≤
        Full.Demand.occurrences c✝ (List.map (fun p => (p.fst, some p.snd)) ctx✝.env) id +
            max (Full.Demand.occurrences t✝ (List.map (fun p => (p.fst, some p.snd)) ctx✝.env) id)
              (Full.Demand.occurrences e✝ (List.map (fun p => (p.fst, some p.snd)) ctx✝.env) id) +
          Full.Demand.futureOccurrences id rest →
    False
'Full.Demand.transition_old_occurrences._proof_1_26' depends on axioms: [propext, Quot.sound]
Full.Demand.transition_old_occurrences._proof_1_27 {s : Full.Counted.State} {id : Nat} (rest : List Full.Counted.Task)
  (ctx✝ : Full.Counted.Context) (a✝ n✝ : Full.Expr) (h✝ t✝ : String) (c✝ : Full.Expr) :
  ¬Full.Demand.occurrences a✝ (List.map (fun p => (p.fst, some p.snd)) ctx✝.env) id +
            max (Full.Demand.occurrences n✝ (List.map (fun p => (p.fst, some p.snd)) ctx✝.env) id)
              (Full.Demand.occurrences c✝ ((t✝, none) :: (h✝, none) :: List.map (fun p => (p.fst, some p.snd)) ctx✝.env)
                id) +
          Full.Demand.futureOccurrences id rest ≤
        Full.Demand.occurrences a✝ (List.map (fun p => (p.fst, some p.snd)) ctx✝.env) id +
            max (Full.Demand.occurrences n✝ (List.map (fun p => (p.fst, some p.snd)) ctx✝.env) id)
              (Full.Demand.occurrences c✝ ((t✝, none) :: (h✝, none) :: List.map (fun p => (p.fst, some p.snd)) ctx✝.env)
                id) +
          Full.Demand.futureOccurrences id rest →
    False
'Full.Demand.transition_old_occurrences._proof_1_27' depends on axioms: [propext, Quot.sound]
Full.Demand.transition_old_occurrences._proof_1_28 {s : Full.Counted.State} {id : Nat} (rest : List Full.Counted.Task)
  (ctx✝ : Full.Counted.Context) (args✝ : List Full.Expr) :
  ¬(List.map (fun a => Full.Demand.occurrences a.val (List.map (fun p => (p.fst, some p.snd)) ctx✝.env) id)
              args✝.attach).sum +
          Full.Demand.futureOccurrences id rest ≤
        (List.map (fun a => Full.Demand.occurrences a.val (List.map (fun p => (p.fst, some p.snd)) ctx✝.env) id)
              args✝.attach).sum +
          Full.Demand.futureOccurrences id rest →
    False
'Full.Demand.transition_old_occurrences._proof_1_28' depends on axioms: [propext, Quot.sound]
Full.Demand.transition_old_occurrences._proof_1_29 {s : Full.Counted.State} {id : Nat} (rest : List Full.Counted.Task)
  (name✝ : String) (body✝ : Full.Expr) (ctx✝ : Full.Counted.Context) :
  ¬Full.Demand.occurrences body✝ ((name✝, none) :: List.map (fun p => (p.fst, some p.snd)) ctx✝.env) id +
          Full.Demand.futureOccurrences id rest ≤
        Full.Demand.occurrences body✝ ((name✝, none) :: List.map (fun p => (p.fst, some p.snd)) ctx✝.env) id +
          Full.Demand.futureOccurrences id rest →
    False
'Full.Demand.transition_old_occurrences._proof_1_29' depends on axioms: [propext, Quot.sound]
Full.Demand.transition_old_occurrences._proof_1_30 {s : Full.Counted.State} {id : Nat} (rest : List Full.Counted.Task)
  (yes✝ no✝ : Full.Expr) (ctx✝ : Full.Counted.Context) :
  ¬Full.Demand.occurrences yes✝ (List.map (fun p => (p.fst, some p.snd)) ctx✝.env) id +
          Full.Demand.futureOccurrences id rest ≤
        max (Full.Demand.occurrences yes✝ (List.map (fun p => (p.fst, some p.snd)) ctx✝.env) id)
            (Full.Demand.occurrences no✝ (List.map (fun p => (p.fst, some p.snd)) ctx✝.env) id) +
          Full.Demand.futureOccurrences id rest →
    False
'Full.Demand.transition_old_occurrences._proof_1_30' depends on axioms: [propext, Quot.sound]
Full.Demand.transition_old_occurrences._proof_1_31 {s : Full.Counted.State} {id : Nat} (rest : List Full.Counted.Task)
  (yes✝ no✝ : Full.Expr) (ctx✝ : Full.Counted.Context) :
  ¬Full.Demand.occurrences no✝ (List.map (fun p => (p.fst, some p.snd)) ctx✝.env) id +
          Full.Demand.futureOccurrences id rest ≤
        max (Full.Demand.occurrences yes✝ (List.map (fun p => (p.fst, some p.snd)) ctx✝.env) id)
            (Full.Demand.occurrences no✝ (List.map (fun p => (p.fst, some p.snd)) ctx✝.env) id) +
          Full.Demand.futureOccurrences id rest →
    False
'Full.Demand.transition_old_occurrences._proof_1_31' depends on axioms: [propext, Quot.sound]
Full.Demand.transition_old_occurrences._proof_1_32 {s : Full.Counted.State} {id : Nat} (rest : List Full.Counted.Task)
  (empty✝ : Full.Expr) (head✝ tail✝ : String) (cell✝ : Full.Expr) (ctx✝ : Full.Counted.Context) :
  ¬Full.Demand.occurrences empty✝ (List.map (fun p => (p.fst, some p.snd)) ctx✝.env) id +
          Full.Demand.futureOccurrences id rest ≤
        max (Full.Demand.occurrences empty✝ (List.map (fun p => (p.fst, some p.snd)) ctx✝.env) id)
            (Full.Demand.occurrences cell✝
              ((tail✝, none) :: (head✝, none) :: List.map (fun p => (p.fst, some p.snd)) ctx✝.env) id) +
          Full.Demand.futureOccurrences id rest →
    False
'Full.Demand.transition_old_occurrences._proof_1_32' depends on axioms: [propext, Quot.sound]
Full.Demand.transition_old_occurrences._proof_1_33 {s : Full.Counted.State} {id : Nat} (rest : List Full.Counted.Task)
  (empty✝ : Full.Expr) (head✝ tail✝ : String) (cell✝ : Full.Expr) (ctx✝ : Full.Counted.Context) :
  ¬Full.Demand.occurrences cell✝ ((tail✝, none) :: (head✝, none) :: List.map (fun p => (p.fst, some p.snd)) ctx✝.env)
            id +
          Full.Demand.futureOccurrences id rest ≤
        max (Full.Demand.occurrences empty✝ (List.map (fun p => (p.fst, some p.snd)) ctx✝.env) id)
            (Full.Demand.occurrences cell✝
              ((tail✝, none) :: (head✝, none) :: List.map (fun p => (p.fst, some p.snd)) ctx✝.env) id) +
          Full.Demand.futureOccurrences id rest →
    False
'Full.Demand.transition_old_occurrences._proof_1_33' depends on axioms: [propext, Quot.sound]
Full.Demand.transition_old_occurrences._proof_1_34 {s : Full.Counted.State} {id : Nat} (rest : List Full.Counted.Task)
  (head✝ tail✝ : String) (body✝ : Full.Expr) (ctx✝ : Full.Counted.Context) :
  ¬Full.Demand.occurrences body✝ ((tail✝, none) :: (head✝, none) :: List.map (fun p => (p.fst, some p.snd)) ctx✝.env)
            id +
          Full.Demand.futureOccurrences id rest ≤
        Full.Demand.occurrences body✝
            ((tail✝, none) :: (head✝, none) :: List.map (fun p => (p.fst, some p.snd)) ctx✝.env) id +
          Full.Demand.futureOccurrences id rest →
    False
'Full.Demand.transition_old_occurrences._proof_1_34' depends on axioms: [propext, Quot.sound]
Full.Demand.transition_parameters_new_bound {p : Full.Program} {initial : Trial.Start} {s : Full.Counted.State}
  {c : Full.Counted.Change} {rest : List Full.Counted.Task} {name : String} {arity : Nat} {ctx : Full.Counted.Context}
  {f : Full.Function} {b : Full.Counted.Binding} (hr : Full.Statements.Reachable p initial s)
  (ht : Full.Counted.transition p s = Except.ok c) (hs : s.tasks = Full.Counted.Task.enter name arity ctx :: rest)
  (hf : Full.signature p.functions name = some f)
  (ha : ∀ (param : String × Full.Kind), param ∈ f.params → Full.Demand.affine param.fst param.snd f.body = Except.ok ())
  (hm : b ∈ c.state.bindings) (hnew : s.nextBinding ≤ b.record.id) (hl : b.record.value.kind = Trial.Kind.list) :
  Full.Demand.futureOccurrences b.record.id c.state.tasks ≤ 1
'Full.Demand.transition_parameters_new_bound' depends on axioms: [propext, Classical.choice, Quot.sound]
Full.Demand.transition_parameters_new_bound._proof_1_2 {s : Full.Counted.State} {rest : List Full.Counted.Task}
  {b : Full.Counted.Binding} (hnew : s.nextBinding ≤ b.record.id) (this : b.record.id < s.nextBinding) : False
'Full.Demand.transition_parameters_new_bound._proof_1_2' depends on axioms: [propext, Quot.sound]
Full.Demand.transition_tail_new_bound {p : Full.Program} {initial : Trial.Start} {s : Full.Counted.State}
  {c : Full.Counted.Change} {rest : List Full.Counted.Task} {head tail : String} {body : Full.Expr} {bid : Nat}
  {ctx : Full.Counted.Context} (hr : Full.Statements.Reachable p initial s)
  (ht : Full.Counted.transition p s = Except.ok c)
  (hs : s.tasks = Full.Counted.Task.decompose head tail body bid ctx :: rest)
  (ha : Full.Demand.affine tail Trial.Kind.list body = Except.ok ()) :
  Full.Demand.futureOccurrences (s.nextBinding + 1) c.state.tasks ≤ 1
'Full.Demand.transition_tail_new_bound' depends on axioms: [propext, Classical.choice, Quot.sound]
Full.Demand.transition_tail_new_bound._proof_1_1 {s : Full.Counted.State} {head tail : String} {body : Full.Expr}
  {ctx : Full.Counted.Context} : ¬s.nextBinding ≤ s.nextBinding + 1 → False
'Full.Demand.transition_tail_new_bound._proof_1_1' depends on axioms: [propext, Quot.sound]
Full.Demand.transition_tail_new_bound._proof_1_10 {s : Full.Counted.State} {rest : List Full.Counted.Task}
  {head tail : String} {body : Full.Expr} {ctx : Full.Counted.Context}
  (hrest : Full.Demand.futureOccurrences (s.nextBinding + 1) rest = 0)
  (hbound : Full.Demand.occurrences body [(tail, some 0)] 0 ≤ 1)
  (hb :
    Full.Demand.occurrences body
        ((tail, some (s.nextBinding + 1)) ::
          (head, some s.nextBinding) :: List.map (fun p => (p.fst, some p.snd)) ctx.env)
        (s.nextBinding + 1) ≤
      Full.Demand.occurrences body [(tail, some 0)] 0) :
  ¬0 + (0 + 0) +
          (0 +
              (Full.Demand.occurrences body
                  ((tail, some (s.nextBinding + 1)) ::
                    (head, some s.nextBinding) :: List.map (fun p => (p.fst, some p.snd)) ctx.env)
                  (s.nextBinding + 1) +
                (0 + 0)) +
            Full.Demand.futureOccurrences (s.nextBinding + 1) rest) ≤
        1 →
    False
'Full.Demand.transition_tail_new_bound._proof_1_10' depends on axioms: [propext, Quot.sound]
Full.Demand.transition_tail_new_bound._proof_1_8 {s : Full.Counted.State} {rest : List Full.Counted.Task}
  {head tail : String} {body : Full.Expr} {ctx : Full.Counted.Context}
  (hrest : Full.Demand.futureOccurrences (s.nextBinding + 1) rest = 0)
  (hbound : Full.Demand.occurrences body [(tail, some 0)] 0 ≤ 1)
  (hb :
    Full.Demand.occurrences body
        ((tail, some (s.nextBinding + 1)) ::
          (head, some s.nextBinding) :: List.map (fun p => (p.fst, some p.snd)) ctx.env)
        (s.nextBinding + 1) ≤
      Full.Demand.occurrences body [(tail, some 0)] 0) :
  ¬0 + 0 +
          (0 +
              (Full.Demand.occurrences body
                  ((tail, some (s.nextBinding + 1)) ::
                    (head, some s.nextBinding) :: List.map (fun p => (p.fst, some p.snd)) ctx.env)
                  (s.nextBinding + 1) +
                (0 + 0)) +
            Full.Demand.futureOccurrences (s.nextBinding + 1) rest) ≤
        1 →
    False
'Full.Demand.transition_tail_new_bound._proof_1_8' depends on axioms: [propext, Quot.sound]
Full.Demand.transition_tail_new_bound._proof_1_9 {s : Full.Counted.State} {rest : List Full.Counted.Task}
  {head tail : String} {body : Full.Expr} {ctx : Full.Counted.Context}
  (hrest : Full.Demand.futureOccurrences (s.nextBinding + 1) rest = 0)
  (hbound : Full.Demand.occurrences body [(tail, some 0)] 0 ≤ 1)
  (hb :
    Full.Demand.occurrences body
        ((tail, some (s.nextBinding + 1)) ::
          (head, some s.nextBinding) :: List.map (fun p => (p.fst, some p.snd)) ctx.env)
        (s.nextBinding + 1) ≤
      Full.Demand.occurrences body [(tail, some 0)] 0) :
  ¬0 +
          (0 +
              (Full.Demand.occurrences body
                  ((tail, some (s.nextBinding + 1)) ::
                    (head, some s.nextBinding) :: List.map (fun p => (p.fst, some p.snd)) ctx.env)
                  (s.nextBinding + 1) +
                (0 + 0)) +
            Full.Demand.futureOccurrences (s.nextBinding + 1) rest) ≤
        1 →
    False
'Full.Demand.transition_tail_new_bound._proof_1_9' depends on axioms: [propext, Quot.sound]
Full.Demand.uses_zero (e : Full.Expr) (env : Trial.FEnv) (id : Nat) :
  Full.uses e env id = false ↔ Full.Demand.occurrences e env id = 0
'Full.Demand.uses_zero' depends on axioms: [propext, Classical.choice, Quot.sound]
Full.Demand.uses_zero._simp_1_21 {x y : Bool} : ((x || y) = false) = (x = false ∧ y = false)
'Full.Demand.uses_zero._simp_1_21' depends on axioms: [propext]
Full.Demand.uses_zero._simp_1_22 {a b c : Prop} : ((a ∧ b) ∧ c) = (a ∧ b ∧ c)
'Full.Demand.uses_zero._simp_1_22' depends on axioms: [propext]
Full.Demand.uses_zero._simp_1_23.{u_1} {α : Type u_1} {p : α → Bool} {l : List α} :
  (l.any p = false) = ∀ (x : α), x ∈ l → ¬p x = true
'Full.Demand.uses_zero._simp_1_23' depends on axioms: [propext, Quot.sound]
Full.Demand.uses_zero._simp_1_24.{u_1} {α : Type u_1} (xs : List α) (f : α → Nat) :
  ((List.map f xs).sum = 0) = ∀ (x : α), x ∈ xs → f x = 0
'Full.Demand.uses_zero._simp_1_24' depends on axioms: [propext, Quot.sound]
Full.Demand.uses_zero._unary (_x : (_ : Full.Expr) ×' (_ : Trial.FEnv) ×' Nat) :
  Full.uses _x.1 _x.2.1 _x.2.2 = false ↔ Full.Demand.occurrences _x.1 _x.2.1 _x.2.2 = 0
'Full.Demand.uses_zero._unary' depends on axioms: [propext, Classical.choice, Quot.sound]
Full.Demand.zip_slot_kinds {param : String × Full.Kind} {v : Full.Counted.Slot} (params : List (String × Full.Kind))
  (args : List Full.Counted.Slot) (hk : List.map (fun v => Trial.RawValue.kind v.raw) args = List.map Prod.snd params)
  (hm : (param, v) ∈ params.zip args) : Trial.RawValue.kind v.raw = param.snd
'Full.Demand.zip_slot_kinds' depends on axioms: [propext]
Full.Demand.zip_slot_kinds._simp_1_1.{u_1} {α✝ : Type u_1} {b : α✝} {l : List α✝} {a : α✝} :
  (a ∈ b :: l) = (a = b ∨ a ∈ l)
'Full.Demand.zip_slot_kinds._simp_1_1' depends on axioms: [propext]
EXIT=0
